/*==============================================================*/
/* JEU D'INSERTION POUR LA BDD                                 	*/
/*==============================================================*/
/*==============================================================*/
/* Nom de SGBD :  ORACLE Version 11g                            */
/* Date de création :  26/07/2016 16:37:46                      */
/*==============================================================*/

ALTER SESSION SET NLS_DATE_FORMAT = 'DD/MM/YYYY';

/* https://docs.oracle.com/cd/B14117_01/appdev.101/b10807/13_elems025.htm */
/* 
INSERT INTO bonus SELECT ename, job, sal, comm FROM emp
   WHERE comm > sal * 0.25;
...
INSERT INTO emp (empno, ename, job, sal, comm, deptno)
   VALUES (4160, 'STURDEVIN', 'SECURITY GUARD', 2045, NULL, 30);
...
INSERT INTO dept
   VALUES (my_deptno, UPPER(my_dname), 'CHICAGO');
*/
-----------------------------------------------------------------BEGIN
/* COLLABORATEURS */
/*
--DELETE FROM COLLABORATEURS WHERE COL_MATRICULE > 0;
ALTER SESSION SET NLS_DATE_FORMAT = 'DD/MM/YYYY'; --AJOUT DATE NAISSANCE
INSERT INTO COLLABORATEURS (COL_MATRICULE,COL_SEXE,COL_ETATCIVIL,COL_NOM,COL_PRENOM,COL_DATENAISSANCE,COL_ADRESSE1,COL_ADRESSE2,COL_VILLE,COL_CP,COL_TELEPHONE,COL_STATUT,COL_ANCIENNETE,COL_CENTRESINTERETS)
  VALUES (1601,'F','MME','Poulain','Amélie','30/12/1980','56 rue des Trois Frères',' ','Paris','75005','0972461483','MARIEE','15','Se meler de la vie des autres');
INSERT INTO COLLABORATEURS (COL_MATRICULE,COL_COL_MATRICULE,COL_SEXE,COL_ETATCIVIL,COL_NOM,COL_PRENOM,COL_DATENAISSANCE,COL_ADRESSE1,COL_ADRESSE2,COL_VILLE,COL_CP,COL_TELEPHONE,COL_STATUT,COL_ANCIENNETE,COL_CENTRESINTERETS) 
  VALUES (1602,1602,'M','MR','Kiok','Michael','30/12/1980','69 rue de la pignolle',' ','Berlin','12627','49123456789','c' || '''' || 'est complixe !','52','Aime prendre des chevaux et sa chienne Cessy');
	UPDATE COLLABORATEURS SET COL_STATUT = 'C'|| '''' ||'est compliqué' WHERE COL_MATRICULE = 1602;
	UPDATE COLLABORATEURS SET COL_COL_MATRICULE = 1601 WHERE COL_MATRICULE = 1602;
INSERT INTO COLLABORATEURS (COL_MATRICULE,COL_SEXE,COL_ETATCIVIL,COL_NOM,COL_PRENOM,COL_DATENAISSANCE,COL_ADRESSE1,COL_ADRESSE2,COL_VILLE,COL_CP,COL_TELEPHONE,COL_STATUT,COL_ANCIENNETE,COL_CENTRESINTERETS)
  VALUES (1603,'F','MME','Croft','Lara','30/12/1980','Manoir Croft','Restricted Area','Etat-Unis','INCONNU','INCONNU','CELIB','20','Augmenter son tour de poitrine');
INSERT INTO COLLABORATEURS (COL_MATRICULE,COL_COL_MATRICULE,COL_SEXE,COL_ETATCIVIL,COL_NOM,COL_PRENOM,COL_DATENAISSANCE,COL_ADRESSE1,COL_ADRESSE2,COL_VILLE,COL_CP,COL_TELEPHONE,COL_STATUT,COL_ANCIENNETE,COL_CENTRESINTERETS)
  VALUES (1604,1602,'M','MR','Castor','Père','30/12/1980','Dans un arbre','Dans son canapé','Foret','54000','Par pigeon','VEUF','87','Raconter des histoires');
SELECT * FROM CDI10.COLLABORATEURS ORDER BY COL_MATRICULE;
*/
INSERT INTO COLLABORATEURS (COL_MATRICULE,COL_SEXE,COL_ETATCIVIL,COL_NOM,COL_PRENOM,COL_DATENAISSANCE,COL_ADRESSE1,COL_ADRESSE2,COL_VILLE,COL_CP,COL_TELEPHONE,COL_STATUT,COL_ANCIENNETE,COL_CENTRESINTERETS) VALUES (1600,'M ','MR ','Kirk','Colt','04/05/1975','159-5711 Vel Route','82','Oliver','45904','(777) 595-8825','ACTIF ',11,'Lorem ipsum dolor sit amet, consectetuer');
INSERT INTO COLLABORATEURS (COL_MATRICULE,COL_SEXE,COL_ETATCIVIL,COL_NOM,COL_PRENOM,COL_DATENAISSANCE,COL_ADRESSE1,COL_ADRESSE2,COL_VILLE,COL_CP,COL_TELEPHONE,COL_STATUT,COL_ANCIENNETE,COL_CENTRESINTERETS) VALUES (1601,'M ','MR ','Clarke','Regina','16/04/1989','5943 Mi Route','15','Denver','462515','(793) 818-5309','ACTIF ',39,'Lorem ipsum dolor sit');
INSERT INTO COLLABORATEURS (COL_MATRICULE,COL_SEXE,COL_ETATCIVIL,COL_NOM,COL_PRENOM,COL_DATENAISSANCE,COL_ADRESSE1,COL_ADRESSE2,COL_VILLE,COL_CP,COL_TELEPHONE,COL_STATUT,COL_ANCIENNETE,COL_CENTRESINTERETS) VALUES (1602,'M ','MR ','Manning','Justin','25/10/1972','6950 Augue Rd.','91','Bavikhove','37144-190','(730) 703-0669','ACTIF ',32,'Lorem ipsum');
INSERT INTO COLLABORATEURS (COL_MATRICULE,COL_SEXE,COL_ETATCIVIL,COL_NOM,COL_PRENOM,COL_DATENAISSANCE,COL_ADRESSE1,COL_ADRESSE2,COL_VILLE,COL_CP,COL_TELEPHONE,COL_STATUT,COL_ANCIENNETE,COL_CENTRESINTERETS) VALUES (1603,'M ','MR ','Obrien','Macon','05/12/1971','348-120 Rhoncus. Avenue','80','Quimper','V2Z 3X9','(469) 694-5056','ACTIF ',7,'Lorem ipsum dolor sit amet, consectetuer adipiscing elit. Curabitur sed');
INSERT INTO COLLABORATEURS (COL_MATRICULE,COL_SEXE,COL_ETATCIVIL,COL_NOM,COL_PRENOM,COL_DATENAISSANCE,COL_ADRESSE1,COL_ADRESSE2,COL_VILLE,COL_CP,COL_TELEPHONE,COL_STATUT,COL_ANCIENNETE,COL_CENTRESINTERETS) VALUES (1604,'M ','MR ','Dalton','Moses','19/11/1982','4499 Lacinia. Rd.','28','Otukpo','E8M 0Y0','(110) 182-8644','ACTIF ',44,'Lorem');
INSERT INTO COLLABORATEURS (COL_MATRICULE,COL_SEXE,COL_ETATCIVIL,COL_NOM,COL_PRENOM,COL_DATENAISSANCE,COL_ADRESSE1,COL_ADRESSE2,COL_VILLE,COL_CP,COL_TELEPHONE,COL_STATUT,COL_ANCIENNETE,COL_CENTRESINTERETS) VALUES (1605,'M ','MR ','Lane','Jillian','29/04/1988','3044 Lacus. Avenue','92','Bedford','68886','(580) 158-8205','ACTIF ',35,'Lorem ipsum dolor sit amet, consectetuer adipiscing elit. Curabitur');
INSERT INTO COLLABORATEURS (COL_MATRICULE,COL_SEXE,COL_ETATCIVIL,COL_NOM,COL_PRENOM,COL_DATENAISSANCE,COL_ADRESSE1,COL_ADRESSE2,COL_VILLE,COL_CP,COL_TELEPHONE,COL_STATUT,COL_ANCIENNETE,COL_CENTRESINTERETS) VALUES (1606,'M ','MR ','Matthews','Orson','08/03/1973','442-6073 Dignissim Route','97','Zolder','22963','(531) 452-7159','ACTIF ',15,'Lorem ipsum dolor sit amet,');
INSERT INTO COLLABORATEURS (COL_MATRICULE,COL_SEXE,COL_ETATCIVIL,COL_NOM,COL_PRENOM,COL_DATENAISSANCE,COL_ADRESSE1,COL_ADRESSE2,COL_VILLE,COL_CP,COL_TELEPHONE,COL_STATUT,COL_ANCIENNETE,COL_CENTRESINTERETS) VALUES (1607,'M ','MR ','Mcpherson','Zoe','12/01/1986','1435 Mattis Chemin','57','Ercolano','693044','(700) 220-1316','ACTIF ',49,'Lorem ipsum dolor sit amet, consectetuer adipiscing elit. Curabitur sed');
INSERT INTO COLLABORATEURS (COL_MATRICULE,COL_SEXE,COL_ETATCIVIL,COL_NOM,COL_PRENOM,COL_DATENAISSANCE,COL_ADRESSE1,COL_ADRESSE2,COL_VILLE,COL_CP,COL_TELEPHONE,COL_STATUT,COL_ANCIENNETE,COL_CENTRESINTERETS) VALUES (1608,'M ','MR ','Conner','Macaulay','11/10/1979','CP 496, 9044 Adipiscing Rd.','81','Tuticorin','560795','(890) 976-2936','ACTIF ',44,'Lorem ipsum dolor sit amet, consectetuer adipiscing elit. Curabitur sed');
INSERT INTO COLLABORATEURS (COL_MATRICULE,COL_SEXE,COL_ETATCIVIL,COL_NOM,COL_PRENOM,COL_DATENAISSANCE,COL_ADRESSE1,COL_ADRESSE2,COL_VILLE,COL_CP,COL_TELEPHONE,COL_STATUT,COL_ANCIENNETE,COL_CENTRESINTERETS) VALUES (1609,'M ','MR ','Franco','Aline','05/10/1976','660-7921 Eu Av.','16','Saalfelden am Steinernen Meer','80319','(939) 584-9346','ACTIF ',49,'Lorem');
INSERT INTO COLLABORATEURS (COL_MATRICULE,COL_SEXE,COL_ETATCIVIL,COL_NOM,COL_PRENOM,COL_DATENAISSANCE,COL_ADRESSE1,COL_ADRESSE2,COL_VILLE,COL_CP,COL_TELEPHONE,COL_STATUT,COL_ANCIENNETE,COL_CENTRESINTERETS) VALUES (1610,'M ','MR ','Norton','Xena','28/08/1984','CP 848, 3306 Fusce Route','44','Etobicoke','216665','(443) 657-2732','ACTIF ',6,'Lorem ipsum dolor sit amet, consectetuer adipiscing elit. Curabitur');
INSERT INTO COLLABORATEURS (COL_MATRICULE,COL_SEXE,COL_ETATCIVIL,COL_NOM,COL_PRENOM,COL_DATENAISSANCE,COL_ADRESSE1,COL_ADRESSE2,COL_VILLE,COL_CP,COL_TELEPHONE,COL_STATUT,COL_ANCIENNETE,COL_CENTRESINTERETS) VALUES (1611,'M ','MR ','Gibson','Emmanuel','24/03/1971','Appartement 508-9853 Diam Rd.','63','Chambave','78633','(818) 415-5418','ACTIF ',11,'Lorem ipsum dolor sit amet,');
INSERT INTO COLLABORATEURS (COL_MATRICULE,COL_SEXE,COL_ETATCIVIL,COL_NOM,COL_PRENOM,COL_DATENAISSANCE,COL_ADRESSE1,COL_ADRESSE2,COL_VILLE,COL_CP,COL_TELEPHONE,COL_STATUT,COL_ANCIENNETE,COL_CENTRESINTERETS) VALUES (1612,'M ','MR ','Barr','Julian','02/09/1981','Appartement 957-8482 Vitae, Rue','15','Llanidloes','A3E 5B7','(403) 469-0754','ACTIF ',22,'Lorem ipsum dolor sit amet, consectetuer adipiscing elit.');
INSERT INTO COLLABORATEURS (COL_MATRICULE,COL_SEXE,COL_ETATCIVIL,COL_NOM,COL_PRENOM,COL_DATENAISSANCE,COL_ADRESSE1,COL_ADRESSE2,COL_VILLE,COL_CP,COL_TELEPHONE,COL_STATUT,COL_ANCIENNETE,COL_CENTRESINTERETS) VALUES (1613,'M ','MR ','Arnold','Griffith','22/09/1983','865-9355 Tempus, Impasse','41','Hornsea','09964-544','(774) 869-7838','ACTIF ',48,'Lorem ipsum dolor sit amet,');
INSERT INTO COLLABORATEURS (COL_MATRICULE,COL_SEXE,COL_ETATCIVIL,COL_NOM,COL_PRENOM,COL_DATENAISSANCE,COL_ADRESSE1,COL_ADRESSE2,COL_VILLE,COL_CP,COL_TELEPHONE,COL_STATUT,COL_ANCIENNETE,COL_CENTRESINTERETS) VALUES (1614,'M ','MR ','Carter','Hiram','09/01/1983','3513 Aliquam Av.','50','Lakeshore','5515CQ','(415) 132-2533','ACTIF ',16,'Lorem ipsum dolor sit amet, consectetuer adipiscing');
INSERT INTO COLLABORATEURS (COL_MATRICULE,COL_SEXE,COL_ETATCIVIL,COL_NOM,COL_PRENOM,COL_DATENAISSANCE,COL_ADRESSE1,COL_ADRESSE2,COL_VILLE,COL_CP,COL_TELEPHONE,COL_STATUT,COL_ANCIENNETE,COL_CENTRESINTERETS) VALUES (1615,'M ','MR ','Holt','Colton','30/03/1979','576-3361 Scelerisque Rue','72','Zeebrugge','80516','(633) 314-1122','ACTIF ',19,'Lorem ipsum dolor sit amet, consectetuer');
INSERT INTO COLLABORATEURS (COL_MATRICULE,COL_SEXE,COL_ETATCIVIL,COL_NOM,COL_PRENOM,COL_DATENAISSANCE,COL_ADRESSE1,COL_ADRESSE2,COL_VILLE,COL_CP,COL_TELEPHONE,COL_STATUT,COL_ANCIENNETE,COL_CENTRESINTERETS) VALUES (1616,'M ','MR ','Higgins','Richard','05/03/1975','CP 291, 6736 Arcu Av.','39','Kendal','FR6 5YK','(824) 363-1503','ACTIF ',14,'Lorem ipsum dolor sit amet, consectetuer adipiscing elit. Curabitur sed');
INSERT INTO COLLABORATEURS (COL_MATRICULE,COL_SEXE,COL_ETATCIVIL,COL_NOM,COL_PRENOM,COL_DATENAISSANCE,COL_ADRESSE1,COL_ADRESSE2,COL_VILLE,COL_CP,COL_TELEPHONE,COL_STATUT,COL_ANCIENNETE,COL_CENTRESINTERETS) VALUES (1617,'M ','MR ','Pugh','Janna','28/12/1978','CP 326, 216 Adipiscing Chemin','62','Taber','6110','(372) 584-0147','ACTIF ',23,'Lorem ipsum dolor sit amet, consectetuer adipiscing elit. Curabitur sed');
INSERT INTO COLLABORATEURS (COL_MATRICULE,COL_SEXE,COL_ETATCIVIL,COL_NOM,COL_PRENOM,COL_DATENAISSANCE,COL_ADRESSE1,COL_ADRESSE2,COL_VILLE,COL_CP,COL_TELEPHONE,COL_STATUT,COL_ANCIENNETE,COL_CENTRESINTERETS) VALUES (1618,'M ','MR ','Williams','Reese','29/01/1988','490-6673 Pede. Chemin','57','Norcia','80181-312','(771) 823-6763','ACTIF ',16,'Lorem ipsum dolor sit');
INSERT INTO COLLABORATEURS (COL_MATRICULE,COL_SEXE,COL_ETATCIVIL,COL_NOM,COL_PRENOM,COL_DATENAISSANCE,COL_ADRESSE1,COL_ADRESSE2,COL_VILLE,COL_CP,COL_TELEPHONE,COL_STATUT,COL_ANCIENNETE,COL_CENTRESINTERETS) VALUES (1619,'M ','MR ','Hill','Germane','30/11/1984','585-8166 Ut Impasse','48','Moen','41454','(898) 978-6990','ACTIF ',50,'Lorem ipsum dolor');
INSERT INTO COLLABORATEURS (COL_MATRICULE,COL_SEXE,COL_ETATCIVIL,COL_NOM,COL_PRENOM,COL_DATENAISSANCE,COL_ADRESSE1,COL_ADRESSE2,COL_VILLE,COL_CP,COL_TELEPHONE,COL_STATUT,COL_ANCIENNETE,COL_CENTRESINTERETS) VALUES (1620,'M ','MR ','Mccoy','Lyle','15/05/1990','Appartement 224-1534 Id Rd.','75','Luton','52020','(950) 454-8637','ACTIF ',25,'Lorem ipsum dolor sit amet, consectetuer adipiscing elit. Curabitur sed');
INSERT INTO COLLABORATEURS (COL_MATRICULE,COL_SEXE,COL_ETATCIVIL,COL_NOM,COL_PRENOM,COL_DATENAISSANCE,COL_ADRESSE1,COL_ADRESSE2,COL_VILLE,COL_CP,COL_TELEPHONE,COL_STATUT,COL_ANCIENNETE,COL_CENTRESINTERETS) VALUES (1621,'M ','MR ','Cole','Beatrice','31/08/1982','CP 465, 2745 Nunc. Chemin','15','Regina','99319','(700) 651-6791','ACTIF ',6,'Lorem ipsum dolor sit amet, consectetuer adipiscing elit. Curabitur sed');
INSERT INTO COLLABORATEURS (COL_MATRICULE,COL_SEXE,COL_ETATCIVIL,COL_NOM,COL_PRENOM,COL_DATENAISSANCE,COL_ADRESSE1,COL_ADRESSE2,COL_VILLE,COL_CP,COL_TELEPHONE,COL_STATUT,COL_ANCIENNETE,COL_CENTRESINTERETS) VALUES (1622,'M ','MR ','Greer','Jonah','26/03/1973','4356 Rutrum Chemin','18','Armadale','36204','(787) 800-4562','ACTIF ',40,'Lorem ipsum');
INSERT INTO COLLABORATEURS (COL_MATRICULE,COL_SEXE,COL_ETATCIVIL,COL_NOM,COL_PRENOM,COL_DATENAISSANCE,COL_ADRESSE1,COL_ADRESSE2,COL_VILLE,COL_CP,COL_TELEPHONE,COL_STATUT,COL_ANCIENNETE,COL_CENTRESINTERETS) VALUES (1623,'M ','MR ','Nielsen','Rafael','12/10/1970','CP 172, 2545 Mi. Rd.','63','Thorn','2161','(637) 102-0599','ACTIF ',3,'Lorem ipsum dolor sit amet, consectetuer adipiscing elit.');
INSERT INTO COLLABORATEURS (COL_MATRICULE,COL_SEXE,COL_ETATCIVIL,COL_NOM,COL_PRENOM,COL_DATENAISSANCE,COL_ADRESSE1,COL_ADRESSE2,COL_VILLE,COL_CP,COL_TELEPHONE,COL_STATUT,COL_ANCIENNETE,COL_CENTRESINTERETS) VALUES (1624,'M ','MR ','Christian','Damon','10/05/1973','CP 305, 8300 Consequat, Rd.','75','Kearny','729141','(821) 286-0578','ACTIF ',29,'Lorem ipsum dolor sit amet,');
INSERT INTO COLLABORATEURS (COL_MATRICULE,COL_SEXE,COL_ETATCIVIL,COL_NOM,COL_PRENOM,COL_DATENAISSANCE,COL_ADRESSE1,COL_ADRESSE2,COL_VILLE,COL_CP,COL_TELEPHONE,COL_STATUT,COL_ANCIENNETE,COL_CENTRESINTERETS) VALUES (1625,'M ','MR ','Figueroa','Nyssa','12/12/1977','9663 Turpis. Impasse','30','Logroño','4543XQ','(112) 810-2392','ACTIF ',21,'Lorem ipsum dolor sit');
INSERT INTO COLLABORATEURS (COL_MATRICULE,COL_SEXE,COL_ETATCIVIL,COL_NOM,COL_PRENOM,COL_DATENAISSANCE,COL_ADRESSE1,COL_ADRESSE2,COL_VILLE,COL_CP,COL_TELEPHONE,COL_STATUT,COL_ANCIENNETE,COL_CENTRESINTERETS) VALUES (1626,'M ','MR ','Briggs','Tatyana','07/08/1977','Appartement 551-9516 Velit Ave','93','Murdochville','194321','(150) 306-7137','ACTIF ',49,'Lorem ipsum dolor sit amet, consectetuer');
INSERT INTO COLLABORATEURS (COL_MATRICULE,COL_SEXE,COL_ETATCIVIL,COL_NOM,COL_PRENOM,COL_DATENAISSANCE,COL_ADRESSE1,COL_ADRESSE2,COL_VILLE,COL_CP,COL_TELEPHONE,COL_STATUT,COL_ANCIENNETE,COL_CENTRESINTERETS) VALUES (1627,'M ','MR ','Hebert','Elaine','01/05/1973','CP 798, 5029 Nisl Route','95','Savona','00268','(890) 392-2059','ACTIF ',17,'Lorem ipsum dolor sit amet, consectetuer');
INSERT INTO COLLABORATEURS (COL_MATRICULE,COL_SEXE,COL_ETATCIVIL,COL_NOM,COL_PRENOM,COL_DATENAISSANCE,COL_ADRESSE1,COL_ADRESSE2,COL_VILLE,COL_CP,COL_TELEPHONE,COL_STATUT,COL_ANCIENNETE,COL_CENTRESINTERETS) VALUES (1628,'M ','MR ','Buck','Amela','10/07/1981','Appartement 242-1458 Tortor. Av.','92','Hyderabad','DU2 1VI','(333) 825-1221','ACTIF ',32,'Lorem ipsum dolor sit amet,');
INSERT INTO COLLABORATEURS (COL_MATRICULE,COL_SEXE,COL_ETATCIVIL,COL_NOM,COL_PRENOM,COL_DATENAISSANCE,COL_ADRESSE1,COL_ADRESSE2,COL_VILLE,COL_CP,COL_TELEPHONE,COL_STATUT,COL_ANCIENNETE,COL_CENTRESINTERETS) VALUES (1629,'M ','MR ','Osborne','Garrison','19/01/1974','8214 Velit Ave','22','Annapolis Royal','97-656','(551) 395-0696','ACTIF ',50,'Lorem ipsum dolor');
INSERT INTO COLLABORATEURS (COL_MATRICULE,COL_SEXE,COL_ETATCIVIL,COL_NOM,COL_PRENOM,COL_DATENAISSANCE,COL_ADRESSE1,COL_ADRESSE2,COL_VILLE,COL_CP,COL_TELEPHONE,COL_STATUT,COL_ANCIENNETE,COL_CENTRESINTERETS) VALUES (1630,'M ','MR ','Mooney','Jakeem','04/05/1990','261-8425 Et, Rue','73','Genk','12654','(345) 121-1602','ACTIF ',16,'Lorem');
INSERT INTO COLLABORATEURS (COL_MATRICULE,COL_SEXE,COL_ETATCIVIL,COL_NOM,COL_PRENOM,COL_DATENAISSANCE,COL_ADRESSE1,COL_ADRESSE2,COL_VILLE,COL_CP,COL_TELEPHONE,COL_STATUT,COL_ANCIENNETE,COL_CENTRESINTERETS) VALUES (1631,'M ','MR ','Cortez','Amir','30/07/1975','106-5887 Aliquam Avenue','44','Budaun','Q4 7ZO','(239) 995-0886','ACTIF ',18,'Lorem ipsum dolor sit amet, consectetuer adipiscing elit. Curabitur sed');
INSERT INTO COLLABORATEURS (COL_MATRICULE,COL_SEXE,COL_ETATCIVIL,COL_NOM,COL_PRENOM,COL_DATENAISSANCE,COL_ADRESSE1,COL_ADRESSE2,COL_VILLE,COL_CP,COL_TELEPHONE,COL_STATUT,COL_ANCIENNETE,COL_CENTRESINTERETS) VALUES (1632,'M ','MR ','Sheppard','Danielle','22/11/1982','CP 111, 6626 Ullamcorper, Rd.','05','Independencia','5222','(396) 348-8857','ACTIF ',23,'Lorem ipsum dolor sit amet, consectetuer');
INSERT INTO COLLABORATEURS (COL_MATRICULE,COL_SEXE,COL_ETATCIVIL,COL_NOM,COL_PRENOM,COL_DATENAISSANCE,COL_ADRESSE1,COL_ADRESSE2,COL_VILLE,COL_CP,COL_TELEPHONE,COL_STATUT,COL_ANCIENNETE,COL_CENTRESINTERETS) VALUES (1633,'M ','MR ','Carroll','Kiona','19/09/1981','CP 795, 6492 Magna. Avenue','28','Kingussie','37161','(421) 850-7195','ACTIF ',34,'Lorem ipsum dolor sit amet, consectetuer adipiscing elit.');
INSERT INTO COLLABORATEURS (COL_MATRICULE,COL_SEXE,COL_ETATCIVIL,COL_NOM,COL_PRENOM,COL_DATENAISSANCE,COL_ADRESSE1,COL_ADRESSE2,COL_VILLE,COL_CP,COL_TELEPHONE,COL_STATUT,COL_ANCIENNETE,COL_CENTRESINTERETS) VALUES (1634,'M ','MR ','Ayala','Eaton','15/02/1990','9681 Ridiculus Rd.','99','Picture Butte','29-665','(937) 110-9936','ACTIF ',25,'Lorem ipsum');
INSERT INTO COLLABORATEURS (COL_MATRICULE,COL_SEXE,COL_ETATCIVIL,COL_NOM,COL_PRENOM,COL_DATENAISSANCE,COL_ADRESSE1,COL_ADRESSE2,COL_VILLE,COL_CP,COL_TELEPHONE,COL_STATUT,COL_ANCIENNETE,COL_CENTRESINTERETS) VALUES (1635,'M ','MR ','Miranda','Hanae','12/01/1986','Appartement 223-4278 Molestie Impasse','72','Sotteville-lès-Rouen','7473','(929) 705-1735','ACTIF ',21,'Lorem ipsum dolor sit amet,');
INSERT INTO COLLABORATEURS (COL_MATRICULE,COL_SEXE,COL_ETATCIVIL,COL_NOM,COL_PRENOM,COL_DATENAISSANCE,COL_ADRESSE1,COL_ADRESSE2,COL_VILLE,COL_CP,COL_TELEPHONE,COL_STATUT,COL_ANCIENNETE,COL_CENTRESINTERETS) VALUES (1636,'M ','MR ','Mcfadden','Ifeoma','23/10/1978','199-9452 Parturient Chemin','96','Court-Saint-Etienne','40855','(900) 896-0852','ACTIF ',27,'Lorem ipsum dolor sit amet, consectetuer');
INSERT INTO COLLABORATEURS (COL_MATRICULE,COL_SEXE,COL_ETATCIVIL,COL_NOM,COL_PRENOM,COL_DATENAISSANCE,COL_ADRESSE1,COL_ADRESSE2,COL_VILLE,COL_CP,COL_TELEPHONE,COL_STATUT,COL_ANCIENNETE,COL_CENTRESINTERETS) VALUES (1637,'M ','MR ','Nieves','Travis','01/02/1984','2135 Proin Rue','46','Houston','29607','(662) 509-3215','ACTIF ',9,'Lorem ipsum dolor sit amet, consectetuer');
INSERT INTO COLLABORATEURS (COL_MATRICULE,COL_SEXE,COL_ETATCIVIL,COL_NOM,COL_PRENOM,COL_DATENAISSANCE,COL_ADRESSE1,COL_ADRESSE2,COL_VILLE,COL_CP,COL_TELEPHONE,COL_STATUT,COL_ANCIENNETE,COL_CENTRESINTERETS) VALUES (1638,'M ','MR ','Hebert','Lewis','10/04/1972','Appartement 891-9316 Amet, Route','94','Felixstowe','9911','(150) 115-1762','ACTIF ',11,'Lorem ipsum dolor sit amet,');
INSERT INTO COLLABORATEURS (COL_MATRICULE,COL_SEXE,COL_ETATCIVIL,COL_NOM,COL_PRENOM,COL_DATENAISSANCE,COL_ADRESSE1,COL_ADRESSE2,COL_VILLE,COL_CP,COL_TELEPHONE,COL_STATUT,COL_ANCIENNETE,COL_CENTRESINTERETS) VALUES (1639,'M ','MR ','Carney','Cathleen','13/06/1981','128-6576 Mauris Avenue','78','Rengo','S1S 4Y9','(791) 747-8812','ACTIF ',10,'Lorem ipsum dolor sit');
INSERT INTO COLLABORATEURS (COL_MATRICULE,COL_SEXE,COL_ETATCIVIL,COL_NOM,COL_PRENOM,COL_DATENAISSANCE,COL_ADRESSE1,COL_ADRESSE2,COL_VILLE,COL_CP,COL_TELEPHONE,COL_STATUT,COL_ANCIENNETE,COL_CENTRESINTERETS) VALUES (1640,'M ','MR ','Padilla','Rajah','02/08/1970','Appartement 465-1050 Posuere, Chemin','03','Vejalpur','942643','(243) 929-9411','ACTIF ',25,'Lorem ipsum dolor sit amet, consectetuer adipiscing elit. Curabitur sed');
INSERT INTO COLLABORATEURS (COL_MATRICULE,COL_SEXE,COL_ETATCIVIL,COL_NOM,COL_PRENOM,COL_DATENAISSANCE,COL_ADRESSE1,COL_ADRESSE2,COL_VILLE,COL_CP,COL_TELEPHONE,COL_STATUT,COL_ANCIENNETE,COL_CENTRESINTERETS) VALUES (1641,'M ','MR ','Bender','Jescie','05/08/1978','9995 Amet, Ave','64','Llangefni','9561','(547) 951-9412','ACTIF ',10,'Lorem ipsum dolor sit amet, consectetuer adipiscing elit.');
INSERT INTO COLLABORATEURS (COL_MATRICULE,COL_SEXE,COL_ETATCIVIL,COL_NOM,COL_PRENOM,COL_DATENAISSANCE,COL_ADRESSE1,COL_ADRESSE2,COL_VILLE,COL_CP,COL_TELEPHONE,COL_STATUT,COL_ANCIENNETE,COL_CENTRESINTERETS) VALUES (1642,'M ','MR ','Rodriquez','Samuel','18/11/1978','953-3949 Habitant Route','31','Peumo','ZR8V 8LD','(924) 345-5936','ACTIF ',8,'Lorem ipsum dolor sit amet, consectetuer adipiscing elit. Curabitur');
INSERT INTO COLLABORATEURS (COL_MATRICULE,COL_SEXE,COL_ETATCIVIL,COL_NOM,COL_PRENOM,COL_DATENAISSANCE,COL_ADRESSE1,COL_ADRESSE2,COL_VILLE,COL_CP,COL_TELEPHONE,COL_STATUT,COL_ANCIENNETE,COL_CENTRESINTERETS) VALUES (1643,'M ','MR ','Oneil','David','15/08/1985','264-807 Cursus Rue','53','Bertiolo','BP7R 3AP','(198) 195-8491','ACTIF ',17,'Lorem ipsum');
INSERT INTO COLLABORATEURS (COL_MATRICULE,COL_SEXE,COL_ETATCIVIL,COL_NOM,COL_PRENOM,COL_DATENAISSANCE,COL_ADRESSE1,COL_ADRESSE2,COL_VILLE,COL_CP,COL_TELEPHONE,COL_STATUT,COL_ANCIENNETE,COL_CENTRESINTERETS) VALUES (1644,'M ','MR ','Welch','Nasim','16/10/1970','639-6906 Commodo Avenue','69','Las Vegas','23821','(714) 971-4198','ACTIF ',29,'Lorem ipsum dolor sit amet, consectetuer adipiscing elit. Curabitur');
INSERT INTO COLLABORATEURS (COL_MATRICULE,COL_SEXE,COL_ETATCIVIL,COL_NOM,COL_PRENOM,COL_DATENAISSANCE,COL_ADRESSE1,COL_ADRESSE2,COL_VILLE,COL_CP,COL_TELEPHONE,COL_STATUT,COL_ANCIENNETE,COL_CENTRESINTERETS) VALUES (1645,'M ','MR ','Holland','Quynn','29/01/1987','955-8545 Lobortis, Rue','42','Coaldale','21309','(195) 218-4476','ACTIF ',19,'Lorem');
INSERT INTO COLLABORATEURS (COL_MATRICULE,COL_SEXE,COL_ETATCIVIL,COL_NOM,COL_PRENOM,COL_DATENAISSANCE,COL_ADRESSE1,COL_ADRESSE2,COL_VILLE,COL_CP,COL_TELEPHONE,COL_STATUT,COL_ANCIENNETE,COL_CENTRESINTERETS) VALUES (1646,'M ','MR ','Gross','Norman','30/01/1975','8686 Pede, Chemin','29','Merrickville-Wolford','99392','(276) 260-8732','ACTIF ',48,'Lorem ipsum dolor sit amet, consectetuer adipiscing elit. Curabitur sed');
INSERT INTO COLLABORATEURS (COL_MATRICULE,COL_SEXE,COL_ETATCIVIL,COL_NOM,COL_PRENOM,COL_DATENAISSANCE,COL_ADRESSE1,COL_ADRESSE2,COL_VILLE,COL_CP,COL_TELEPHONE,COL_STATUT,COL_ANCIENNETE,COL_CENTRESINTERETS) VALUES (1647,'M ','MR ','Barrett','Lysandra','02/11/1978','5596 Facilisis Avenue','57','Asnières-sur-Seine','62704','(996) 974-1709','ACTIF ',5,'Lorem ipsum dolor sit amet, consectetuer');
INSERT INTO COLLABORATEURS (COL_MATRICULE,COL_SEXE,COL_ETATCIVIL,COL_NOM,COL_PRENOM,COL_DATENAISSANCE,COL_ADRESSE1,COL_ADRESSE2,COL_VILLE,COL_CP,COL_TELEPHONE,COL_STATUT,COL_ANCIENNETE,COL_CENTRESINTERETS) VALUES (1648,'M ','MR ','Rollins','Mark','30/07/1988','Appartement 714-5274 Amet Impasse','82','Swadlincote','00570-425','(377) 186-9850','ACTIF ',40,'Lorem ipsum dolor sit amet, consectetuer adipiscing elit.');
INSERT INTO COLLABORATEURS (COL_MATRICULE,COL_SEXE,COL_ETATCIVIL,COL_NOM,COL_PRENOM,COL_DATENAISSANCE,COL_ADRESSE1,COL_ADRESSE2,COL_VILLE,COL_CP,COL_TELEPHONE,COL_STATUT,COL_ANCIENNETE,COL_CENTRESINTERETS) VALUES (1649,'M ','MR ','Buckley','McKenzie','11/10/1970','4778 Scelerisque Ave','27','Ulloa (Barrial)','88629','(470) 396-4585','ACTIF ',5,'Lorem ipsum dolor sit amet, consectetuer');
INSERT INTO COLLABORATEURS (COL_MATRICULE,COL_SEXE,COL_ETATCIVIL,COL_NOM,COL_PRENOM,COL_DATENAISSANCE,COL_ADRESSE1,COL_ADRESSE2,COL_VILLE,COL_CP,COL_TELEPHONE,COL_STATUT,COL_ANCIENNETE,COL_CENTRESINTERETS) VALUES (1650,'M ','MR ','Hines','Norman','30/12/1986','CP 903, 878 Egestas. Chemin','27','Avesta','478720','(448) 235-7624','ACTIF ',19,'Lorem ipsum dolor sit amet, consectetuer adipiscing');
INSERT INTO COLLABORATEURS (COL_MATRICULE,COL_SEXE,COL_ETATCIVIL,COL_NOM,COL_PRENOM,COL_DATENAISSANCE,COL_ADRESSE1,COL_ADRESSE2,COL_VILLE,COL_CP,COL_TELEPHONE,COL_STATUT,COL_ANCIENNETE,COL_CENTRESINTERETS) VALUES (1651,'M ','MR ','Richards','Montana','23/08/1984','Appartement 961-6173 Nec Rd.','89','Lincoln','FZ5 2OW','(815) 487-6753','ACTIF ',1,'Lorem ipsum dolor sit amet, consectetuer adipiscing');
INSERT INTO COLLABORATEURS (COL_MATRICULE,COL_SEXE,COL_ETATCIVIL,COL_NOM,COL_PRENOM,COL_DATENAISSANCE,COL_ADRESSE1,COL_ADRESSE2,COL_VILLE,COL_CP,COL_TELEPHONE,COL_STATUT,COL_ANCIENNETE,COL_CENTRESINTERETS) VALUES (1652,'M ','MR ','Petty','Deborah','03/05/1972','Appartement 560-2354 Nulla Av.','36','Izmir','836367','(194) 836-5141','ACTIF ',38,'Lorem ipsum dolor sit amet, consectetuer adipiscing');
INSERT INTO COLLABORATEURS (COL_MATRICULE,COL_SEXE,COL_ETATCIVIL,COL_NOM,COL_PRENOM,COL_DATENAISSANCE,COL_ADRESSE1,COL_ADRESSE2,COL_VILLE,COL_CP,COL_TELEPHONE,COL_STATUT,COL_ANCIENNETE,COL_CENTRESINTERETS) VALUES (1653,'M ','MR ','Stuart','Quincy','22/01/1988','944-7460 Morbi Rue','47','Dubuisson','51-084','(697) 159-2777','ACTIF ',45,'Lorem ipsum dolor sit amet, consectetuer');
INSERT INTO COLLABORATEURS (COL_MATRICULE,COL_SEXE,COL_ETATCIVIL,COL_NOM,COL_PRENOM,COL_DATENAISSANCE,COL_ADRESSE1,COL_ADRESSE2,COL_VILLE,COL_CP,COL_TELEPHONE,COL_STATUT,COL_ANCIENNETE,COL_CENTRESINTERETS) VALUES (1654,'M ','MR ','Patel','Irma','29/12/1988','Appartement 752-3567 Suspendisse Rue','38','Laces/Latsch','2784','(685) 265-0808','ACTIF ',13,'Lorem ipsum dolor sit amet, consectetuer adipiscing elit. Curabitur');
INSERT INTO COLLABORATEURS (COL_MATRICULE,COL_SEXE,COL_ETATCIVIL,COL_NOM,COL_PRENOM,COL_DATENAISSANCE,COL_ADRESSE1,COL_ADRESSE2,COL_VILLE,COL_CP,COL_TELEPHONE,COL_STATUT,COL_ANCIENNETE,COL_CENTRESINTERETS) VALUES (1655,'M ','MR ','Mcdonald','Ishmael','15/05/1988','1422 Ridiculus Chemin','37','Besançon','4523','(254) 826-3220','ACTIF ',48,'Lorem ipsum dolor sit amet, consectetuer adipiscing elit.');
INSERT INTO COLLABORATEURS (COL_MATRICULE,COL_SEXE,COL_ETATCIVIL,COL_NOM,COL_PRENOM,COL_DATENAISSANCE,COL_ADRESSE1,COL_ADRESSE2,COL_VILLE,COL_CP,COL_TELEPHONE,COL_STATUT,COL_ANCIENNETE,COL_CENTRESINTERETS) VALUES (1656,'M ','MR ','Pickett','Anthony','26/02/1981','Appartement 686-8404 In Route','23','Pontypridd','93-181','(646) 385-8674','ACTIF ',24,'Lorem ipsum dolor sit amet, consectetuer adipiscing');
INSERT INTO COLLABORATEURS (COL_MATRICULE,COL_SEXE,COL_ETATCIVIL,COL_NOM,COL_PRENOM,COL_DATENAISSANCE,COL_ADRESSE1,COL_ADRESSE2,COL_VILLE,COL_CP,COL_TELEPHONE,COL_STATUT,COL_ANCIENNETE,COL_CENTRESINTERETS) VALUES (1657,'M ','MR ','Melendez','Karly','08/10/1970','8246 Enim Route','71','Straubing','36673','(441) 983-0670','ACTIF ',35,'Lorem ipsum dolor sit amet,');
INSERT INTO COLLABORATEURS (COL_MATRICULE,COL_SEXE,COL_ETATCIVIL,COL_NOM,COL_PRENOM,COL_DATENAISSANCE,COL_ADRESSE1,COL_ADRESSE2,COL_VILLE,COL_CP,COL_TELEPHONE,COL_STATUT,COL_ANCIENNETE,COL_CENTRESINTERETS) VALUES (1658,'M ','MR ','Gilliam','Nita','24/03/1980','CP 102, 5777 Ut Rue','48','Nicoya','05091','(189) 680-6511','ACTIF ',44,'Lorem ipsum dolor sit amet, consectetuer adipiscing elit. Curabitur sed');
INSERT INTO COLLABORATEURS (COL_MATRICULE,COL_SEXE,COL_ETATCIVIL,COL_NOM,COL_PRENOM,COL_DATENAISSANCE,COL_ADRESSE1,COL_ADRESSE2,COL_VILLE,COL_CP,COL_TELEPHONE,COL_STATUT,COL_ANCIENNETE,COL_CENTRESINTERETS) VALUES (1659,'M ','MR ','Moody','Alma','08/02/1973','CP 878, 8826 Mauris Ave','91','Vallepietra','149491','(666) 959-7011','ACTIF ',27,'Lorem ipsum dolor');
INSERT INTO COLLABORATEURS (COL_MATRICULE,COL_SEXE,COL_ETATCIVIL,COL_NOM,COL_PRENOM,COL_DATENAISSANCE,COL_ADRESSE1,COL_ADRESSE2,COL_VILLE,COL_CP,COL_TELEPHONE,COL_STATUT,COL_ANCIENNETE,COL_CENTRESINTERETS) VALUES (1660,'M ','MR ','Mcpherson','Beau','24/08/1982','769-5627 Parturient Route','84','Iseyin','273423','(576) 876-0170','ACTIF ',42,'Lorem');
INSERT INTO COLLABORATEURS (COL_MATRICULE,COL_SEXE,COL_ETATCIVIL,COL_NOM,COL_PRENOM,COL_DATENAISSANCE,COL_ADRESSE1,COL_ADRESSE2,COL_VILLE,COL_CP,COL_TELEPHONE,COL_STATUT,COL_ANCIENNETE,COL_CENTRESINTERETS) VALUES (1661,'M ','MR ','Frye','Felicia','09/12/1986','814-6579 Penatibus Av.','30','Aklavik','70514','(893) 248-6925','ACTIF ',44,'Lorem ipsum dolor sit amet, consectetuer adipiscing');
INSERT INTO COLLABORATEURS (COL_MATRICULE,COL_SEXE,COL_ETATCIVIL,COL_NOM,COL_PRENOM,COL_DATENAISSANCE,COL_ADRESSE1,COL_ADRESSE2,COL_VILLE,COL_CP,COL_TELEPHONE,COL_STATUT,COL_ANCIENNETE,COL_CENTRESINTERETS) VALUES (1662,'M ','MR ','Cherry','Akeem','07/10/1986','Appartement 889-102 Cursus Rd.','20','North Barrackpur','78307','(534) 944-7706','ACTIF ',27,'Lorem ipsum dolor sit amet,');
INSERT INTO COLLABORATEURS (COL_MATRICULE,COL_SEXE,COL_ETATCIVIL,COL_NOM,COL_PRENOM,COL_DATENAISSANCE,COL_ADRESSE1,COL_ADRESSE2,COL_VILLE,COL_CP,COL_TELEPHONE,COL_STATUT,COL_ANCIENNETE,COL_CENTRESINTERETS) VALUES (1663,'M ','MR ','Bryant','Maggie','06/01/1974','Appartement 341-9222 Tristique Ave','00','Güssing','48374','(569) 272-5435','ACTIF ',35,'Lorem ipsum dolor');
INSERT INTO COLLABORATEURS (COL_MATRICULE,COL_SEXE,COL_ETATCIVIL,COL_NOM,COL_PRENOM,COL_DATENAISSANCE,COL_ADRESSE1,COL_ADRESSE2,COL_VILLE,COL_CP,COL_TELEPHONE,COL_STATUT,COL_ANCIENNETE,COL_CENTRESINTERETS) VALUES (1664,'M ','MR ','Malone','Amity','10/08/1970','501-1836 Egestas Rue','63','Prato Carnico','84655','(217) 140-6099','ACTIF ',28,'Lorem ipsum dolor sit amet, consectetuer adipiscing elit.');
INSERT INTO COLLABORATEURS (COL_MATRICULE,COL_SEXE,COL_ETATCIVIL,COL_NOM,COL_PRENOM,COL_DATENAISSANCE,COL_ADRESSE1,COL_ADRESSE2,COL_VILLE,COL_CP,COL_TELEPHONE,COL_STATUT,COL_ANCIENNETE,COL_CENTRESINTERETS) VALUES (1665,'M ','MR ','Phelps','Bradley','10/12/1988','CP 678, 7585 Orci Chemin','58','Genova','13321','(886) 394-1458','ACTIF ',2,'Lorem ipsum dolor sit amet, consectetuer adipiscing');
INSERT INTO COLLABORATEURS (COL_MATRICULE,COL_SEXE,COL_ETATCIVIL,COL_NOM,COL_PRENOM,COL_DATENAISSANCE,COL_ADRESSE1,COL_ADRESSE2,COL_VILLE,COL_CP,COL_TELEPHONE,COL_STATUT,COL_ANCIENNETE,COL_CENTRESINTERETS) VALUES (1666,'M ','MR ','Calhoun','Bruno','20/02/1971','3668 Et Impasse','46','Penhold','9634','(805) 633-7396','ACTIF ',35,'Lorem ipsum dolor sit amet,');
INSERT INTO COLLABORATEURS (COL_MATRICULE,COL_SEXE,COL_ETATCIVIL,COL_NOM,COL_PRENOM,COL_DATENAISSANCE,COL_ADRESSE1,COL_ADRESSE2,COL_VILLE,COL_CP,COL_TELEPHONE,COL_STATUT,COL_ANCIENNETE,COL_CENTRESINTERETS) VALUES (1667,'M ','MR ','Church','Penelope','17/09/1984','633-5070 Est Avenue','81','Colchester','65-359','(252) 306-9721','ACTIF ',34,'Lorem ipsum dolor sit');
INSERT INTO COLLABORATEURS (COL_MATRICULE,COL_SEXE,COL_ETATCIVIL,COL_NOM,COL_PRENOM,COL_DATENAISSANCE,COL_ADRESSE1,COL_ADRESSE2,COL_VILLE,COL_CP,COL_TELEPHONE,COL_STATUT,COL_ANCIENNETE,COL_CENTRESINTERETS) VALUES (1668,'M ','MR ','Tate','Martin','11/05/1978','9281 Cras Route','70','Spruce Grove','31712','(690) 552-0713','ACTIF ',47,'Lorem ipsum dolor sit amet,');
INSERT INTO COLLABORATEURS (COL_MATRICULE,COL_SEXE,COL_ETATCIVIL,COL_NOM,COL_PRENOM,COL_DATENAISSANCE,COL_ADRESSE1,COL_ADRESSE2,COL_VILLE,COL_CP,COL_TELEPHONE,COL_STATUT,COL_ANCIENNETE,COL_CENTRESINTERETS) VALUES (1669,'M ','MR ','Harper','Boris','26/01/1971','224-8470 Lorem Chemin','30','Massello','98-825','(611) 717-4107','ACTIF ',8,'Lorem ipsum dolor sit amet, consectetuer');
INSERT INTO COLLABORATEURS (COL_MATRICULE,COL_SEXE,COL_ETATCIVIL,COL_NOM,COL_PRENOM,COL_DATENAISSANCE,COL_ADRESSE1,COL_ADRESSE2,COL_VILLE,COL_CP,COL_TELEPHONE,COL_STATUT,COL_ANCIENNETE,COL_CENTRESINTERETS) VALUES (1670,'M ','MR ','Mays','Orlando','08/02/1975','9020 Vitae Rue','64','Dufftown','504653','(508) 840-7091','ACTIF ',37,'Lorem ipsum dolor sit');
INSERT INTO COLLABORATEURS (COL_MATRICULE,COL_SEXE,COL_ETATCIVIL,COL_NOM,COL_PRENOM,COL_DATENAISSANCE,COL_ADRESSE1,COL_ADRESSE2,COL_VILLE,COL_CP,COL_TELEPHONE,COL_STATUT,COL_ANCIENNETE,COL_CENTRESINTERETS) VALUES (1671,'M ','MR ','Freeman','Audrey','14/03/1979','CP 904, 5884 Aliquam Rd.','82','Rutigliano','92511','(578) 400-9677','ACTIF ',4,'Lorem ipsum dolor sit amet, consectetuer adipiscing');
INSERT INTO COLLABORATEURS (COL_MATRICULE,COL_SEXE,COL_ETATCIVIL,COL_NOM,COL_PRENOM,COL_DATENAISSANCE,COL_ADRESSE1,COL_ADRESSE2,COL_VILLE,COL_CP,COL_TELEPHONE,COL_STATUT,COL_ANCIENNETE,COL_CENTRESINTERETS) VALUES (1672,'M ','MR ','Mccall','Shad','14/10/1989','8936 Ac Route','59','Sint-Gillis','72171','(371) 253-3869','ACTIF ',23,'Lorem ipsum dolor sit amet, consectetuer adipiscing');
INSERT INTO COLLABORATEURS (COL_MATRICULE,COL_SEXE,COL_ETATCIVIL,COL_NOM,COL_PRENOM,COL_DATENAISSANCE,COL_ADRESSE1,COL_ADRESSE2,COL_VILLE,COL_CP,COL_TELEPHONE,COL_STATUT,COL_ANCIENNETE,COL_CENTRESINTERETS) VALUES (1673,'M ','MR ','Peterson','Josephine','18/07/1984','CP 190, 7748 Fermentum Rd.','32','Barra do Corda','5413PD','(219) 405-7418','ACTIF ',10,'Lorem ipsum dolor sit amet, consectetuer adipiscing elit.');
INSERT INTO COLLABORATEURS (COL_MATRICULE,COL_SEXE,COL_ETATCIVIL,COL_NOM,COL_PRENOM,COL_DATENAISSANCE,COL_ADRESSE1,COL_ADRESSE2,COL_VILLE,COL_CP,COL_TELEPHONE,COL_STATUT,COL_ANCIENNETE,COL_CENTRESINTERETS) VALUES (1674,'M ','MR ','Weeks','Zahir','10/04/1972','524-848 In Rd.','94','Embourg','P2Y 9S7','(704) 800-8095','ACTIF ',46,'Lorem ipsum dolor sit amet,');
INSERT INTO COLLABORATEURS (COL_MATRICULE,COL_SEXE,COL_ETATCIVIL,COL_NOM,COL_PRENOM,COL_DATENAISSANCE,COL_ADRESSE1,COL_ADRESSE2,COL_VILLE,COL_CP,COL_TELEPHONE,COL_STATUT,COL_ANCIENNETE,COL_CENTRESINTERETS) VALUES (1675,'M ','MR ','Blake','Fuller','28/02/1988','8077 Et Route','46','Gouvy','6736','(569) 686-0164','ACTIF ',1,'Lorem ipsum dolor sit amet, consectetuer');
INSERT INTO COLLABORATEURS (COL_MATRICULE,COL_SEXE,COL_ETATCIVIL,COL_NOM,COL_PRENOM,COL_DATENAISSANCE,COL_ADRESSE1,COL_ADRESSE2,COL_VILLE,COL_CP,COL_TELEPHONE,COL_STATUT,COL_ANCIENNETE,COL_CENTRESINTERETS) VALUES (1676,'M ','MR ','Sweeney','Shaeleigh','29/08/1973','Appartement 475-6070 Eu Impasse','91','Builth Wells','7422QG','(663) 424-8480','ACTIF ',17,'Lorem');
INSERT INTO COLLABORATEURS (COL_MATRICULE,COL_SEXE,COL_ETATCIVIL,COL_NOM,COL_PRENOM,COL_DATENAISSANCE,COL_ADRESSE1,COL_ADRESSE2,COL_VILLE,COL_CP,COL_TELEPHONE,COL_STATUT,COL_ANCIENNETE,COL_CENTRESINTERETS) VALUES (1677,'M ','MR ','Blevins','Adrian','22/02/1970','993-9062 Consectetuer, Impasse','97','Hijuelas','0969','(591) 914-3512','ACTIF ',45,'Lorem ipsum dolor');
INSERT INTO COLLABORATEURS (COL_MATRICULE,COL_SEXE,COL_ETATCIVIL,COL_NOM,COL_PRENOM,COL_DATENAISSANCE,COL_ADRESSE1,COL_ADRESSE2,COL_VILLE,COL_CP,COL_TELEPHONE,COL_STATUT,COL_ANCIENNETE,COL_CENTRESINTERETS) VALUES (1678,'M ','MR ','Alvarez','Violet','15/01/1973','565-2170 Ipsum Impasse','83','Kukatpalle','210017','(845) 543-5185','ACTIF ',20,'Lorem ipsum dolor sit amet, consectetuer');
INSERT INTO COLLABORATEURS (COL_MATRICULE,COL_SEXE,COL_ETATCIVIL,COL_NOM,COL_PRENOM,COL_DATENAISSANCE,COL_ADRESSE1,COL_ADRESSE2,COL_VILLE,COL_CP,COL_TELEPHONE,COL_STATUT,COL_ANCIENNETE,COL_CENTRESINTERETS) VALUES (1679,'M ','MR ','Wells','Tanisha','05/07/1989','Appartement 279-7635 Ac, Chemin','46','Portezuelo','69008','(742) 995-8245','ACTIF ',23,'Lorem ipsum dolor sit amet, consectetuer adipiscing elit.');
INSERT INTO COLLABORATEURS (COL_MATRICULE,COL_SEXE,COL_ETATCIVIL,COL_NOM,COL_PRENOM,COL_DATENAISSANCE,COL_ADRESSE1,COL_ADRESSE2,COL_VILLE,COL_CP,COL_TELEPHONE,COL_STATUT,COL_ANCIENNETE,COL_CENTRESINTERETS) VALUES (1680,'M ','MR ','Garner','Hedda','31/05/1990','488-7514 Consectetuer Av.','70','Diepenbeek','4923','(537) 488-6073','ACTIF ',42,'Lorem ipsum dolor sit amet, consectetuer adipiscing elit. Curabitur');
INSERT INTO COLLABORATEURS (COL_MATRICULE,COL_SEXE,COL_ETATCIVIL,COL_NOM,COL_PRENOM,COL_DATENAISSANCE,COL_ADRESSE1,COL_ADRESSE2,COL_VILLE,COL_CP,COL_TELEPHONE,COL_STATUT,COL_ANCIENNETE,COL_CENTRESINTERETS) VALUES (1681,'M ','MR ','Ballard','Edward','17/03/1973','605-6390 Nulla Av.','86','Mascalucia','6706','(244) 473-3600','ACTIF ',13,'Lorem ipsum dolor sit amet, consectetuer adipiscing');
INSERT INTO COLLABORATEURS (COL_MATRICULE,COL_SEXE,COL_ETATCIVIL,COL_NOM,COL_PRENOM,COL_DATENAISSANCE,COL_ADRESSE1,COL_ADRESSE2,COL_VILLE,COL_CP,COL_TELEPHONE,COL_STATUT,COL_ANCIENNETE,COL_CENTRESINTERETS) VALUES (1682,'M ','MR ','Holt','Gage','09/03/1978','5273 Diam. Route','98','100 Mile House','726246','(286) 751-5767','ACTIF ',7,'Lorem ipsum');
INSERT INTO COLLABORATEURS (COL_MATRICULE,COL_SEXE,COL_ETATCIVIL,COL_NOM,COL_PRENOM,COL_DATENAISSANCE,COL_ADRESSE1,COL_ADRESSE2,COL_VILLE,COL_CP,COL_TELEPHONE,COL_STATUT,COL_ANCIENNETE,COL_CENTRESINTERETS) VALUES (1683,'M ','MR ','Mason','Kaye','02/06/1973','Appartement 398-5685 Sem, Rue','96','Lummen','72818','(807) 344-0418','ACTIF ',3,'Lorem ipsum dolor sit amet, consectetuer adipiscing elit.');
INSERT INTO COLLABORATEURS (COL_MATRICULE,COL_SEXE,COL_ETATCIVIL,COL_NOM,COL_PRENOM,COL_DATENAISSANCE,COL_ADRESSE1,COL_ADRESSE2,COL_VILLE,COL_CP,COL_TELEPHONE,COL_STATUT,COL_ANCIENNETE,COL_CENTRESINTERETS) VALUES (1684,'M ','MR ','Heath','Eagan','05/03/1977','713-5692 Tristique Avenue','22','Saint-Vincent','30029','(775) 286-4858','ACTIF ',32,'Lorem ipsum dolor sit amet, consectetuer adipiscing elit. Curabitur');
INSERT INTO COLLABORATEURS (COL_MATRICULE,COL_SEXE,COL_ETATCIVIL,COL_NOM,COL_PRENOM,COL_DATENAISSANCE,COL_ADRESSE1,COL_ADRESSE2,COL_VILLE,COL_CP,COL_TELEPHONE,COL_STATUT,COL_ANCIENNETE,COL_CENTRESINTERETS) VALUES (1685,'M ','MR ','Kim','Ila','23/02/1976','Appartement 284-6025 Libero Impasse','65','Lincoln','5172RM','(986) 398-9058','ACTIF ',36,'Lorem ipsum dolor');
INSERT INTO COLLABORATEURS (COL_MATRICULE,COL_SEXE,COL_ETATCIVIL,COL_NOM,COL_PRENOM,COL_DATENAISSANCE,COL_ADRESSE1,COL_ADRESSE2,COL_VILLE,COL_CP,COL_TELEPHONE,COL_STATUT,COL_ANCIENNETE,COL_CENTRESINTERETS) VALUES (1686,'M ','MR ','Vaughn','Wynter','25/04/1975','4568 Est. Ave','87','Braunau am Inn','X8W 3ZV','(815) 687-2141','ACTIF ',19,'Lorem ipsum dolor sit amet, consectetuer adipiscing elit. Curabitur sed');
INSERT INTO COLLABORATEURS (COL_MATRICULE,COL_SEXE,COL_ETATCIVIL,COL_NOM,COL_PRENOM,COL_DATENAISSANCE,COL_ADRESSE1,COL_ADRESSE2,COL_VILLE,COL_CP,COL_TELEPHONE,COL_STATUT,COL_ANCIENNETE,COL_CENTRESINTERETS) VALUES (1687,'M ','MR ','Santos','Lawrence','07/02/1975','Appartement 331-5809 Aliquam Chemin','67','Opheylissem','12033','(154) 729-7784','ACTIF ',49,'Lorem ipsum dolor sit amet, consectetuer adipiscing elit. Curabitur sed');
INSERT INTO COLLABORATEURS (COL_MATRICULE,COL_SEXE,COL_ETATCIVIL,COL_NOM,COL_PRENOM,COL_DATENAISSANCE,COL_ADRESSE1,COL_ADRESSE2,COL_VILLE,COL_CP,COL_TELEPHONE,COL_STATUT,COL_ANCIENNETE,COL_CENTRESINTERETS) VALUES (1688,'M ','MR ','Garrison','Brooke','10/01/1970','8083 Duis Impasse','90','Radicofani','04803-493','(588) 924-8576','ACTIF ',11,'Lorem ipsum dolor sit amet,');
INSERT INTO COLLABORATEURS (COL_MATRICULE,COL_SEXE,COL_ETATCIVIL,COL_NOM,COL_PRENOM,COL_DATENAISSANCE,COL_ADRESSE1,COL_ADRESSE2,COL_VILLE,COL_CP,COL_TELEPHONE,COL_STATUT,COL_ANCIENNETE,COL_CENTRESINTERETS) VALUES (1689,'M ','MR ','Nunez','Elizabeth','07/05/1987','817-8557 Mi Rd.','24','Ransart','A3 6GK','(890) 585-6291','ACTIF ',12,'Lorem ipsum dolor sit amet,');
INSERT INTO COLLABORATEURS (COL_MATRICULE,COL_SEXE,COL_ETATCIVIL,COL_NOM,COL_PRENOM,COL_DATENAISSANCE,COL_ADRESSE1,COL_ADRESSE2,COL_VILLE,COL_CP,COL_TELEPHONE,COL_STATUT,COL_ANCIENNETE,COL_CENTRESINTERETS) VALUES (1690,'M ','MR ','Griffith','Serena','20/05/1972','656-3660 Bibendum Avenue','97','Orciano Pisano','VI0Y 7IB','(631) 860-9573','ACTIF ',21,'Lorem ipsum dolor sit amet, consectetuer');
INSERT INTO COLLABORATEURS (COL_MATRICULE,COL_SEXE,COL_ETATCIVIL,COL_NOM,COL_PRENOM,COL_DATENAISSANCE,COL_ADRESSE1,COL_ADRESSE2,COL_VILLE,COL_CP,COL_TELEPHONE,COL_STATUT,COL_ANCIENNETE,COL_CENTRESINTERETS) VALUES (1691,'M ','MR ','Calderon','Ian','16/10/1984','Appartement 249-789 In Ave','06','Eregli','21960-465','(110) 126-0057','ACTIF ',4,'Lorem ipsum dolor sit amet, consectetuer adipiscing elit.');
INSERT INTO COLLABORATEURS (COL_MATRICULE,COL_SEXE,COL_ETATCIVIL,COL_NOM,COL_PRENOM,COL_DATENAISSANCE,COL_ADRESSE1,COL_ADRESSE2,COL_VILLE,COL_CP,COL_TELEPHONE,COL_STATUT,COL_ANCIENNETE,COL_CENTRESINTERETS) VALUES (1692,'M ','MR ','Myers','Hayley','29/01/1982','765-8036 Facilisis Rue','27','Waidhofen an der Ybbs','46886','(257) 461-2847','ACTIF ',38,'Lorem ipsum dolor sit');
INSERT INTO COLLABORATEURS (COL_MATRICULE,COL_SEXE,COL_ETATCIVIL,COL_NOM,COL_PRENOM,COL_DATENAISSANCE,COL_ADRESSE1,COL_ADRESSE2,COL_VILLE,COL_CP,COL_TELEPHONE,COL_STATUT,COL_ANCIENNETE,COL_CENTRESINTERETS) VALUES (1693,'M ','MR ','Steele','Herman','21/10/1985','253-9085 Sed Rd.','03','Ponti','40937','(897) 698-2039','ACTIF ',11,'Lorem ipsum dolor sit amet, consectetuer adipiscing');
INSERT INTO COLLABORATEURS (COL_MATRICULE,COL_SEXE,COL_ETATCIVIL,COL_NOM,COL_PRENOM,COL_DATENAISSANCE,COL_ADRESSE1,COL_ADRESSE2,COL_VILLE,COL_CP,COL_TELEPHONE,COL_STATUT,COL_ANCIENNETE,COL_CENTRESINTERETS) VALUES (1694,'M ','MR ','Tyler','Erin','04/06/1990','CP 969, 3636 Id, Chemin','33','Camborne','33442','(934) 330-6183','ACTIF ',24,'Lorem ipsum dolor sit amet,');
INSERT INTO COLLABORATEURS (COL_MATRICULE,COL_SEXE,COL_ETATCIVIL,COL_NOM,COL_PRENOM,COL_DATENAISSANCE,COL_ADRESSE1,COL_ADRESSE2,COL_VILLE,COL_CP,COL_TELEPHONE,COL_STATUT,COL_ANCIENNETE,COL_CENTRESINTERETS) VALUES (1695,'M ','MR ','Franklin','Nerea','03/09/1983','636-6249 Luctus Ave','85','Schwedt','762024','(440) 917-4294','ACTIF ',9,'Lorem ipsum dolor sit amet, consectetuer adipiscing elit. Curabitur sed');
INSERT INTO COLLABORATEURS (COL_MATRICULE,COL_SEXE,COL_ETATCIVIL,COL_NOM,COL_PRENOM,COL_DATENAISSANCE,COL_ADRESSE1,COL_ADRESSE2,COL_VILLE,COL_CP,COL_TELEPHONE,COL_STATUT,COL_ANCIENNETE,COL_CENTRESINTERETS) VALUES (1696,'M ','MR ','Rhodes','David','10/01/1982','3138 Ultricies Chemin','17','Municipal District','76028-162','(918) 952-9628','ACTIF ',46,'Lorem ipsum dolor');
INSERT INTO COLLABORATEURS (COL_MATRICULE,COL_SEXE,COL_ETATCIVIL,COL_NOM,COL_PRENOM,COL_DATENAISSANCE,COL_ADRESSE1,COL_ADRESSE2,COL_VILLE,COL_CP,COL_TELEPHONE,COL_STATUT,COL_ANCIENNETE,COL_CENTRESINTERETS) VALUES (1697,'M ','MR ','Dyer','Nerea','10/03/1973','671-999 Molestie Impasse','50','Vlimmeren','22475','(285) 807-8358','ACTIF ',3,'Lorem ipsum dolor sit amet, consectetuer adipiscing elit. Curabitur');
INSERT INTO COLLABORATEURS (COL_MATRICULE,COL_SEXE,COL_ETATCIVIL,COL_NOM,COL_PRENOM,COL_DATENAISSANCE,COL_ADRESSE1,COL_ADRESSE2,COL_VILLE,COL_CP,COL_TELEPHONE,COL_STATUT,COL_ANCIENNETE,COL_CENTRESINTERETS) VALUES (1698,'M ','MR ','Crane','Claudia','28/04/1973','Appartement 263-4015 Consequat Avenue','71','Barry','14603','(280) 515-7175','ACTIF ',5,'Lorem ipsum dolor sit amet,');
INSERT INTO COLLABORATEURS (COL_MATRICULE,COL_SEXE,COL_ETATCIVIL,COL_NOM,COL_PRENOM,COL_DATENAISSANCE,COL_ADRESSE1,COL_ADRESSE2,COL_VILLE,COL_CP,COL_TELEPHONE,COL_STATUT,COL_ANCIENNETE,COL_CENTRESINTERETS) VALUES (1699,'M ','MR ','West','Amber','08/01/1983','Appartement 483-6940 Ipsum Route','43','Lisieux','7902','(152) 530-1910','ACTIF ',25,'Lorem ipsum dolor sit amet, consectetuer adipiscing');

-----------------------------------------------------------------OK
/* SALAIRES */
-- --SALAIRE_ID n'est pas obligatoire car géré par un TRIGGER
/*
ALTER SESSION SET NLS_DATE_FORMAT = 'YYYY/MM/DD HH24:MI:SS';
INSERT INTO SALAIRES (SALAIRE_ID,COL_MATRICULE,SALAIRE_MENSUEL,SALAIRE_DATE)
  VALUES (S_SALAIRES.nextval, 1601, '1300,48', '2016/07/27 14:53:45');  
INSERT INTO SALAIRES VALUES (S_SALAIRES.nextval, 1602, '1500,00', '2016/07/27 14:55:45');
--INSERT INTO SALAIRES VALUES (S_SALAIRES.nextval, 1602, '1500,00', '2016/07/27 14:55:45');
--DELETE FROM SALAIRES WHERE COL_MATRICULE=1602 AND SALAIRE_ID > 2;
INSERT INTO SALAIRES VALUES (S_SALAIRES.nextval, 1603, '9000,00', '2016/07/27 14:56:45');
INSERT INTO SALAIRES VALUES (S_SALAIRES.nextval, 1604, '600,00', '2016/07/27 14:57:45');
--DELETE FROM SALAIRES WHERE SALAIRE_ID = 5;
SELECT * FROM CDI10.SALAIRES ORDER BY SALAIRE_DATE;
*/
INSERT INTO SALAIRES (SALAIRE_ID,COL_MATRICULE,SALAIRE_MENSUEL,SALAIRE_DATE) VALUES (1,1600,2496,'01/17/16');
INSERT INTO SALAIRES (SALAIRE_ID,COL_MATRICULE,SALAIRE_MENSUEL,SALAIRE_DATE) VALUES (2,1601,2644,'06/02/17');
INSERT INTO SALAIRES (SALAIRE_ID,COL_MATRICULE,SALAIRE_MENSUEL,SALAIRE_DATE) VALUES (3,1602,2540,'09/14/16');
INSERT INTO SALAIRES (SALAIRE_ID,COL_MATRICULE,SALAIRE_MENSUEL,SALAIRE_DATE) VALUES (4,1603,2758,'04/05/17');
INSERT INTO SALAIRES (SALAIRE_ID,COL_MATRICULE,SALAIRE_MENSUEL,SALAIRE_DATE) VALUES (5,1604,1624,'10/30/15');
INSERT INTO SALAIRES (SALAIRE_ID,COL_MATRICULE,SALAIRE_MENSUEL,SALAIRE_DATE) VALUES (6,1605,2809,'04/14/17');
INSERT INTO SALAIRES (SALAIRE_ID,COL_MATRICULE,SALAIRE_MENSUEL,SALAIRE_DATE) VALUES (7,1606,2504,'04/20/16');
INSERT INTO SALAIRES (SALAIRE_ID,COL_MATRICULE,SALAIRE_MENSUEL,SALAIRE_DATE) VALUES (8,1607,1896,'10/09/16');
INSERT INTO SALAIRES (SALAIRE_ID,COL_MATRICULE,SALAIRE_MENSUEL,SALAIRE_DATE) VALUES (9,1608,1900,'01/14/16');
INSERT INTO SALAIRES (SALAIRE_ID,COL_MATRICULE,SALAIRE_MENSUEL,SALAIRE_DATE) VALUES (10,1609,1550,'04/25/16');
INSERT INTO SALAIRES (SALAIRE_ID,COL_MATRICULE,SALAIRE_MENSUEL,SALAIRE_DATE) VALUES (11,1610,1627,'03/22/17');
INSERT INTO SALAIRES (SALAIRE_ID,COL_MATRICULE,SALAIRE_MENSUEL,SALAIRE_DATE) VALUES (12,1611,1881,'06/02/16');
INSERT INTO SALAIRES (SALAIRE_ID,COL_MATRICULE,SALAIRE_MENSUEL,SALAIRE_DATE) VALUES (13,1612,2861,'03/05/16');
INSERT INTO SALAIRES (SALAIRE_ID,COL_MATRICULE,SALAIRE_MENSUEL,SALAIRE_DATE) VALUES (14,1613,1855,'02/28/17');
INSERT INTO SALAIRES (SALAIRE_ID,COL_MATRICULE,SALAIRE_MENSUEL,SALAIRE_DATE) VALUES (15,1614,1451,'12/24/16');
INSERT INTO SALAIRES (SALAIRE_ID,COL_MATRICULE,SALAIRE_MENSUEL,SALAIRE_DATE) VALUES (16,1615,2371,'08/07/16');
INSERT INTO SALAIRES (SALAIRE_ID,COL_MATRICULE,SALAIRE_MENSUEL,SALAIRE_DATE) VALUES (17,1616,1839,'02/08/16');
INSERT INTO SALAIRES (SALAIRE_ID,COL_MATRICULE,SALAIRE_MENSUEL,SALAIRE_DATE) VALUES (18,1617,2389,'10/13/16');
INSERT INTO SALAIRES (SALAIRE_ID,COL_MATRICULE,SALAIRE_MENSUEL,SALAIRE_DATE) VALUES (19,1618,2925,'11/25/15');
INSERT INTO SALAIRES (SALAIRE_ID,COL_MATRICULE,SALAIRE_MENSUEL,SALAIRE_DATE) VALUES (20,1619,2460,'02/02/17');
INSERT INTO SALAIRES (SALAIRE_ID,COL_MATRICULE,SALAIRE_MENSUEL,SALAIRE_DATE) VALUES (21,1620,2537,'02/19/17');
INSERT INTO SALAIRES (SALAIRE_ID,COL_MATRICULE,SALAIRE_MENSUEL,SALAIRE_DATE) VALUES (22,1621,1737,'10/01/16');
INSERT INTO SALAIRES (SALAIRE_ID,COL_MATRICULE,SALAIRE_MENSUEL,SALAIRE_DATE) VALUES (23,1622,1859,'07/06/16');
INSERT INTO SALAIRES (SALAIRE_ID,COL_MATRICULE,SALAIRE_MENSUEL,SALAIRE_DATE) VALUES (24,1623,2091,'04/24/16');
INSERT INTO SALAIRES (SALAIRE_ID,COL_MATRICULE,SALAIRE_MENSUEL,SALAIRE_DATE) VALUES (25,1624,1614,'12/10/15');
INSERT INTO SALAIRES (SALAIRE_ID,COL_MATRICULE,SALAIRE_MENSUEL,SALAIRE_DATE) VALUES (26,1625,1717,'04/01/16');
INSERT INTO SALAIRES (SALAIRE_ID,COL_MATRICULE,SALAIRE_MENSUEL,SALAIRE_DATE) VALUES (27,1626,2493,'08/08/16');
INSERT INTO SALAIRES (SALAIRE_ID,COL_MATRICULE,SALAIRE_MENSUEL,SALAIRE_DATE) VALUES (28,1627,1890,'12/19/16');
INSERT INTO SALAIRES (SALAIRE_ID,COL_MATRICULE,SALAIRE_MENSUEL,SALAIRE_DATE) VALUES (29,1628,2598,'04/13/16');
INSERT INTO SALAIRES (SALAIRE_ID,COL_MATRICULE,SALAIRE_MENSUEL,SALAIRE_DATE) VALUES (30,1629,2245,'01/16/16');
INSERT INTO SALAIRES (SALAIRE_ID,COL_MATRICULE,SALAIRE_MENSUEL,SALAIRE_DATE) VALUES (31,1630,2623,'09/28/15');
INSERT INTO SALAIRES (SALAIRE_ID,COL_MATRICULE,SALAIRE_MENSUEL,SALAIRE_DATE) VALUES (32,1631,2936,'01/21/16');
INSERT INTO SALAIRES (SALAIRE_ID,COL_MATRICULE,SALAIRE_MENSUEL,SALAIRE_DATE) VALUES (33,1632,1827,'05/01/17');
INSERT INTO SALAIRES (SALAIRE_ID,COL_MATRICULE,SALAIRE_MENSUEL,SALAIRE_DATE) VALUES (34,1633,2734,'07/28/17');
INSERT INTO SALAIRES (SALAIRE_ID,COL_MATRICULE,SALAIRE_MENSUEL,SALAIRE_DATE) VALUES (35,1634,2802,'10/05/15');
INSERT INTO SALAIRES (SALAIRE_ID,COL_MATRICULE,SALAIRE_MENSUEL,SALAIRE_DATE) VALUES (36,1635,1439,'08/23/16');
INSERT INTO SALAIRES (SALAIRE_ID,COL_MATRICULE,SALAIRE_MENSUEL,SALAIRE_DATE) VALUES (37,1636,1654,'10/16/16');
INSERT INTO SALAIRES (SALAIRE_ID,COL_MATRICULE,SALAIRE_MENSUEL,SALAIRE_DATE) VALUES (38,1637,2821,'02/08/17');
INSERT INTO SALAIRES (SALAIRE_ID,COL_MATRICULE,SALAIRE_MENSUEL,SALAIRE_DATE) VALUES (39,1638,1557,'08/11/15');
INSERT INTO SALAIRES (SALAIRE_ID,COL_MATRICULE,SALAIRE_MENSUEL,SALAIRE_DATE) VALUES (40,1639,2991,'11/21/16');
INSERT INTO SALAIRES (SALAIRE_ID,COL_MATRICULE,SALAIRE_MENSUEL,SALAIRE_DATE) VALUES (41,1640,1778,'09/11/15');
INSERT INTO SALAIRES (SALAIRE_ID,COL_MATRICULE,SALAIRE_MENSUEL,SALAIRE_DATE) VALUES (42,1641,2586,'06/15/17');
INSERT INTO SALAIRES (SALAIRE_ID,COL_MATRICULE,SALAIRE_MENSUEL,SALAIRE_DATE) VALUES (43,1642,2529,'09/16/16');
INSERT INTO SALAIRES (SALAIRE_ID,COL_MATRICULE,SALAIRE_MENSUEL,SALAIRE_DATE) VALUES (44,1643,2613,'11/02/15');
INSERT INTO SALAIRES (SALAIRE_ID,COL_MATRICULE,SALAIRE_MENSUEL,SALAIRE_DATE) VALUES (45,1644,2960,'06/13/17');
INSERT INTO SALAIRES (SALAIRE_ID,COL_MATRICULE,SALAIRE_MENSUEL,SALAIRE_DATE) VALUES (46,1645,2367,'07/28/16');
INSERT INTO SALAIRES (SALAIRE_ID,COL_MATRICULE,SALAIRE_MENSUEL,SALAIRE_DATE) VALUES (47,1646,2758,'06/09/17');
INSERT INTO SALAIRES (SALAIRE_ID,COL_MATRICULE,SALAIRE_MENSUEL,SALAIRE_DATE) VALUES (48,1647,1575,'01/25/16');
INSERT INTO SALAIRES (SALAIRE_ID,COL_MATRICULE,SALAIRE_MENSUEL,SALAIRE_DATE) VALUES (49,1648,2727,'12/01/15');
INSERT INTO SALAIRES (SALAIRE_ID,COL_MATRICULE,SALAIRE_MENSUEL,SALAIRE_DATE) VALUES (50,1649,2087,'02/19/16');
INSERT INTO SALAIRES (SALAIRE_ID,COL_MATRICULE,SALAIRE_MENSUEL,SALAIRE_DATE) VALUES (51,1650,1785,'11/12/16');
INSERT INTO SALAIRES (SALAIRE_ID,COL_MATRICULE,SALAIRE_MENSUEL,SALAIRE_DATE) VALUES (52,1651,1717,'12/17/15');
INSERT INTO SALAIRES (SALAIRE_ID,COL_MATRICULE,SALAIRE_MENSUEL,SALAIRE_DATE) VALUES (53,1652,1610,'08/22/16');
INSERT INTO SALAIRES (SALAIRE_ID,COL_MATRICULE,SALAIRE_MENSUEL,SALAIRE_DATE) VALUES (54,1653,1959,'05/08/17');
INSERT INTO SALAIRES (SALAIRE_ID,COL_MATRICULE,SALAIRE_MENSUEL,SALAIRE_DATE) VALUES (55,1654,2309,'05/19/17');
INSERT INTO SALAIRES (SALAIRE_ID,COL_MATRICULE,SALAIRE_MENSUEL,SALAIRE_DATE) VALUES (56,1655,1777,'08/26/16');
INSERT INTO SALAIRES (SALAIRE_ID,COL_MATRICULE,SALAIRE_MENSUEL,SALAIRE_DATE) VALUES (57,1656,2006,'04/08/16');
INSERT INTO SALAIRES (SALAIRE_ID,COL_MATRICULE,SALAIRE_MENSUEL,SALAIRE_DATE) VALUES (58,1657,2196,'03/29/17');
INSERT INTO SALAIRES (SALAIRE_ID,COL_MATRICULE,SALAIRE_MENSUEL,SALAIRE_DATE) VALUES (59,1658,2582,'08/03/15');
INSERT INTO SALAIRES (SALAIRE_ID,COL_MATRICULE,SALAIRE_MENSUEL,SALAIRE_DATE) VALUES (60,1659,2390,'09/05/15');
INSERT INTO SALAIRES (SALAIRE_ID,COL_MATRICULE,SALAIRE_MENSUEL,SALAIRE_DATE) VALUES (61,1660,2211,'03/24/16');
INSERT INTO SALAIRES (SALAIRE_ID,COL_MATRICULE,SALAIRE_MENSUEL,SALAIRE_DATE) VALUES (62,1661,1658,'03/10/16');
INSERT INTO SALAIRES (SALAIRE_ID,COL_MATRICULE,SALAIRE_MENSUEL,SALAIRE_DATE) VALUES (63,1662,2294,'10/20/16');
INSERT INTO SALAIRES (SALAIRE_ID,COL_MATRICULE,SALAIRE_MENSUEL,SALAIRE_DATE) VALUES (64,1663,2355,'03/26/17');
INSERT INTO SALAIRES (SALAIRE_ID,COL_MATRICULE,SALAIRE_MENSUEL,SALAIRE_DATE) VALUES (65,1664,1625,'12/09/16');
INSERT INTO SALAIRES (SALAIRE_ID,COL_MATRICULE,SALAIRE_MENSUEL,SALAIRE_DATE) VALUES (66,1665,1985,'09/11/15');
INSERT INTO SALAIRES (SALAIRE_ID,COL_MATRICULE,SALAIRE_MENSUEL,SALAIRE_DATE) VALUES (67,1666,2849,'09/10/15');
INSERT INTO SALAIRES (SALAIRE_ID,COL_MATRICULE,SALAIRE_MENSUEL,SALAIRE_DATE) VALUES (68,1667,2759,'07/06/17');
INSERT INTO SALAIRES (SALAIRE_ID,COL_MATRICULE,SALAIRE_MENSUEL,SALAIRE_DATE) VALUES (69,1668,1810,'11/06/16');
INSERT INTO SALAIRES (SALAIRE_ID,COL_MATRICULE,SALAIRE_MENSUEL,SALAIRE_DATE) VALUES (70,1669,2447,'04/08/17');
INSERT INTO SALAIRES (SALAIRE_ID,COL_MATRICULE,SALAIRE_MENSUEL,SALAIRE_DATE) VALUES (71,1670,2022,'03/10/17');
INSERT INTO SALAIRES (SALAIRE_ID,COL_MATRICULE,SALAIRE_MENSUEL,SALAIRE_DATE) VALUES (72,1671,1694,'12/30/16');
INSERT INTO SALAIRES (SALAIRE_ID,COL_MATRICULE,SALAIRE_MENSUEL,SALAIRE_DATE) VALUES (73,1672,1543,'12/29/15');
INSERT INTO SALAIRES (SALAIRE_ID,COL_MATRICULE,SALAIRE_MENSUEL,SALAIRE_DATE) VALUES (74,1673,2545,'05/29/17');
INSERT INTO SALAIRES (SALAIRE_ID,COL_MATRICULE,SALAIRE_MENSUEL,SALAIRE_DATE) VALUES (75,1674,1992,'01/20/17');
INSERT INTO SALAIRES (SALAIRE_ID,COL_MATRICULE,SALAIRE_MENSUEL,SALAIRE_DATE) VALUES (76,1675,1739,'09/26/15');
INSERT INTO SALAIRES (SALAIRE_ID,COL_MATRICULE,SALAIRE_MENSUEL,SALAIRE_DATE) VALUES (77,1676,1929,'01/23/16');
INSERT INTO SALAIRES (SALAIRE_ID,COL_MATRICULE,SALAIRE_MENSUEL,SALAIRE_DATE) VALUES (78,1677,1707,'06/28/16');
INSERT INTO SALAIRES (SALAIRE_ID,COL_MATRICULE,SALAIRE_MENSUEL,SALAIRE_DATE) VALUES (79,1678,1701,'08/28/15');
INSERT INTO SALAIRES (SALAIRE_ID,COL_MATRICULE,SALAIRE_MENSUEL,SALAIRE_DATE) VALUES (80,1679,2807,'02/18/16');
INSERT INTO SALAIRES (SALAIRE_ID,COL_MATRICULE,SALAIRE_MENSUEL,SALAIRE_DATE) VALUES (81,1680,2432,'05/18/17');
INSERT INTO SALAIRES (SALAIRE_ID,COL_MATRICULE,SALAIRE_MENSUEL,SALAIRE_DATE) VALUES (82,1681,1894,'09/11/15');
INSERT INTO SALAIRES (SALAIRE_ID,COL_MATRICULE,SALAIRE_MENSUEL,SALAIRE_DATE) VALUES (83,1682,1532,'09/08/15');
INSERT INTO SALAIRES (SALAIRE_ID,COL_MATRICULE,SALAIRE_MENSUEL,SALAIRE_DATE) VALUES (84,1683,2628,'03/19/16');
INSERT INTO SALAIRES (SALAIRE_ID,COL_MATRICULE,SALAIRE_MENSUEL,SALAIRE_DATE) VALUES (85,1684,2134,'09/19/15');
INSERT INTO SALAIRES (SALAIRE_ID,COL_MATRICULE,SALAIRE_MENSUEL,SALAIRE_DATE) VALUES (86,1685,1869,'09/02/15');
INSERT INTO SALAIRES (SALAIRE_ID,COL_MATRICULE,SALAIRE_MENSUEL,SALAIRE_DATE) VALUES (87,1686,1975,'04/05/16');
INSERT INTO SALAIRES (SALAIRE_ID,COL_MATRICULE,SALAIRE_MENSUEL,SALAIRE_DATE) VALUES (88,1687,1736,'06/22/17');
INSERT INTO SALAIRES (SALAIRE_ID,COL_MATRICULE,SALAIRE_MENSUEL,SALAIRE_DATE) VALUES (89,1688,1401,'01/02/16');
INSERT INTO SALAIRES (SALAIRE_ID,COL_MATRICULE,SALAIRE_MENSUEL,SALAIRE_DATE) VALUES (90,1689,2829,'08/11/15');
INSERT INTO SALAIRES (SALAIRE_ID,COL_MATRICULE,SALAIRE_MENSUEL,SALAIRE_DATE) VALUES (91,1690,1505,'07/17/17');
INSERT INTO SALAIRES (SALAIRE_ID,COL_MATRICULE,SALAIRE_MENSUEL,SALAIRE_DATE) VALUES (92,1691,1570,'09/06/16');
INSERT INTO SALAIRES (SALAIRE_ID,COL_MATRICULE,SALAIRE_MENSUEL,SALAIRE_DATE) VALUES (93,1692,2640,'03/22/17');
INSERT INTO SALAIRES (SALAIRE_ID,COL_MATRICULE,SALAIRE_MENSUEL,SALAIRE_DATE) VALUES (94,1693,2621,'05/08/16');
INSERT INTO SALAIRES (SALAIRE_ID,COL_MATRICULE,SALAIRE_MENSUEL,SALAIRE_DATE) VALUES (95,1694,1689,'06/28/17');
INSERT INTO SALAIRES (SALAIRE_ID,COL_MATRICULE,SALAIRE_MENSUEL,SALAIRE_DATE) VALUES (96,1695,1840,'08/13/16');
INSERT INTO SALAIRES (SALAIRE_ID,COL_MATRICULE,SALAIRE_MENSUEL,SALAIRE_DATE) VALUES (97,1696,1833,'07/12/17');
INSERT INTO SALAIRES (SALAIRE_ID,COL_MATRICULE,SALAIRE_MENSUEL,SALAIRE_DATE) VALUES (98,1697,1825,'01/05/17');
INSERT INTO SALAIRES (SALAIRE_ID,COL_MATRICULE,SALAIRE_MENSUEL,SALAIRE_DATE) VALUES (99,1698,1544,'11/10/16');
INSERT INTO SALAIRES (SALAIRE_ID,COL_MATRICULE,SALAIRE_MENSUEL,SALAIRE_DATE) VALUES (100,1699,2397,'06/15/17');

-----------------------------------------------------------------OK
/* LIBFONCTIONS */
/*
INSERT INTO LIBFONCTIONS (FONCTION_ID,FONCTION_LIBELLE)
 VALUES (S_LIBFONCTIONS.nextval, 'Developpeur');  
 -- d'autres ajouts a faire pour alimenter la base ! =)
SELECT * FROM CDI10.LIBFONCTIONS;
*/
INSERT INTO LIBFONCTIONS (FONCTION_ID,FONCTION_LIBELLE) VALUES (1600,'cursus');
INSERT INTO LIBFONCTIONS (FONCTION_ID,FONCTION_LIBELLE) VALUES (1601,'adipiscing,');
INSERT INTO LIBFONCTIONS (FONCTION_ID,FONCTION_LIBELLE) VALUES (1602,'Nullam');
INSERT INTO LIBFONCTIONS (FONCTION_ID,FONCTION_LIBELLE) VALUES (1603,'ut');
INSERT INTO LIBFONCTIONS (FONCTION_ID,FONCTION_LIBELLE) VALUES (1604,'rhoncus');
INSERT INTO LIBFONCTIONS (FONCTION_ID,FONCTION_LIBELLE) VALUES (1605,'non,');
INSERT INTO LIBFONCTIONS (FONCTION_ID,FONCTION_LIBELLE) VALUES (1606,'eget');
INSERT INTO LIBFONCTIONS (FONCTION_ID,FONCTION_LIBELLE) VALUES (1607,'Nunc');
INSERT INTO LIBFONCTIONS (FONCTION_ID,FONCTION_LIBELLE) VALUES (1608,'sociis');
INSERT INTO LIBFONCTIONS (FONCTION_ID,FONCTION_LIBELLE) VALUES (1609,'Curabitur');
INSERT INTO LIBFONCTIONS (FONCTION_ID,FONCTION_LIBELLE) VALUES (1610,'vitae');
INSERT INTO LIBFONCTIONS (FONCTION_ID,FONCTION_LIBELLE) VALUES (1611,'vestibulum');
INSERT INTO LIBFONCTIONS (FONCTION_ID,FONCTION_LIBELLE) VALUES (1612,'aliquet,');
INSERT INTO LIBFONCTIONS (FONCTION_ID,FONCTION_LIBELLE) VALUES (1613,'lorem');
INSERT INTO LIBFONCTIONS (FONCTION_ID,FONCTION_LIBELLE) VALUES (1614,'interdum.');
INSERT INTO LIBFONCTIONS (FONCTION_ID,FONCTION_LIBELLE) VALUES (1615,'nunc');
INSERT INTO LIBFONCTIONS (FONCTION_ID,FONCTION_LIBELLE) VALUES (1616,'hendrerit');
INSERT INTO LIBFONCTIONS (FONCTION_ID,FONCTION_LIBELLE) VALUES (1617,'Etiam');
INSERT INTO LIBFONCTIONS (FONCTION_ID,FONCTION_LIBELLE) VALUES (1618,'nec');
INSERT INTO LIBFONCTIONS (FONCTION_ID,FONCTION_LIBELLE) VALUES (1619,'nisi.');
INSERT INTO LIBFONCTIONS (FONCTION_ID,FONCTION_LIBELLE) VALUES (1620,'magna');
INSERT INTO LIBFONCTIONS (FONCTION_ID,FONCTION_LIBELLE) VALUES (1621,'id,');
INSERT INTO LIBFONCTIONS (FONCTION_ID,FONCTION_LIBELLE) VALUES (1622,'habitant');
INSERT INTO LIBFONCTIONS (FONCTION_ID,FONCTION_LIBELLE) VALUES (1623,'lectus');
INSERT INTO LIBFONCTIONS (FONCTION_ID,FONCTION_LIBELLE) VALUES (1624,'mollis');
INSERT INTO LIBFONCTIONS (FONCTION_ID,FONCTION_LIBELLE) VALUES (1625,'nec,');
INSERT INTO LIBFONCTIONS (FONCTION_ID,FONCTION_LIBELLE) VALUES (1626,'in,');
INSERT INTO LIBFONCTIONS (FONCTION_ID,FONCTION_LIBELLE) VALUES (1627,'sed,');
INSERT INTO LIBFONCTIONS (FONCTION_ID,FONCTION_LIBELLE) VALUES (1628,'nonummy');
INSERT INTO LIBFONCTIONS (FONCTION_ID,FONCTION_LIBELLE) VALUES (1629,'et');
INSERT INTO LIBFONCTIONS (FONCTION_ID,FONCTION_LIBELLE) VALUES (1630,'lacus,');
INSERT INTO LIBFONCTIONS (FONCTION_ID,FONCTION_LIBELLE) VALUES (1631,'Aliquam');
INSERT INTO LIBFONCTIONS (FONCTION_ID,FONCTION_LIBELLE) VALUES (1632,'augue');
INSERT INTO LIBFONCTIONS (FONCTION_ID,FONCTION_LIBELLE) VALUES (1633,'amet');
INSERT INTO LIBFONCTIONS (FONCTION_ID,FONCTION_LIBELLE) VALUES (1634,'purus');
INSERT INTO LIBFONCTIONS (FONCTION_ID,FONCTION_LIBELLE) VALUES (1635,'quam.');
INSERT INTO LIBFONCTIONS (FONCTION_ID,FONCTION_LIBELLE) VALUES (1636,'adipiscing');
INSERT INTO LIBFONCTIONS (FONCTION_ID,FONCTION_LIBELLE) VALUES (1637,'tristique');
INSERT INTO LIBFONCTIONS (FONCTION_ID,FONCTION_LIBELLE) VALUES (1638,'gravida');
INSERT INTO LIBFONCTIONS (FONCTION_ID,FONCTION_LIBELLE) VALUES (1639,'pretium');
INSERT INTO LIBFONCTIONS (FONCTION_ID,FONCTION_LIBELLE) VALUES (1640,'ut');
INSERT INTO LIBFONCTIONS (FONCTION_ID,FONCTION_LIBELLE) VALUES (1641,'elit,');
INSERT INTO LIBFONCTIONS (FONCTION_ID,FONCTION_LIBELLE) VALUES (1642,'ac');
INSERT INTO LIBFONCTIONS (FONCTION_ID,FONCTION_LIBELLE) VALUES (1643,'eu');
INSERT INTO LIBFONCTIONS (FONCTION_ID,FONCTION_LIBELLE) VALUES (1644,'metus');
INSERT INTO LIBFONCTIONS (FONCTION_ID,FONCTION_LIBELLE) VALUES (1645,'Mauris');
INSERT INTO LIBFONCTIONS (FONCTION_ID,FONCTION_LIBELLE) VALUES (1646,'nibh.');
INSERT INTO LIBFONCTIONS (FONCTION_ID,FONCTION_LIBELLE) VALUES (1647,'nunc');
INSERT INTO LIBFONCTIONS (FONCTION_ID,FONCTION_LIBELLE) VALUES (1648,'adipiscing');
INSERT INTO LIBFONCTIONS (FONCTION_ID,FONCTION_LIBELLE) VALUES (1649,'iaculis,');
INSERT INTO LIBFONCTIONS (FONCTION_ID,FONCTION_LIBELLE) VALUES (1650,'sem,');
INSERT INTO LIBFONCTIONS (FONCTION_ID,FONCTION_LIBELLE) VALUES (1651,'bibendum');
INSERT INTO LIBFONCTIONS (FONCTION_ID,FONCTION_LIBELLE) VALUES (1652,'malesuada');
INSERT INTO LIBFONCTIONS (FONCTION_ID,FONCTION_LIBELLE) VALUES (1653,'sapien.');
INSERT INTO LIBFONCTIONS (FONCTION_ID,FONCTION_LIBELLE) VALUES (1654,'egestas.');
INSERT INTO LIBFONCTIONS (FONCTION_ID,FONCTION_LIBELLE) VALUES (1655,'lobortis');
INSERT INTO LIBFONCTIONS (FONCTION_ID,FONCTION_LIBELLE) VALUES (1656,'urna.');
INSERT INTO LIBFONCTIONS (FONCTION_ID,FONCTION_LIBELLE) VALUES (1657,'a,');
INSERT INTO LIBFONCTIONS (FONCTION_ID,FONCTION_LIBELLE) VALUES (1658,'primis');
INSERT INTO LIBFONCTIONS (FONCTION_ID,FONCTION_LIBELLE) VALUES (1659,'leo.');
INSERT INTO LIBFONCTIONS (FONCTION_ID,FONCTION_LIBELLE) VALUES (1660,'lectus');
INSERT INTO LIBFONCTIONS (FONCTION_ID,FONCTION_LIBELLE) VALUES (1661,'felis');
INSERT INTO LIBFONCTIONS (FONCTION_ID,FONCTION_LIBELLE) VALUES (1662,'ac');
INSERT INTO LIBFONCTIONS (FONCTION_ID,FONCTION_LIBELLE) VALUES (1663,'velit');
INSERT INTO LIBFONCTIONS (FONCTION_ID,FONCTION_LIBELLE) VALUES (1664,'in');
INSERT INTO LIBFONCTIONS (FONCTION_ID,FONCTION_LIBELLE) VALUES (1665,'imperdiet');
INSERT INTO LIBFONCTIONS (FONCTION_ID,FONCTION_LIBELLE) VALUES (1666,'ut');
INSERT INTO LIBFONCTIONS (FONCTION_ID,FONCTION_LIBELLE) VALUES (1667,'Nunc');
INSERT INTO LIBFONCTIONS (FONCTION_ID,FONCTION_LIBELLE) VALUES (1668,'sit');
INSERT INTO LIBFONCTIONS (FONCTION_ID,FONCTION_LIBELLE) VALUES (1669,'euismod');
INSERT INTO LIBFONCTIONS (FONCTION_ID,FONCTION_LIBELLE) VALUES (1670,'et');
INSERT INTO LIBFONCTIONS (FONCTION_ID,FONCTION_LIBELLE) VALUES (1671,'Quisque');
INSERT INTO LIBFONCTIONS (FONCTION_ID,FONCTION_LIBELLE) VALUES (1672,'lobortis.');
INSERT INTO LIBFONCTIONS (FONCTION_ID,FONCTION_LIBELLE) VALUES (1673,'a,');
INSERT INTO LIBFONCTIONS (FONCTION_ID,FONCTION_LIBELLE) VALUES (1674,'sit');
INSERT INTO LIBFONCTIONS (FONCTION_ID,FONCTION_LIBELLE) VALUES (1675,'magna.');
INSERT INTO LIBFONCTIONS (FONCTION_ID,FONCTION_LIBELLE) VALUES (1676,'ornare');
INSERT INTO LIBFONCTIONS (FONCTION_ID,FONCTION_LIBELLE) VALUES (1677,'ac');
INSERT INTO LIBFONCTIONS (FONCTION_ID,FONCTION_LIBELLE) VALUES (1678,'dui,');
INSERT INTO LIBFONCTIONS (FONCTION_ID,FONCTION_LIBELLE) VALUES (1679,'magnis');
INSERT INTO LIBFONCTIONS (FONCTION_ID,FONCTION_LIBELLE) VALUES (1680,'ac');
INSERT INTO LIBFONCTIONS (FONCTION_ID,FONCTION_LIBELLE) VALUES (1681,'a,');
INSERT INTO LIBFONCTIONS (FONCTION_ID,FONCTION_LIBELLE) VALUES (1682,'velit');
INSERT INTO LIBFONCTIONS (FONCTION_ID,FONCTION_LIBELLE) VALUES (1683,'sagittis');
INSERT INTO LIBFONCTIONS (FONCTION_ID,FONCTION_LIBELLE) VALUES (1684,'lorem');
INSERT INTO LIBFONCTIONS (FONCTION_ID,FONCTION_LIBELLE) VALUES (1685,'erat');
INSERT INTO LIBFONCTIONS (FONCTION_ID,FONCTION_LIBELLE) VALUES (1686,'porttitor');
INSERT INTO LIBFONCTIONS (FONCTION_ID,FONCTION_LIBELLE) VALUES (1687,'commodo');
INSERT INTO LIBFONCTIONS (FONCTION_ID,FONCTION_LIBELLE) VALUES (1688,'lectus');
INSERT INTO LIBFONCTIONS (FONCTION_ID,FONCTION_LIBELLE) VALUES (1689,'nibh.');
INSERT INTO LIBFONCTIONS (FONCTION_ID,FONCTION_LIBELLE) VALUES (1690,'elementum,');
INSERT INTO LIBFONCTIONS (FONCTION_ID,FONCTION_LIBELLE) VALUES (1691,'eu');
INSERT INTO LIBFONCTIONS (FONCTION_ID,FONCTION_LIBELLE) VALUES (1692,'sit');
INSERT INTO LIBFONCTIONS (FONCTION_ID,FONCTION_LIBELLE) VALUES (1693,'odio');
INSERT INTO LIBFONCTIONS (FONCTION_ID,FONCTION_LIBELLE) VALUES (1694,'ac,');
INSERT INTO LIBFONCTIONS (FONCTION_ID,FONCTION_LIBELLE) VALUES (1695,'sed,');
INSERT INTO LIBFONCTIONS (FONCTION_ID,FONCTION_LIBELLE) VALUES (1696,'mauris');
INSERT INTO LIBFONCTIONS (FONCTION_ID,FONCTION_LIBELLE) VALUES (1697,'Donec');
INSERT INTO LIBFONCTIONS (FONCTION_ID,FONCTION_LIBELLE) VALUES (1698,'Etiam');
INSERT INTO LIBFONCTIONS (FONCTION_ID,FONCTION_LIBELLE) VALUES (1699,'Sed');

-----------------------------------------------------------------OK
/* OCCUPERFONCTIONS */
/*
ALTER SESSION SET NLS_DATE_FORMAT = 'YYYY/MM/DD HH24:MI:SS';
INSERT INTO OCCUPERFONCTIONS (COL_MATRICULE,FONCTION_ID,COL_TYPECONTRAT,COL_DATEEMBAUCHE,COL_DATEFINCONTRAT,COL_SALAIREBASE)
 VALUES (1601, 1, 'CDD', '2016/07/28 09:00:00', '2017/07/28 09:00:00', '1300,48');  
 -- d'autres ajouts a faire pour alimenter la base ! =)
SELECT * FROM CDI10.OCCUPERFONCTIONS;
*/
INSERT INTO OCCUPERFONCTIONS (COL_MATRICULE,FONCTION_ID,COL_TYPECONTRAT,COL_DATEEMBAUCHE,COL_DATEFINCONTRAT,COL_SALAIREBASE) VALUES (1600,1,'CDD ','02/05/2016','15/07/2016',2448);
INSERT INTO OCCUPERFONCTIONS (COL_MATRICULE,FONCTION_ID,COL_TYPECONTRAT,COL_DATEEMBAUCHE,COL_DATEFINCONTRAT,COL_SALAIREBASE) VALUES (1601,2,'CDD ','23/02/2016','07/11/2016',3274);
INSERT INTO OCCUPERFONCTIONS (COL_MATRICULE,FONCTION_ID,COL_TYPECONTRAT,COL_DATEEMBAUCHE,COL_DATEFINCONTRAT,COL_SALAIREBASE) VALUES (1602,3,'CDD ','13/02/2016','15/11/2016',2938);
INSERT INTO OCCUPERFONCTIONS (COL_MATRICULE,FONCTION_ID,COL_TYPECONTRAT,COL_DATEEMBAUCHE,COL_DATEFINCONTRAT,COL_SALAIREBASE) VALUES (1603,4,'CDD ','28/03/2016','13/05/2016',2513);
INSERT INTO OCCUPERFONCTIONS (COL_MATRICULE,FONCTION_ID,COL_TYPECONTRAT,COL_DATEEMBAUCHE,COL_DATEFINCONTRAT,COL_SALAIREBASE) VALUES (1604,5,'CDD ','27/05/2016','25/05/2016',3236);
INSERT INTO OCCUPERFONCTIONS (COL_MATRICULE,FONCTION_ID,COL_TYPECONTRAT,COL_DATEEMBAUCHE,COL_DATEFINCONTRAT,COL_SALAIREBASE) VALUES (1605,6,'CDD ','21/10/2016','07/09/2016',3353);
INSERT INTO OCCUPERFONCTIONS (COL_MATRICULE,FONCTION_ID,COL_TYPECONTRAT,COL_DATEEMBAUCHE,COL_DATEFINCONTRAT,COL_SALAIREBASE) VALUES (1606,7,'CDD ','08/01/2016','21/05/2016',2480);
INSERT INTO OCCUPERFONCTIONS (COL_MATRICULE,FONCTION_ID,COL_TYPECONTRAT,COL_DATEEMBAUCHE,COL_DATEFINCONTRAT,COL_SALAIREBASE) VALUES (1607,8,'CDD ','28/09/2016','23/01/2016',1545);
INSERT INTO OCCUPERFONCTIONS (COL_MATRICULE,FONCTION_ID,COL_TYPECONTRAT,COL_DATEEMBAUCHE,COL_DATEFINCONTRAT,COL_SALAIREBASE) VALUES (1608,9,'CDD ','30/09/2016','26/11/2016',2651);
INSERT INTO OCCUPERFONCTIONS (COL_MATRICULE,FONCTION_ID,COL_TYPECONTRAT,COL_DATEEMBAUCHE,COL_DATEFINCONTRAT,COL_SALAIREBASE) VALUES (1609,10,'CDD ','29/03/2016','26/08/2016',3482);
INSERT INTO OCCUPERFONCTIONS (COL_MATRICULE,FONCTION_ID,COL_TYPECONTRAT,COL_DATEEMBAUCHE,COL_DATEFINCONTRAT,COL_SALAIREBASE) VALUES (1610,11,'CDD ','06/12/2016','26/06/2016',1826);
INSERT INTO OCCUPERFONCTIONS (COL_MATRICULE,FONCTION_ID,COL_TYPECONTRAT,COL_DATEEMBAUCHE,COL_DATEFINCONTRAT,COL_SALAIREBASE) VALUES (1611,12,'CDD ','29/05/2016','14/12/2016',2359);
INSERT INTO OCCUPERFONCTIONS (COL_MATRICULE,FONCTION_ID,COL_TYPECONTRAT,COL_DATEEMBAUCHE,COL_DATEFINCONTRAT,COL_SALAIREBASE) VALUES (1612,13,'CDD ','25/08/2016','06/04/2016',2287);
INSERT INTO OCCUPERFONCTIONS (COL_MATRICULE,FONCTION_ID,COL_TYPECONTRAT,COL_DATEEMBAUCHE,COL_DATEFINCONTRAT,COL_SALAIREBASE) VALUES (1613,14,'CDD ','12/09/2016','29/06/2016',3176);
INSERT INTO OCCUPERFONCTIONS (COL_MATRICULE,FONCTION_ID,COL_TYPECONTRAT,COL_DATEEMBAUCHE,COL_DATEFINCONTRAT,COL_SALAIREBASE) VALUES (1614,15,'CDD ','25/07/2016','09/04/2016',2600);
INSERT INTO OCCUPERFONCTIONS (COL_MATRICULE,FONCTION_ID,COL_TYPECONTRAT,COL_DATEEMBAUCHE,COL_DATEFINCONTRAT,COL_SALAIREBASE) VALUES (1615,16,'CDD ','27/01/2016','16/06/2016',2310);
INSERT INTO OCCUPERFONCTIONS (COL_MATRICULE,FONCTION_ID,COL_TYPECONTRAT,COL_DATEEMBAUCHE,COL_DATEFINCONTRAT,COL_SALAIREBASE) VALUES (1616,17,'CDD ','17/01/2016','16/01/2016',2680);
INSERT INTO OCCUPERFONCTIONS (COL_MATRICULE,FONCTION_ID,COL_TYPECONTRAT,COL_DATEEMBAUCHE,COL_DATEFINCONTRAT,COL_SALAIREBASE) VALUES (1617,18,'CDD ','08/03/2016','10/04/2016',2696);
INSERT INTO OCCUPERFONCTIONS (COL_MATRICULE,FONCTION_ID,COL_TYPECONTRAT,COL_DATEEMBAUCHE,COL_DATEFINCONTRAT,COL_SALAIREBASE) VALUES (1618,19,'CDD ','28/08/2016','05/04/2016',3497);
INSERT INTO OCCUPERFONCTIONS (COL_MATRICULE,FONCTION_ID,COL_TYPECONTRAT,COL_DATEEMBAUCHE,COL_DATEFINCONTRAT,COL_SALAIREBASE) VALUES (1619,20,'CDD ','23/01/2016','06/05/2016',3263);
INSERT INTO OCCUPERFONCTIONS (COL_MATRICULE,FONCTION_ID,COL_TYPECONTRAT,COL_DATEEMBAUCHE,COL_DATEFINCONTRAT,COL_SALAIREBASE) VALUES (1620,21,'CDD ','17/08/2016','04/07/2016',1561);
INSERT INTO OCCUPERFONCTIONS (COL_MATRICULE,FONCTION_ID,COL_TYPECONTRAT,COL_DATEEMBAUCHE,COL_DATEFINCONTRAT,COL_SALAIREBASE) VALUES (1621,22,'CDD ','30/12/2016','30/08/2016',2375);
INSERT INTO OCCUPERFONCTIONS (COL_MATRICULE,FONCTION_ID,COL_TYPECONTRAT,COL_DATEEMBAUCHE,COL_DATEFINCONTRAT,COL_SALAIREBASE) VALUES (1622,23,'CDD ','15/02/2016','16/05/2016',2426);
INSERT INTO OCCUPERFONCTIONS (COL_MATRICULE,FONCTION_ID,COL_TYPECONTRAT,COL_DATEEMBAUCHE,COL_DATEFINCONTRAT,COL_SALAIREBASE) VALUES (1623,24,'CDD ','03/06/2016','26/05/2016',2406);
INSERT INTO OCCUPERFONCTIONS (COL_MATRICULE,FONCTION_ID,COL_TYPECONTRAT,COL_DATEEMBAUCHE,COL_DATEFINCONTRAT,COL_SALAIREBASE) VALUES (1624,25,'CDD ','24/04/2016','10/10/2016',3098);
INSERT INTO OCCUPERFONCTIONS (COL_MATRICULE,FONCTION_ID,COL_TYPECONTRAT,COL_DATEEMBAUCHE,COL_DATEFINCONTRAT,COL_SALAIREBASE) VALUES (1625,26,'CDD ','08/12/2016','08/10/2016',3429);
INSERT INTO OCCUPERFONCTIONS (COL_MATRICULE,FONCTION_ID,COL_TYPECONTRAT,COL_DATEEMBAUCHE,COL_DATEFINCONTRAT,COL_SALAIREBASE) VALUES (1626,27,'CDD ','10/12/2016','27/04/2016',2196);
INSERT INTO OCCUPERFONCTIONS (COL_MATRICULE,FONCTION_ID,COL_TYPECONTRAT,COL_DATEEMBAUCHE,COL_DATEFINCONTRAT,COL_SALAIREBASE) VALUES (1627,28,'CDD ','12/04/2016','22/12/2016',2299);
INSERT INTO OCCUPERFONCTIONS (COL_MATRICULE,FONCTION_ID,COL_TYPECONTRAT,COL_DATEEMBAUCHE,COL_DATEFINCONTRAT,COL_SALAIREBASE) VALUES (1628,29,'CDD ','17/02/2016','05/09/2016',2438);
INSERT INTO OCCUPERFONCTIONS (COL_MATRICULE,FONCTION_ID,COL_TYPECONTRAT,COL_DATEEMBAUCHE,COL_DATEFINCONTRAT,COL_SALAIREBASE) VALUES (1629,30,'CDD ','15/01/2016','11/05/2016',1697);
INSERT INTO OCCUPERFONCTIONS (COL_MATRICULE,FONCTION_ID,COL_TYPECONTRAT,COL_DATEEMBAUCHE,COL_DATEFINCONTRAT,COL_SALAIREBASE) VALUES (1630,31,'CDD ','29/02/2016','03/03/2016',1916);
INSERT INTO OCCUPERFONCTIONS (COL_MATRICULE,FONCTION_ID,COL_TYPECONTRAT,COL_DATEEMBAUCHE,COL_DATEFINCONTRAT,COL_SALAIREBASE) VALUES (1631,32,'CDD ','14/12/2016','28/04/2016',1914);
INSERT INTO OCCUPERFONCTIONS (COL_MATRICULE,FONCTION_ID,COL_TYPECONTRAT,COL_DATEEMBAUCHE,COL_DATEFINCONTRAT,COL_SALAIREBASE) VALUES (1632,33,'CDD ','24/09/2016','12/03/2016',3372);
INSERT INTO OCCUPERFONCTIONS (COL_MATRICULE,FONCTION_ID,COL_TYPECONTRAT,COL_DATEEMBAUCHE,COL_DATEFINCONTRAT,COL_SALAIREBASE) VALUES (1633,34,'CDD ','15/12/2016','07/09/2016',2033);
INSERT INTO OCCUPERFONCTIONS (COL_MATRICULE,FONCTION_ID,COL_TYPECONTRAT,COL_DATEEMBAUCHE,COL_DATEFINCONTRAT,COL_SALAIREBASE) VALUES (1634,35,'CDD ','06/08/2016','12/10/2016',1492);
INSERT INTO OCCUPERFONCTIONS (COL_MATRICULE,FONCTION_ID,COL_TYPECONTRAT,COL_DATEEMBAUCHE,COL_DATEFINCONTRAT,COL_SALAIREBASE) VALUES (1635,36,'CDD ','20/05/2016','10/05/2016',2630);
INSERT INTO OCCUPERFONCTIONS (COL_MATRICULE,FONCTION_ID,COL_TYPECONTRAT,COL_DATEEMBAUCHE,COL_DATEFINCONTRAT,COL_SALAIREBASE) VALUES (1636,37,'CDD ','25/05/2016','19/11/2016',1781);
INSERT INTO OCCUPERFONCTIONS (COL_MATRICULE,FONCTION_ID,COL_TYPECONTRAT,COL_DATEEMBAUCHE,COL_DATEFINCONTRAT,COL_SALAIREBASE) VALUES (1637,38,'CDD ','21/03/2016','15/04/2016',3373);
INSERT INTO OCCUPERFONCTIONS (COL_MATRICULE,FONCTION_ID,COL_TYPECONTRAT,COL_DATEEMBAUCHE,COL_DATEFINCONTRAT,COL_SALAIREBASE) VALUES (1638,39,'CDD ','23/05/2016','19/09/2016',2038);
INSERT INTO OCCUPERFONCTIONS (COL_MATRICULE,FONCTION_ID,COL_TYPECONTRAT,COL_DATEEMBAUCHE,COL_DATEFINCONTRAT,COL_SALAIREBASE) VALUES (1639,40,'CDD ','12/03/2016','28/11/2016',2471);
INSERT INTO OCCUPERFONCTIONS (COL_MATRICULE,FONCTION_ID,COL_TYPECONTRAT,COL_DATEEMBAUCHE,COL_DATEFINCONTRAT,COL_SALAIREBASE) VALUES (1640,41,'CDD ','14/05/2016','06/07/2016',1784);
INSERT INTO OCCUPERFONCTIONS (COL_MATRICULE,FONCTION_ID,COL_TYPECONTRAT,COL_DATEEMBAUCHE,COL_DATEFINCONTRAT,COL_SALAIREBASE) VALUES (1641,42,'CDD ','02/12/2016','06/07/2016',3045);
INSERT INTO OCCUPERFONCTIONS (COL_MATRICULE,FONCTION_ID,COL_TYPECONTRAT,COL_DATEEMBAUCHE,COL_DATEFINCONTRAT,COL_SALAIREBASE) VALUES (1642,43,'CDD ','20/01/2016','30/09/2016',1706);
INSERT INTO OCCUPERFONCTIONS (COL_MATRICULE,FONCTION_ID,COL_TYPECONTRAT,COL_DATEEMBAUCHE,COL_DATEFINCONTRAT,COL_SALAIREBASE) VALUES (1643,44,'CDD ','13/07/2016','03/05/2016',2212);
INSERT INTO OCCUPERFONCTIONS (COL_MATRICULE,FONCTION_ID,COL_TYPECONTRAT,COL_DATEEMBAUCHE,COL_DATEFINCONTRAT,COL_SALAIREBASE) VALUES (1644,45,'CDD ','05/01/2016','03/08/2016',2871);
INSERT INTO OCCUPERFONCTIONS (COL_MATRICULE,FONCTION_ID,COL_TYPECONTRAT,COL_DATEEMBAUCHE,COL_DATEFINCONTRAT,COL_SALAIREBASE) VALUES (1645,46,'CDD ','27/11/2016','08/04/2016',3438);
INSERT INTO OCCUPERFONCTIONS (COL_MATRICULE,FONCTION_ID,COL_TYPECONTRAT,COL_DATEEMBAUCHE,COL_DATEFINCONTRAT,COL_SALAIREBASE) VALUES (1646,47,'CDD ','08/08/2016','24/12/2016',1918);
INSERT INTO OCCUPERFONCTIONS (COL_MATRICULE,FONCTION_ID,COL_TYPECONTRAT,COL_DATEEMBAUCHE,COL_DATEFINCONTRAT,COL_SALAIREBASE) VALUES (1647,48,'CDD ','16/05/2016','19/04/2016',2254);
INSERT INTO OCCUPERFONCTIONS (COL_MATRICULE,FONCTION_ID,COL_TYPECONTRAT,COL_DATEEMBAUCHE,COL_DATEFINCONTRAT,COL_SALAIREBASE) VALUES (1648,49,'CDD ','18/07/2016','07/09/2016',1510);
INSERT INTO OCCUPERFONCTIONS (COL_MATRICULE,FONCTION_ID,COL_TYPECONTRAT,COL_DATEEMBAUCHE,COL_DATEFINCONTRAT,COL_SALAIREBASE) VALUES (1649,50,'CDD ','02/04/2016','12/05/2016',2162);
INSERT INTO OCCUPERFONCTIONS (COL_MATRICULE,FONCTION_ID,COL_TYPECONTRAT,COL_DATEEMBAUCHE,COL_DATEFINCONTRAT,COL_SALAIREBASE) VALUES (1650,51,'CDD ','02/04/2016','29/09/2016',2711);
INSERT INTO OCCUPERFONCTIONS (COL_MATRICULE,FONCTION_ID,COL_TYPECONTRAT,COL_DATEEMBAUCHE,COL_DATEFINCONTRAT,COL_SALAIREBASE) VALUES (1651,52,'CDD ','01/02/2016','31/01/2016',2291);
INSERT INTO OCCUPERFONCTIONS (COL_MATRICULE,FONCTION_ID,COL_TYPECONTRAT,COL_DATEEMBAUCHE,COL_DATEFINCONTRAT,COL_SALAIREBASE) VALUES (1652,53,'CDD ','07/06/2016','07/10/2016',2195);
INSERT INTO OCCUPERFONCTIONS (COL_MATRICULE,FONCTION_ID,COL_TYPECONTRAT,COL_DATEEMBAUCHE,COL_DATEFINCONTRAT,COL_SALAIREBASE) VALUES (1653,54,'CDD ','10/12/2016','10/12/2016',3338);
INSERT INTO OCCUPERFONCTIONS (COL_MATRICULE,FONCTION_ID,COL_TYPECONTRAT,COL_DATEEMBAUCHE,COL_DATEFINCONTRAT,COL_SALAIREBASE) VALUES (1654,55,'CDD ','18/02/2016','29/04/2016',3277);
INSERT INTO OCCUPERFONCTIONS (COL_MATRICULE,FONCTION_ID,COL_TYPECONTRAT,COL_DATEEMBAUCHE,COL_DATEFINCONTRAT,COL_SALAIREBASE) VALUES (1655,56,'CDD ','13/07/2016','04/03/2016',1445);
INSERT INTO OCCUPERFONCTIONS (COL_MATRICULE,FONCTION_ID,COL_TYPECONTRAT,COL_DATEEMBAUCHE,COL_DATEFINCONTRAT,COL_SALAIREBASE) VALUES (1656,57,'CDD ','09/05/2016','06/04/2016',2638);
INSERT INTO OCCUPERFONCTIONS (COL_MATRICULE,FONCTION_ID,COL_TYPECONTRAT,COL_DATEEMBAUCHE,COL_DATEFINCONTRAT,COL_SALAIREBASE) VALUES (1657,58,'CDD ','27/06/2016','14/08/2016',2476);
INSERT INTO OCCUPERFONCTIONS (COL_MATRICULE,FONCTION_ID,COL_TYPECONTRAT,COL_DATEEMBAUCHE,COL_DATEFINCONTRAT,COL_SALAIREBASE) VALUES (1658,59,'CDD ','09/02/2016','07/04/2016',3040);
INSERT INTO OCCUPERFONCTIONS (COL_MATRICULE,FONCTION_ID,COL_TYPECONTRAT,COL_DATEEMBAUCHE,COL_DATEFINCONTRAT,COL_SALAIREBASE) VALUES (1659,60,'CDD ','05/04/2016','24/02/2016',3383);
INSERT INTO OCCUPERFONCTIONS (COL_MATRICULE,FONCTION_ID,COL_TYPECONTRAT,COL_DATEEMBAUCHE,COL_DATEFINCONTRAT,COL_SALAIREBASE) VALUES (1660,61,'CDD ','05/06/2016','08/09/2016',3025);
INSERT INTO OCCUPERFONCTIONS (COL_MATRICULE,FONCTION_ID,COL_TYPECONTRAT,COL_DATEEMBAUCHE,COL_DATEFINCONTRAT,COL_SALAIREBASE) VALUES (1661,62,'CDD ','01/06/2016','30/03/2016',2628);
INSERT INTO OCCUPERFONCTIONS (COL_MATRICULE,FONCTION_ID,COL_TYPECONTRAT,COL_DATEEMBAUCHE,COL_DATEFINCONTRAT,COL_SALAIREBASE) VALUES (1662,63,'CDD ','10/12/2016','09/07/2016',3316);
INSERT INTO OCCUPERFONCTIONS (COL_MATRICULE,FONCTION_ID,COL_TYPECONTRAT,COL_DATEEMBAUCHE,COL_DATEFINCONTRAT,COL_SALAIREBASE) VALUES (1663,64,'CDD ','05/07/2016','05/07/2016',1913);
INSERT INTO OCCUPERFONCTIONS (COL_MATRICULE,FONCTION_ID,COL_TYPECONTRAT,COL_DATEEMBAUCHE,COL_DATEFINCONTRAT,COL_SALAIREBASE) VALUES (1664,65,'CDD ','24/04/2016','02/11/2016',2303);
INSERT INTO OCCUPERFONCTIONS (COL_MATRICULE,FONCTION_ID,COL_TYPECONTRAT,COL_DATEEMBAUCHE,COL_DATEFINCONTRAT,COL_SALAIREBASE) VALUES (1665,66,'CDD ','22/02/2016','20/03/2016',2894);
INSERT INTO OCCUPERFONCTIONS (COL_MATRICULE,FONCTION_ID,COL_TYPECONTRAT,COL_DATEEMBAUCHE,COL_DATEFINCONTRAT,COL_SALAIREBASE) VALUES (1666,67,'CDD ','16/07/2016','29/01/2016',3205);
INSERT INTO OCCUPERFONCTIONS (COL_MATRICULE,FONCTION_ID,COL_TYPECONTRAT,COL_DATEEMBAUCHE,COL_DATEFINCONTRAT,COL_SALAIREBASE) VALUES (1667,68,'CDD ','19/10/2016','07/10/2016',1668);
INSERT INTO OCCUPERFONCTIONS (COL_MATRICULE,FONCTION_ID,COL_TYPECONTRAT,COL_DATEEMBAUCHE,COL_DATEFINCONTRAT,COL_SALAIREBASE) VALUES (1668,69,'CDD ','04/09/2016','08/11/2016',3011);
INSERT INTO OCCUPERFONCTIONS (COL_MATRICULE,FONCTION_ID,COL_TYPECONTRAT,COL_DATEEMBAUCHE,COL_DATEFINCONTRAT,COL_SALAIREBASE) VALUES (1669,70,'CDD ','28/08/2016','15/05/2016',2025);
INSERT INTO OCCUPERFONCTIONS (COL_MATRICULE,FONCTION_ID,COL_TYPECONTRAT,COL_DATEEMBAUCHE,COL_DATEFINCONTRAT,COL_SALAIREBASE) VALUES (1670,71,'CDD ','27/06/2016','11/11/2016',1445);
INSERT INTO OCCUPERFONCTIONS (COL_MATRICULE,FONCTION_ID,COL_TYPECONTRAT,COL_DATEEMBAUCHE,COL_DATEFINCONTRAT,COL_SALAIREBASE) VALUES (1671,72,'CDD ','15/09/2016','31/10/2016',3140);
INSERT INTO OCCUPERFONCTIONS (COL_MATRICULE,FONCTION_ID,COL_TYPECONTRAT,COL_DATEEMBAUCHE,COL_DATEFINCONTRAT,COL_SALAIREBASE) VALUES (1672,73,'CDD ','28/07/2016','11/12/2016',2319);
INSERT INTO OCCUPERFONCTIONS (COL_MATRICULE,FONCTION_ID,COL_TYPECONTRAT,COL_DATEEMBAUCHE,COL_DATEFINCONTRAT,COL_SALAIREBASE) VALUES (1673,74,'CDD ','01/05/2016','11/10/2016',1543);
INSERT INTO OCCUPERFONCTIONS (COL_MATRICULE,FONCTION_ID,COL_TYPECONTRAT,COL_DATEEMBAUCHE,COL_DATEFINCONTRAT,COL_SALAIREBASE) VALUES (1674,75,'CDD ','15/12/2016','14/03/2016',2261);
INSERT INTO OCCUPERFONCTIONS (COL_MATRICULE,FONCTION_ID,COL_TYPECONTRAT,COL_DATEEMBAUCHE,COL_DATEFINCONTRAT,COL_SALAIREBASE) VALUES (1675,76,'CDD ','20/12/2016','21/07/2016',2948);
INSERT INTO OCCUPERFONCTIONS (COL_MATRICULE,FONCTION_ID,COL_TYPECONTRAT,COL_DATEEMBAUCHE,COL_DATEFINCONTRAT,COL_SALAIREBASE) VALUES (1676,77,'CDD ','30/06/2016','13/11/2016',2672);
INSERT INTO OCCUPERFONCTIONS (COL_MATRICULE,FONCTION_ID,COL_TYPECONTRAT,COL_DATEEMBAUCHE,COL_DATEFINCONTRAT,COL_SALAIREBASE) VALUES (1677,78,'CDD ','03/11/2016','26/11/2016',2382);
INSERT INTO OCCUPERFONCTIONS (COL_MATRICULE,FONCTION_ID,COL_TYPECONTRAT,COL_DATEEMBAUCHE,COL_DATEFINCONTRAT,COL_SALAIREBASE) VALUES (1678,79,'CDD ','28/02/2016','01/08/2016',2037);
INSERT INTO OCCUPERFONCTIONS (COL_MATRICULE,FONCTION_ID,COL_TYPECONTRAT,COL_DATEEMBAUCHE,COL_DATEFINCONTRAT,COL_SALAIREBASE) VALUES (1679,80,'CDD ','02/10/2016','14/03/2016',2600);
INSERT INTO OCCUPERFONCTIONS (COL_MATRICULE,FONCTION_ID,COL_TYPECONTRAT,COL_DATEEMBAUCHE,COL_DATEFINCONTRAT,COL_SALAIREBASE) VALUES (1680,81,'CDD ','28/04/2016','04/09/2016',2248);
INSERT INTO OCCUPERFONCTIONS (COL_MATRICULE,FONCTION_ID,COL_TYPECONTRAT,COL_DATEEMBAUCHE,COL_DATEFINCONTRAT,COL_SALAIREBASE) VALUES (1681,82,'CDD ','05/04/2016','18/07/2016',1568);
INSERT INTO OCCUPERFONCTIONS (COL_MATRICULE,FONCTION_ID,COL_TYPECONTRAT,COL_DATEEMBAUCHE,COL_DATEFINCONTRAT,COL_SALAIREBASE) VALUES (1682,83,'CDD ','23/06/2016','23/12/2016',2500);
INSERT INTO OCCUPERFONCTIONS (COL_MATRICULE,FONCTION_ID,COL_TYPECONTRAT,COL_DATEEMBAUCHE,COL_DATEFINCONTRAT,COL_SALAIREBASE) VALUES (1683,84,'CDD ','14/02/2016','04/09/2016',2011);
INSERT INTO OCCUPERFONCTIONS (COL_MATRICULE,FONCTION_ID,COL_TYPECONTRAT,COL_DATEEMBAUCHE,COL_DATEFINCONTRAT,COL_SALAIREBASE) VALUES (1684,85,'CDD ','16/07/2016','18/10/2016',2405);
INSERT INTO OCCUPERFONCTIONS (COL_MATRICULE,FONCTION_ID,COL_TYPECONTRAT,COL_DATEEMBAUCHE,COL_DATEFINCONTRAT,COL_SALAIREBASE) VALUES (1685,86,'CDD ','30/10/2016','06/12/2016',2890);
INSERT INTO OCCUPERFONCTIONS (COL_MATRICULE,FONCTION_ID,COL_TYPECONTRAT,COL_DATEEMBAUCHE,COL_DATEFINCONTRAT,COL_SALAIREBASE) VALUES (1686,87,'CDD ','28/04/2016','28/11/2016',2631);
INSERT INTO OCCUPERFONCTIONS (COL_MATRICULE,FONCTION_ID,COL_TYPECONTRAT,COL_DATEEMBAUCHE,COL_DATEFINCONTRAT,COL_SALAIREBASE) VALUES (1687,88,'CDD ','03/11/2016','30/03/2016',1525);
INSERT INTO OCCUPERFONCTIONS (COL_MATRICULE,FONCTION_ID,COL_TYPECONTRAT,COL_DATEEMBAUCHE,COL_DATEFINCONTRAT,COL_SALAIREBASE) VALUES (1688,89,'CDD ','07/04/2016','17/03/2016',1955);
INSERT INTO OCCUPERFONCTIONS (COL_MATRICULE,FONCTION_ID,COL_TYPECONTRAT,COL_DATEEMBAUCHE,COL_DATEFINCONTRAT,COL_SALAIREBASE) VALUES (1689,90,'CDD ','14/08/2016','18/04/2016',2441);
INSERT INTO OCCUPERFONCTIONS (COL_MATRICULE,FONCTION_ID,COL_TYPECONTRAT,COL_DATEEMBAUCHE,COL_DATEFINCONTRAT,COL_SALAIREBASE) VALUES (1690,91,'CDD ','10/12/2016','05/09/2016',3376);
INSERT INTO OCCUPERFONCTIONS (COL_MATRICULE,FONCTION_ID,COL_TYPECONTRAT,COL_DATEEMBAUCHE,COL_DATEFINCONTRAT,COL_SALAIREBASE) VALUES (1691,92,'CDD ','07/05/2016','09/08/2016',2556);
INSERT INTO OCCUPERFONCTIONS (COL_MATRICULE,FONCTION_ID,COL_TYPECONTRAT,COL_DATEEMBAUCHE,COL_DATEFINCONTRAT,COL_SALAIREBASE) VALUES (1692,93,'CDD ','23/02/2016','24/02/2016',1592);
INSERT INTO OCCUPERFONCTIONS (COL_MATRICULE,FONCTION_ID,COL_TYPECONTRAT,COL_DATEEMBAUCHE,COL_DATEFINCONTRAT,COL_SALAIREBASE) VALUES (1693,94,'CDD ','12/01/2016','17/01/2016',1588);
INSERT INTO OCCUPERFONCTIONS (COL_MATRICULE,FONCTION_ID,COL_TYPECONTRAT,COL_DATEEMBAUCHE,COL_DATEFINCONTRAT,COL_SALAIREBASE) VALUES (1694,95,'CDD ','22/12/2016','11/06/2016',1519);
INSERT INTO OCCUPERFONCTIONS (COL_MATRICULE,FONCTION_ID,COL_TYPECONTRAT,COL_DATEEMBAUCHE,COL_DATEFINCONTRAT,COL_SALAIREBASE) VALUES (1695,96,'CDD ','02/03/2016','29/01/2016',3474);
INSERT INTO OCCUPERFONCTIONS (COL_MATRICULE,FONCTION_ID,COL_TYPECONTRAT,COL_DATEEMBAUCHE,COL_DATEFINCONTRAT,COL_SALAIREBASE) VALUES (1696,97,'CDD ','07/11/2016','08/02/2016',1563);
INSERT INTO OCCUPERFONCTIONS (COL_MATRICULE,FONCTION_ID,COL_TYPECONTRAT,COL_DATEEMBAUCHE,COL_DATEFINCONTRAT,COL_SALAIREBASE) VALUES (1697,98,'CDD ','04/04/2016','19/01/2016',3460);
INSERT INTO OCCUPERFONCTIONS (COL_MATRICULE,FONCTION_ID,COL_TYPECONTRAT,COL_DATEEMBAUCHE,COL_DATEFINCONTRAT,COL_SALAIREBASE) VALUES (1698,99,'CDD ','07/08/2016','29/10/2016',1890);
INSERT INTO OCCUPERFONCTIONS (COL_MATRICULE,FONCTION_ID,COL_TYPECONTRAT,COL_DATEEMBAUCHE,COL_DATEFINCONTRAT,COL_SALAIREBASE) VALUES (1699,100,'CDD ','23/10/2016','06/08/2016',1911);

-----------------------------------------------------------------OK
/* LIBDOMACTIVITES */
/*
INSERT INTO LIBDOMACTIVITES (CLI_DOMAINEID,CLI_DOMAINEACTIVITE)
 VALUES (S_LIBDOMACTIVITES.nextval, 'Agro-Alimentaire');  
 -- d'autres ajouts a faire pour alimenter la base ! =)
SELECT * FROM CDI10.LIBDOMACTIVITES;
*/
INSERT INTO LIBDOMACTIVITES (CLI_DOMAINEID,CLI_DOMAINEACTIVITE) VALUES (1600,'nulla.');
INSERT INTO LIBDOMACTIVITES (CLI_DOMAINEID,CLI_DOMAINEACTIVITE) VALUES (1601,'Sed');
INSERT INTO LIBDOMACTIVITES (CLI_DOMAINEID,CLI_DOMAINEACTIVITE) VALUES (1602,'tellus');
INSERT INTO LIBDOMACTIVITES (CLI_DOMAINEID,CLI_DOMAINEACTIVITE) VALUES (1603,'Aliquam');
INSERT INTO LIBDOMACTIVITES (CLI_DOMAINEID,CLI_DOMAINEACTIVITE) VALUES (1604,'lorem');
INSERT INTO LIBDOMACTIVITES (CLI_DOMAINEID,CLI_DOMAINEACTIVITE) VALUES (1605,'a,');
INSERT INTO LIBDOMACTIVITES (CLI_DOMAINEID,CLI_DOMAINEACTIVITE) VALUES (1606,'neque.');
INSERT INTO LIBDOMACTIVITES (CLI_DOMAINEID,CLI_DOMAINEACTIVITE) VALUES (1607,'pede.');
INSERT INTO LIBDOMACTIVITES (CLI_DOMAINEID,CLI_DOMAINEACTIVITE) VALUES (1608,'lacinia');
INSERT INTO LIBDOMACTIVITES (CLI_DOMAINEID,CLI_DOMAINEACTIVITE) VALUES (1609,'ipsum');
INSERT INTO LIBDOMACTIVITES (CLI_DOMAINEID,CLI_DOMAINEACTIVITE) VALUES (1610,'non,');
INSERT INTO LIBDOMACTIVITES (CLI_DOMAINEID,CLI_DOMAINEACTIVITE) VALUES (1611,'Nunc');
INSERT INTO LIBDOMACTIVITES (CLI_DOMAINEID,CLI_DOMAINEACTIVITE) VALUES (1612,'Vestibulum');
INSERT INTO LIBDOMACTIVITES (CLI_DOMAINEID,CLI_DOMAINEACTIVITE) VALUES (1613,'ut');
INSERT INTO LIBDOMACTIVITES (CLI_DOMAINEID,CLI_DOMAINEACTIVITE) VALUES (1614,'augue');
INSERT INTO LIBDOMACTIVITES (CLI_DOMAINEID,CLI_DOMAINEACTIVITE) VALUES (1615,'consectetuer');
INSERT INTO LIBDOMACTIVITES (CLI_DOMAINEID,CLI_DOMAINEACTIVITE) VALUES (1616,'rhoncus.');
INSERT INTO LIBDOMACTIVITES (CLI_DOMAINEID,CLI_DOMAINEACTIVITE) VALUES (1617,'egestas.');
INSERT INTO LIBDOMACTIVITES (CLI_DOMAINEID,CLI_DOMAINEACTIVITE) VALUES (1618,'turpis');
INSERT INTO LIBDOMACTIVITES (CLI_DOMAINEID,CLI_DOMAINEACTIVITE) VALUES (1619,'felis');
INSERT INTO LIBDOMACTIVITES (CLI_DOMAINEID,CLI_DOMAINEACTIVITE) VALUES (1620,'Proin');
INSERT INTO LIBDOMACTIVITES (CLI_DOMAINEID,CLI_DOMAINEACTIVITE) VALUES (1621,'Cum');
INSERT INTO LIBDOMACTIVITES (CLI_DOMAINEID,CLI_DOMAINEACTIVITE) VALUES (1622,'tempus');
INSERT INTO LIBDOMACTIVITES (CLI_DOMAINEID,CLI_DOMAINEACTIVITE) VALUES (1623,'vel');
INSERT INTO LIBDOMACTIVITES (CLI_DOMAINEID,CLI_DOMAINEACTIVITE) VALUES (1624,'est');
INSERT INTO LIBDOMACTIVITES (CLI_DOMAINEID,CLI_DOMAINEACTIVITE) VALUES (1625,'Praesent');
INSERT INTO LIBDOMACTIVITES (CLI_DOMAINEID,CLI_DOMAINEACTIVITE) VALUES (1626,'Quisque');
INSERT INTO LIBDOMACTIVITES (CLI_DOMAINEID,CLI_DOMAINEACTIVITE) VALUES (1627,'et');
INSERT INTO LIBDOMACTIVITES (CLI_DOMAINEID,CLI_DOMAINEACTIVITE) VALUES (1628,'leo.');
INSERT INTO LIBDOMACTIVITES (CLI_DOMAINEID,CLI_DOMAINEACTIVITE) VALUES (1629,'mollis');
INSERT INTO LIBDOMACTIVITES (CLI_DOMAINEID,CLI_DOMAINEACTIVITE) VALUES (1630,'eleifend');
INSERT INTO LIBDOMACTIVITES (CLI_DOMAINEID,CLI_DOMAINEACTIVITE) VALUES (1631,'bibendum');
INSERT INTO LIBDOMACTIVITES (CLI_DOMAINEID,CLI_DOMAINEACTIVITE) VALUES (1632,'ornare');
INSERT INTO LIBDOMACTIVITES (CLI_DOMAINEID,CLI_DOMAINEACTIVITE) VALUES (1633,'iaculis');
INSERT INTO LIBDOMACTIVITES (CLI_DOMAINEID,CLI_DOMAINEACTIVITE) VALUES (1634,'nec,');
INSERT INTO LIBDOMACTIVITES (CLI_DOMAINEID,CLI_DOMAINEACTIVITE) VALUES (1635,'Sed');
INSERT INTO LIBDOMACTIVITES (CLI_DOMAINEID,CLI_DOMAINEACTIVITE) VALUES (1636,'amet');
INSERT INTO LIBDOMACTIVITES (CLI_DOMAINEID,CLI_DOMAINEACTIVITE) VALUES (1637,'Donec');
INSERT INTO LIBDOMACTIVITES (CLI_DOMAINEID,CLI_DOMAINEACTIVITE) VALUES (1638,'pellentesque');
INSERT INTO LIBDOMACTIVITES (CLI_DOMAINEID,CLI_DOMAINEACTIVITE) VALUES (1639,'sem');
INSERT INTO LIBDOMACTIVITES (CLI_DOMAINEID,CLI_DOMAINEACTIVITE) VALUES (1640,'Duis');
INSERT INTO LIBDOMACTIVITES (CLI_DOMAINEID,CLI_DOMAINEACTIVITE) VALUES (1641,'lorem,');
INSERT INTO LIBDOMACTIVITES (CLI_DOMAINEID,CLI_DOMAINEACTIVITE) VALUES (1642,'et,');
INSERT INTO LIBDOMACTIVITES (CLI_DOMAINEID,CLI_DOMAINEACTIVITE) VALUES (1643,'ultricies');
INSERT INTO LIBDOMACTIVITES (CLI_DOMAINEID,CLI_DOMAINEACTIVITE) VALUES (1644,'magna');
INSERT INTO LIBDOMACTIVITES (CLI_DOMAINEID,CLI_DOMAINEACTIVITE) VALUES (1645,'euismod');
INSERT INTO LIBDOMACTIVITES (CLI_DOMAINEID,CLI_DOMAINEACTIVITE) VALUES (1646,'nunc');
INSERT INTO LIBDOMACTIVITES (CLI_DOMAINEID,CLI_DOMAINEACTIVITE) VALUES (1647,'arcu.');
INSERT INTO LIBDOMACTIVITES (CLI_DOMAINEID,CLI_DOMAINEACTIVITE) VALUES (1648,'est');
INSERT INTO LIBDOMACTIVITES (CLI_DOMAINEID,CLI_DOMAINEACTIVITE) VALUES (1649,'quis');
INSERT INTO LIBDOMACTIVITES (CLI_DOMAINEID,CLI_DOMAINEACTIVITE) VALUES (1650,'penatibus');
INSERT INTO LIBDOMACTIVITES (CLI_DOMAINEID,CLI_DOMAINEACTIVITE) VALUES (1651,'montes,');
INSERT INTO LIBDOMACTIVITES (CLI_DOMAINEID,CLI_DOMAINEACTIVITE) VALUES (1652,'urna.');
INSERT INTO LIBDOMACTIVITES (CLI_DOMAINEID,CLI_DOMAINEACTIVITE) VALUES (1653,'dolor');
INSERT INTO LIBDOMACTIVITES (CLI_DOMAINEID,CLI_DOMAINEACTIVITE) VALUES (1654,'faucibus');
INSERT INTO LIBDOMACTIVITES (CLI_DOMAINEID,CLI_DOMAINEACTIVITE) VALUES (1655,'tempor');
INSERT INTO LIBDOMACTIVITES (CLI_DOMAINEID,CLI_DOMAINEACTIVITE) VALUES (1656,'est');
INSERT INTO LIBDOMACTIVITES (CLI_DOMAINEID,CLI_DOMAINEACTIVITE) VALUES (1657,'justo');
INSERT INTO LIBDOMACTIVITES (CLI_DOMAINEID,CLI_DOMAINEACTIVITE) VALUES (1658,'mus.');
INSERT INTO LIBDOMACTIVITES (CLI_DOMAINEID,CLI_DOMAINEACTIVITE) VALUES (1659,'risus.');
INSERT INTO LIBDOMACTIVITES (CLI_DOMAINEID,CLI_DOMAINEACTIVITE) VALUES (1660,'fermentum');
INSERT INTO LIBDOMACTIVITES (CLI_DOMAINEID,CLI_DOMAINEACTIVITE) VALUES (1661,'est,');
INSERT INTO LIBDOMACTIVITES (CLI_DOMAINEID,CLI_DOMAINEACTIVITE) VALUES (1662,'eu');
INSERT INTO LIBDOMACTIVITES (CLI_DOMAINEID,CLI_DOMAINEACTIVITE) VALUES (1663,'amet,');
INSERT INTO LIBDOMACTIVITES (CLI_DOMAINEID,CLI_DOMAINEACTIVITE) VALUES (1664,'tellus.');
INSERT INTO LIBDOMACTIVITES (CLI_DOMAINEID,CLI_DOMAINEACTIVITE) VALUES (1665,'feugiat.');
INSERT INTO LIBDOMACTIVITES (CLI_DOMAINEID,CLI_DOMAINEACTIVITE) VALUES (1666,'et');
INSERT INTO LIBDOMACTIVITES (CLI_DOMAINEID,CLI_DOMAINEACTIVITE) VALUES (1667,'arcu.');
INSERT INTO LIBDOMACTIVITES (CLI_DOMAINEID,CLI_DOMAINEACTIVITE) VALUES (1668,'lorem');
INSERT INTO LIBDOMACTIVITES (CLI_DOMAINEID,CLI_DOMAINEACTIVITE) VALUES (1669,'mauris');
INSERT INTO LIBDOMACTIVITES (CLI_DOMAINEID,CLI_DOMAINEACTIVITE) VALUES (1670,'nunc');
INSERT INTO LIBDOMACTIVITES (CLI_DOMAINEID,CLI_DOMAINEACTIVITE) VALUES (1671,'Aenean');
INSERT INTO LIBDOMACTIVITES (CLI_DOMAINEID,CLI_DOMAINEACTIVITE) VALUES (1672,'Morbi');
INSERT INTO LIBDOMACTIVITES (CLI_DOMAINEID,CLI_DOMAINEACTIVITE) VALUES (1673,'diam.');
INSERT INTO LIBDOMACTIVITES (CLI_DOMAINEID,CLI_DOMAINEACTIVITE) VALUES (1674,'vitae,');
INSERT INTO LIBDOMACTIVITES (CLI_DOMAINEID,CLI_DOMAINEACTIVITE) VALUES (1675,'dignissim');
INSERT INTO LIBDOMACTIVITES (CLI_DOMAINEID,CLI_DOMAINEACTIVITE) VALUES (1676,'Cras');
INSERT INTO LIBDOMACTIVITES (CLI_DOMAINEID,CLI_DOMAINEACTIVITE) VALUES (1677,'urna');
INSERT INTO LIBDOMACTIVITES (CLI_DOMAINEID,CLI_DOMAINEACTIVITE) VALUES (1678,'ante,');
INSERT INTO LIBDOMACTIVITES (CLI_DOMAINEID,CLI_DOMAINEACTIVITE) VALUES (1679,'Integer');
INSERT INTO LIBDOMACTIVITES (CLI_DOMAINEID,CLI_DOMAINEACTIVITE) VALUES (1680,'non');
INSERT INTO LIBDOMACTIVITES (CLI_DOMAINEID,CLI_DOMAINEACTIVITE) VALUES (1681,'Nunc');
INSERT INTO LIBDOMACTIVITES (CLI_DOMAINEID,CLI_DOMAINEACTIVITE) VALUES (1682,'nisi.');
INSERT INTO LIBDOMACTIVITES (CLI_DOMAINEID,CLI_DOMAINEACTIVITE) VALUES (1683,'non');
INSERT INTO LIBDOMACTIVITES (CLI_DOMAINEID,CLI_DOMAINEACTIVITE) VALUES (1684,'turpis.');
INSERT INTO LIBDOMACTIVITES (CLI_DOMAINEID,CLI_DOMAINEACTIVITE) VALUES (1685,'ut');
INSERT INTO LIBDOMACTIVITES (CLI_DOMAINEID,CLI_DOMAINEACTIVITE) VALUES (1686,'eu,');
INSERT INTO LIBDOMACTIVITES (CLI_DOMAINEID,CLI_DOMAINEACTIVITE) VALUES (1687,'Curabitur');
INSERT INTO LIBDOMACTIVITES (CLI_DOMAINEID,CLI_DOMAINEACTIVITE) VALUES (1688,'sed');
INSERT INTO LIBDOMACTIVITES (CLI_DOMAINEID,CLI_DOMAINEACTIVITE) VALUES (1689,'Nunc');
INSERT INTO LIBDOMACTIVITES (CLI_DOMAINEID,CLI_DOMAINEACTIVITE) VALUES (1690,'ut');
INSERT INTO LIBDOMACTIVITES (CLI_DOMAINEID,CLI_DOMAINEACTIVITE) VALUES (1691,'ligula');
INSERT INTO LIBDOMACTIVITES (CLI_DOMAINEID,CLI_DOMAINEACTIVITE) VALUES (1692,'consectetuer');
INSERT INTO LIBDOMACTIVITES (CLI_DOMAINEID,CLI_DOMAINEACTIVITE) VALUES (1693,'Phasellus');
INSERT INTO LIBDOMACTIVITES (CLI_DOMAINEID,CLI_DOMAINEACTIVITE) VALUES (1694,'urna,');
INSERT INTO LIBDOMACTIVITES (CLI_DOMAINEID,CLI_DOMAINEACTIVITE) VALUES (1695,'pede');
INSERT INTO LIBDOMACTIVITES (CLI_DOMAINEID,CLI_DOMAINEACTIVITE) VALUES (1696,'dui.');
INSERT INTO LIBDOMACTIVITES (CLI_DOMAINEID,CLI_DOMAINEACTIVITE) VALUES (1697,'vehicula');
INSERT INTO LIBDOMACTIVITES (CLI_DOMAINEID,CLI_DOMAINEACTIVITE) VALUES (1698,'blandit');
INSERT INTO LIBDOMACTIVITES (CLI_DOMAINEID,CLI_DOMAINEACTIVITE) VALUES (1699,'at,');

-----------------------------------------------------------------OK
/* CLIENTS */
/*
INSERT INTO CLIENTS (CLI_NUMCLIENT,CLI_NOM,CLI_RAISONSOCIALE,CLI_TYPE,CLI_ADRESSE,CLI_TELEPHONE,CLI_CHIFFREAFFAIRE,CLI_EFFECTIFS,CLI_NATURE)
 VALUES (1601, 'NaturalFood', 'SARL', 'Pr', '20 rue de la cambrousse 00000 Neverland', '0123456789',10,35,'principale');  
 -- Creer aussi directement la liaison avec son domaine d'activite ! > CLIDOMAINE
SELECT * FROM CDI10.CLIENTS;
*/
INSERT INTO CLIENTS (CLI_NUMCLIENT,CLI_NOM,CLI_RAISONSOCIALE,CLI_TYPE,CLI_ADRESSE,CLI_TELEPHONE,CLI_CHIFFREAFFAIRE,CLI_EFFECTIFS,CLI_NATURE) VALUES (1600,'Erat Semper Corporation','SA ','P ','CP 964, 590 Ut Avenue','(899) 154-2480',479,149,'P ');
INSERT INTO CLIENTS (CLI_NUMCLIENT,CLI_NOM,CLI_RAISONSOCIALE,CLI_TYPE,CLI_ADRESSE,CLI_TELEPHONE,CLI_CHIFFREAFFAIRE,CLI_EFFECTIFS,CLI_NATURE) VALUES (1601,'Sapien Cursus In Ltd','SA ','P ','Appartement 946-4040 In Avenue','(192) 587-6730',667,228,'P ');
INSERT INTO CLIENTS (CLI_NUMCLIENT,CLI_NOM,CLI_RAISONSOCIALE,CLI_TYPE,CLI_ADRESSE,CLI_TELEPHONE,CLI_CHIFFREAFFAIRE,CLI_EFFECTIFS,CLI_NATURE) VALUES (1602,'Augue PC','SA ','P ','Appartement 232-9855 Enim. Impasse','(457) 753-8149',311,209,'P ');
INSERT INTO CLIENTS (CLI_NUMCLIENT,CLI_NOM,CLI_RAISONSOCIALE,CLI_TYPE,CLI_ADRESSE,CLI_TELEPHONE,CLI_CHIFFREAFFAIRE,CLI_EFFECTIFS,CLI_NATURE) VALUES (1603,'Dolor Tempus Non Corporation','SA ','P ','9533 Vehicula Chemin','(905) 927-7511',453,124,'P ');
INSERT INTO CLIENTS (CLI_NUMCLIENT,CLI_NOM,CLI_RAISONSOCIALE,CLI_TYPE,CLI_ADRESSE,CLI_TELEPHONE,CLI_CHIFFREAFFAIRE,CLI_EFFECTIFS,CLI_NATURE) VALUES (1604,'At Velit Foundation','SA ','P ','CP 348, 7274 At, Impasse','(627) 123-8699',700,32,'P ');
INSERT INTO CLIENTS (CLI_NUMCLIENT,CLI_NOM,CLI_RAISONSOCIALE,CLI_TYPE,CLI_ADRESSE,CLI_TELEPHONE,CLI_CHIFFREAFFAIRE,CLI_EFFECTIFS,CLI_NATURE) VALUES (1605,'Quis Arcu LLC','SA ','P ','CP 471, 7442 Suspendisse Ave','(755) 107-6022',118,235,'P ');
INSERT INTO CLIENTS (CLI_NUMCLIENT,CLI_NOM,CLI_RAISONSOCIALE,CLI_TYPE,CLI_ADRESSE,CLI_TELEPHONE,CLI_CHIFFREAFFAIRE,CLI_EFFECTIFS,CLI_NATURE) VALUES (1606,'Magna Phasellus Dolor Foundation','SA ','P ','5331 Gravida Chemin','(245) 843-5442',224,142,'P ');
INSERT INTO CLIENTS (CLI_NUMCLIENT,CLI_NOM,CLI_RAISONSOCIALE,CLI_TYPE,CLI_ADRESSE,CLI_TELEPHONE,CLI_CHIFFREAFFAIRE,CLI_EFFECTIFS,CLI_NATURE) VALUES (1607,'Tellus Foundation','SA ','P ','CP 647, 4037 Pede. Ave','(718) 653-7489',590,273,'P ');
INSERT INTO CLIENTS (CLI_NUMCLIENT,CLI_NOM,CLI_RAISONSOCIALE,CLI_TYPE,CLI_ADRESSE,CLI_TELEPHONE,CLI_CHIFFREAFFAIRE,CLI_EFFECTIFS,CLI_NATURE) VALUES (1608,'Tempor Erat Consulting','SA ','P ','919-150 Nullam Rd.','(120) 686-5518',545,65,'P ');
INSERT INTO CLIENTS (CLI_NUMCLIENT,CLI_NOM,CLI_RAISONSOCIALE,CLI_TYPE,CLI_ADRESSE,CLI_TELEPHONE,CLI_CHIFFREAFFAIRE,CLI_EFFECTIFS,CLI_NATURE) VALUES (1609,'Metus In Nec Incorporated','SA ','P ','CP 767, 1886 Consectetuer Rue','(586) 607-3980',862,143,'P ');
INSERT INTO CLIENTS (CLI_NUMCLIENT,CLI_NOM,CLI_RAISONSOCIALE,CLI_TYPE,CLI_ADRESSE,CLI_TELEPHONE,CLI_CHIFFREAFFAIRE,CLI_EFFECTIFS,CLI_NATURE) VALUES (1610,'Mauris Elit Corp.','SA ','P ','873-6700 Ut Rue','(408) 708-5774',561,130,'P ');
INSERT INTO CLIENTS (CLI_NUMCLIENT,CLI_NOM,CLI_RAISONSOCIALE,CLI_TYPE,CLI_ADRESSE,CLI_TELEPHONE,CLI_CHIFFREAFFAIRE,CLI_EFFECTIFS,CLI_NATURE) VALUES (1611,'Aliquam LLC','SA ','P ','7822 Curae; Ave','(501) 535-3267',897,45,'P ');
INSERT INTO CLIENTS (CLI_NUMCLIENT,CLI_NOM,CLI_RAISONSOCIALE,CLI_TYPE,CLI_ADRESSE,CLI_TELEPHONE,CLI_CHIFFREAFFAIRE,CLI_EFFECTIFS,CLI_NATURE) VALUES (1612,'Ridiculus Mus Donec Inc.','SA ','P ','Appartement 563-9916 Montes, Rd.','(650) 330-9882',278,193,'P ');
INSERT INTO CLIENTS (CLI_NUMCLIENT,CLI_NOM,CLI_RAISONSOCIALE,CLI_TYPE,CLI_ADRESSE,CLI_TELEPHONE,CLI_CHIFFREAFFAIRE,CLI_EFFECTIFS,CLI_NATURE) VALUES (1613,'Et Inc.','SA ','P ','Appartement 219-8835 Dui. Route','(999) 571-8597',803,127,'P ');
INSERT INTO CLIENTS (CLI_NUMCLIENT,CLI_NOM,CLI_RAISONSOCIALE,CLI_TYPE,CLI_ADRESSE,CLI_TELEPHONE,CLI_CHIFFREAFFAIRE,CLI_EFFECTIFS,CLI_NATURE) VALUES (1614,'Taciti Sociosqu Ad Industries','SA ','P ','5686 Ac, Impasse','(451) 894-4126',353,240,'P ');
INSERT INTO CLIENTS (CLI_NUMCLIENT,CLI_NOM,CLI_RAISONSOCIALE,CLI_TYPE,CLI_ADRESSE,CLI_TELEPHONE,CLI_CHIFFREAFFAIRE,CLI_EFFECTIFS,CLI_NATURE) VALUES (1615,'Ante Vivamus Non Institute','SA ','P ','Appartement 969-9821 Amet, Impasse','(927) 895-2837',115,141,'P ');
INSERT INTO CLIENTS (CLI_NUMCLIENT,CLI_NOM,CLI_RAISONSOCIALE,CLI_TYPE,CLI_ADRESSE,CLI_TELEPHONE,CLI_CHIFFREAFFAIRE,CLI_EFFECTIFS,CLI_NATURE) VALUES (1616,'Morbi Tristique Company','SA ','P ','7345 Vulputate, Ave','(272) 960-1629',619,50,'P ');
INSERT INTO CLIENTS (CLI_NUMCLIENT,CLI_NOM,CLI_RAISONSOCIALE,CLI_TYPE,CLI_ADRESSE,CLI_TELEPHONE,CLI_CHIFFREAFFAIRE,CLI_EFFECTIFS,CLI_NATURE) VALUES (1617,'A Limited','SA ','P ','509-7911 Elit, Rue','(264) 548-1550',174,73,'P ');
INSERT INTO CLIENTS (CLI_NUMCLIENT,CLI_NOM,CLI_RAISONSOCIALE,CLI_TYPE,CLI_ADRESSE,CLI_TELEPHONE,CLI_CHIFFREAFFAIRE,CLI_EFFECTIFS,CLI_NATURE) VALUES (1618,'Id Risus Limited','SA ','P ','CP 572, 1495 Fermentum Rue','(329) 283-9893',851,287,'P ');
INSERT INTO CLIENTS (CLI_NUMCLIENT,CLI_NOM,CLI_RAISONSOCIALE,CLI_TYPE,CLI_ADRESSE,CLI_TELEPHONE,CLI_CHIFFREAFFAIRE,CLI_EFFECTIFS,CLI_NATURE) VALUES (1619,'Nullam Enim Sed Institute','SA ','P ','Appartement 797-9763 Dignissim Avenue','(655) 640-7656',725,68,'P ');
INSERT INTO CLIENTS (CLI_NUMCLIENT,CLI_NOM,CLI_RAISONSOCIALE,CLI_TYPE,CLI_ADRESSE,CLI_TELEPHONE,CLI_CHIFFREAFFAIRE,CLI_EFFECTIFS,CLI_NATURE) VALUES (1620,'Tellus Faucibus LLP','SA ','P ','CP 811, 8351 Quam Route','(709) 996-7861',189,286,'P ');
INSERT INTO CLIENTS (CLI_NUMCLIENT,CLI_NOM,CLI_RAISONSOCIALE,CLI_TYPE,CLI_ADRESSE,CLI_TELEPHONE,CLI_CHIFFREAFFAIRE,CLI_EFFECTIFS,CLI_NATURE) VALUES (1621,'Sed Turpis Nec Company','SA ','P ','CP 391, 4972 Litora Av.','(393) 690-0138',704,148,'P ');
INSERT INTO CLIENTS (CLI_NUMCLIENT,CLI_NOM,CLI_RAISONSOCIALE,CLI_TYPE,CLI_ADRESSE,CLI_TELEPHONE,CLI_CHIFFREAFFAIRE,CLI_EFFECTIFS,CLI_NATURE) VALUES (1622,'Dictum Mi Ac Institute','SA ','P ','Appartement 337-2721 Nisi Ave','(137) 241-6516',705,55,'P ');
INSERT INTO CLIENTS (CLI_NUMCLIENT,CLI_NOM,CLI_RAISONSOCIALE,CLI_TYPE,CLI_ADRESSE,CLI_TELEPHONE,CLI_CHIFFREAFFAIRE,CLI_EFFECTIFS,CLI_NATURE) VALUES (1623,'Enim Nunc Ut LLC','SA ','P ','Appartement 158-6573 Turpis. Rue','(867) 929-8266',145,147,'P ');
INSERT INTO CLIENTS (CLI_NUMCLIENT,CLI_NOM,CLI_RAISONSOCIALE,CLI_TYPE,CLI_ADRESSE,CLI_TELEPHONE,CLI_CHIFFREAFFAIRE,CLI_EFFECTIFS,CLI_NATURE) VALUES (1624,'Ut Nec Corp.','SA ','P ','904-3076 Aliquam Ave','(290) 287-9258',599,45,'P ');
INSERT INTO CLIENTS (CLI_NUMCLIENT,CLI_NOM,CLI_RAISONSOCIALE,CLI_TYPE,CLI_ADRESSE,CLI_TELEPHONE,CLI_CHIFFREAFFAIRE,CLI_EFFECTIFS,CLI_NATURE) VALUES (1625,'Mauris Company','SA ','P ','629 Litora Rd.','(910) 716-8874',465,170,'P ');
INSERT INTO CLIENTS (CLI_NUMCLIENT,CLI_NOM,CLI_RAISONSOCIALE,CLI_TYPE,CLI_ADRESSE,CLI_TELEPHONE,CLI_CHIFFREAFFAIRE,CLI_EFFECTIFS,CLI_NATURE) VALUES (1626,'Ullamcorper Viverra Consulting','SA ','P ','4387 Urna Avenue','(784) 521-9210',574,233,'P ');
INSERT INTO CLIENTS (CLI_NUMCLIENT,CLI_NOM,CLI_RAISONSOCIALE,CLI_TYPE,CLI_ADRESSE,CLI_TELEPHONE,CLI_CHIFFREAFFAIRE,CLI_EFFECTIFS,CLI_NATURE) VALUES (1627,'Molestie Sed Id Industries','SA ','P ','3731 In, Av.','(255) 127-0933',463,153,'P ');
INSERT INTO CLIENTS (CLI_NUMCLIENT,CLI_NOM,CLI_RAISONSOCIALE,CLI_TYPE,CLI_ADRESSE,CLI_TELEPHONE,CLI_CHIFFREAFFAIRE,CLI_EFFECTIFS,CLI_NATURE) VALUES (1628,'Orci Incorporated','SA ','P ','CP 430, 9431 Tristique Chemin','(267) 301-5420',679,30,'P ');
INSERT INTO CLIENTS (CLI_NUMCLIENT,CLI_NOM,CLI_RAISONSOCIALE,CLI_TYPE,CLI_ADRESSE,CLI_TELEPHONE,CLI_CHIFFREAFFAIRE,CLI_EFFECTIFS,CLI_NATURE) VALUES (1629,'Mi Lacinia Mattis Inc.','SA ','P ','9494 Ultrices, Ave','(572) 811-1136',339,158,'P ');
INSERT INTO CLIENTS (CLI_NUMCLIENT,CLI_NOM,CLI_RAISONSOCIALE,CLI_TYPE,CLI_ADRESSE,CLI_TELEPHONE,CLI_CHIFFREAFFAIRE,CLI_EFFECTIFS,CLI_NATURE) VALUES (1630,'Nam Nulla Limited','SA ','P ','327-2391 Maecenas Avenue','(169) 774-2178',227,47,'P ');
INSERT INTO CLIENTS (CLI_NUMCLIENT,CLI_NOM,CLI_RAISONSOCIALE,CLI_TYPE,CLI_ADRESSE,CLI_TELEPHONE,CLI_CHIFFREAFFAIRE,CLI_EFFECTIFS,CLI_NATURE) VALUES (1631,'Tincidunt Dui Limited','SA ','P ','Appartement 679-5958 Primis Ave','(961) 262-0819',800,222,'P ');
INSERT INTO CLIENTS (CLI_NUMCLIENT,CLI_NOM,CLI_RAISONSOCIALE,CLI_TYPE,CLI_ADRESSE,CLI_TELEPHONE,CLI_CHIFFREAFFAIRE,CLI_EFFECTIFS,CLI_NATURE) VALUES (1632,'Sodales LLP','SA ','P ','8874 Sapien Rd.','(182) 723-9725',331,251,'P ');
INSERT INTO CLIENTS (CLI_NUMCLIENT,CLI_NOM,CLI_RAISONSOCIALE,CLI_TYPE,CLI_ADRESSE,CLI_TELEPHONE,CLI_CHIFFREAFFAIRE,CLI_EFFECTIFS,CLI_NATURE) VALUES (1633,'Ultrices Consulting','SA ','P ','282-5911 Phasellus Rue','(551) 274-6449',755,193,'P ');
INSERT INTO CLIENTS (CLI_NUMCLIENT,CLI_NOM,CLI_RAISONSOCIALE,CLI_TYPE,CLI_ADRESSE,CLI_TELEPHONE,CLI_CHIFFREAFFAIRE,CLI_EFFECTIFS,CLI_NATURE) VALUES (1634,'Orci Luctus Limited','SA ','P ','CP 691, 6967 Ligula. Rue','(782) 274-3991',813,258,'P ');
INSERT INTO CLIENTS (CLI_NUMCLIENT,CLI_NOM,CLI_RAISONSOCIALE,CLI_TYPE,CLI_ADRESSE,CLI_TELEPHONE,CLI_CHIFFREAFFAIRE,CLI_EFFECTIFS,CLI_NATURE) VALUES (1635,'Vestibulum Ltd','SA ','P ','CP 969, 6261 Vestibulum Av.','(114) 312-1093',566,67,'P ');
INSERT INTO CLIENTS (CLI_NUMCLIENT,CLI_NOM,CLI_RAISONSOCIALE,CLI_TYPE,CLI_ADRESSE,CLI_TELEPHONE,CLI_CHIFFREAFFAIRE,CLI_EFFECTIFS,CLI_NATURE) VALUES (1636,'Sem Inc.','SA ','P ','Appartement 714-9602 Eget Chemin','(768) 300-9906',62,145,'P ');
INSERT INTO CLIENTS (CLI_NUMCLIENT,CLI_NOM,CLI_RAISONSOCIALE,CLI_TYPE,CLI_ADRESSE,CLI_TELEPHONE,CLI_CHIFFREAFFAIRE,CLI_EFFECTIFS,CLI_NATURE) VALUES (1637,'Risus Limited','SA ','P ','6741 Viverra. Route','(968) 330-1260',774,230,'P ');
INSERT INTO CLIENTS (CLI_NUMCLIENT,CLI_NOM,CLI_RAISONSOCIALE,CLI_TYPE,CLI_ADRESSE,CLI_TELEPHONE,CLI_CHIFFREAFFAIRE,CLI_EFFECTIFS,CLI_NATURE) VALUES (1638,'Ligula Donec Limited','SA ','P ','CP 670, 3427 Malesuada Rd.','(750) 426-8358',219,65,'P ');
INSERT INTO CLIENTS (CLI_NUMCLIENT,CLI_NOM,CLI_RAISONSOCIALE,CLI_TYPE,CLI_ADRESSE,CLI_TELEPHONE,CLI_CHIFFREAFFAIRE,CLI_EFFECTIFS,CLI_NATURE) VALUES (1639,'Laoreet Libero LLP','SA ','P ','734-8867 Euismod Chemin','(942) 190-3585',374,197,'P ');
INSERT INTO CLIENTS (CLI_NUMCLIENT,CLI_NOM,CLI_RAISONSOCIALE,CLI_TYPE,CLI_ADRESSE,CLI_TELEPHONE,CLI_CHIFFREAFFAIRE,CLI_EFFECTIFS,CLI_NATURE) VALUES (1640,'Aenean PC','SA ','P ','765-4573 Nec Rue','(815) 943-9083',432,126,'P ');
INSERT INTO CLIENTS (CLI_NUMCLIENT,CLI_NOM,CLI_RAISONSOCIALE,CLI_TYPE,CLI_ADRESSE,CLI_TELEPHONE,CLI_CHIFFREAFFAIRE,CLI_EFFECTIFS,CLI_NATURE) VALUES (1641,'Tincidunt Limited','SA ','P ','CP 979, 2598 Praesent Rd.','(604) 489-0013',516,134,'P ');
INSERT INTO CLIENTS (CLI_NUMCLIENT,CLI_NOM,CLI_RAISONSOCIALE,CLI_TYPE,CLI_ADRESSE,CLI_TELEPHONE,CLI_CHIFFREAFFAIRE,CLI_EFFECTIFS,CLI_NATURE) VALUES (1642,'Purus Gravida Sagittis Limited','SA ','P ','6431 Nunc Chemin','(484) 684-4977',660,102,'P ');
INSERT INTO CLIENTS (CLI_NUMCLIENT,CLI_NOM,CLI_RAISONSOCIALE,CLI_TYPE,CLI_ADRESSE,CLI_TELEPHONE,CLI_CHIFFREAFFAIRE,CLI_EFFECTIFS,CLI_NATURE) VALUES (1643,'Ac Nulla LLC','SA ','P ','CP 538, 1356 Quis Ave','(859) 986-2639',704,147,'P ');
INSERT INTO CLIENTS (CLI_NUMCLIENT,CLI_NOM,CLI_RAISONSOCIALE,CLI_TYPE,CLI_ADRESSE,CLI_TELEPHONE,CLI_CHIFFREAFFAIRE,CLI_EFFECTIFS,CLI_NATURE) VALUES (1644,'Senectus Et Incorporated','SA ','P ','756-810 Consectetuer, Route','(201) 553-5596',563,2,'P ');
INSERT INTO CLIENTS (CLI_NUMCLIENT,CLI_NOM,CLI_RAISONSOCIALE,CLI_TYPE,CLI_ADRESSE,CLI_TELEPHONE,CLI_CHIFFREAFFAIRE,CLI_EFFECTIFS,CLI_NATURE) VALUES (1645,'Ornare Inc.','SA ','P ','CP 491, 7524 At Ave','(127) 844-4456',132,65,'P ');
INSERT INTO CLIENTS (CLI_NUMCLIENT,CLI_NOM,CLI_RAISONSOCIALE,CLI_TYPE,CLI_ADRESSE,CLI_TELEPHONE,CLI_CHIFFREAFFAIRE,CLI_EFFECTIFS,CLI_NATURE) VALUES (1646,'Odio Corporation','SA ','P ','9894 In Chemin','(814) 122-0717',516,188,'P ');
INSERT INTO CLIENTS (CLI_NUMCLIENT,CLI_NOM,CLI_RAISONSOCIALE,CLI_TYPE,CLI_ADRESSE,CLI_TELEPHONE,CLI_CHIFFREAFFAIRE,CLI_EFFECTIFS,CLI_NATURE) VALUES (1647,'Augue Malesuada Malesuada PC','SA ','P ','Appartement 601-812 Hendrerit. Avenue','(195) 700-3731',837,189,'P ');
INSERT INTO CLIENTS (CLI_NUMCLIENT,CLI_NOM,CLI_RAISONSOCIALE,CLI_TYPE,CLI_ADRESSE,CLI_TELEPHONE,CLI_CHIFFREAFFAIRE,CLI_EFFECTIFS,CLI_NATURE) VALUES (1648,'Ipsum Incorporated','SA ','P ','Appartement 564-9990 Vel Route','(360) 831-6545',679,85,'P ');
INSERT INTO CLIENTS (CLI_NUMCLIENT,CLI_NOM,CLI_RAISONSOCIALE,CLI_TYPE,CLI_ADRESSE,CLI_TELEPHONE,CLI_CHIFFREAFFAIRE,CLI_EFFECTIFS,CLI_NATURE) VALUES (1649,'Proin Dolor Company','SA ','P ','Appartement 575-6396 Ante Ave','(920) 413-7232',21,269,'P ');
INSERT INTO CLIENTS (CLI_NUMCLIENT,CLI_NOM,CLI_RAISONSOCIALE,CLI_TYPE,CLI_ADRESSE,CLI_TELEPHONE,CLI_CHIFFREAFFAIRE,CLI_EFFECTIFS,CLI_NATURE) VALUES (1650,'Donec Ltd','SA ','P ','Appartement 119-4659 Nisi Route','(502) 116-3904',783,21,'P ');
INSERT INTO CLIENTS (CLI_NUMCLIENT,CLI_NOM,CLI_RAISONSOCIALE,CLI_TYPE,CLI_ADRESSE,CLI_TELEPHONE,CLI_CHIFFREAFFAIRE,CLI_EFFECTIFS,CLI_NATURE) VALUES (1651,'Egestas Urna Industries','SA ','P ','CP 309, 5616 Non, Chemin','(362) 114-8768',144,283,'P ');
INSERT INTO CLIENTS (CLI_NUMCLIENT,CLI_NOM,CLI_RAISONSOCIALE,CLI_TYPE,CLI_ADRESSE,CLI_TELEPHONE,CLI_CHIFFREAFFAIRE,CLI_EFFECTIFS,CLI_NATURE) VALUES (1652,'Malesuada Ut Associates','SA ','P ','CP 862, 6993 Fermentum Av.','(865) 528-6249',179,120,'P ');
INSERT INTO CLIENTS (CLI_NUMCLIENT,CLI_NOM,CLI_RAISONSOCIALE,CLI_TYPE,CLI_ADRESSE,CLI_TELEPHONE,CLI_CHIFFREAFFAIRE,CLI_EFFECTIFS,CLI_NATURE) VALUES (1653,'Non Ltd','SA ','P ','867-4404 Nullam Av.','(705) 447-4812',457,58,'P ');
INSERT INTO CLIENTS (CLI_NUMCLIENT,CLI_NOM,CLI_RAISONSOCIALE,CLI_TYPE,CLI_ADRESSE,CLI_TELEPHONE,CLI_CHIFFREAFFAIRE,CLI_EFFECTIFS,CLI_NATURE) VALUES (1654,'Non Feugiat Industries','SA ','P ','Appartement 792-9993 Nam Route','(698) 710-4558',136,5,'P ');
INSERT INTO CLIENTS (CLI_NUMCLIENT,CLI_NOM,CLI_RAISONSOCIALE,CLI_TYPE,CLI_ADRESSE,CLI_TELEPHONE,CLI_CHIFFREAFFAIRE,CLI_EFFECTIFS,CLI_NATURE) VALUES (1655,'Pede Cras Vulputate LLP','SA ','P ','CP 741, 3734 Feugiat Route','(439) 212-9912',563,132,'P ');
INSERT INTO CLIENTS (CLI_NUMCLIENT,CLI_NOM,CLI_RAISONSOCIALE,CLI_TYPE,CLI_ADRESSE,CLI_TELEPHONE,CLI_CHIFFREAFFAIRE,CLI_EFFECTIFS,CLI_NATURE) VALUES (1656,'Interdum Company','SA ','P ','CP 950, 7932 Ac Ave','(798) 737-2912',793,245,'P ');
INSERT INTO CLIENTS (CLI_NUMCLIENT,CLI_NOM,CLI_RAISONSOCIALE,CLI_TYPE,CLI_ADRESSE,CLI_TELEPHONE,CLI_CHIFFREAFFAIRE,CLI_EFFECTIFS,CLI_NATURE) VALUES (1657,'Ut Odio Industries','SA ','P ','704-1327 Accumsan Chemin','(909) 523-5381',762,120,'P ');
INSERT INTO CLIENTS (CLI_NUMCLIENT,CLI_NOM,CLI_RAISONSOCIALE,CLI_TYPE,CLI_ADRESSE,CLI_TELEPHONE,CLI_CHIFFREAFFAIRE,CLI_EFFECTIFS,CLI_NATURE) VALUES (1658,'Nibh Limited','SA ','P ','Appartement 632-9055 Praesent Rd.','(529) 635-6675',349,161,'P ');
INSERT INTO CLIENTS (CLI_NUMCLIENT,CLI_NOM,CLI_RAISONSOCIALE,CLI_TYPE,CLI_ADRESSE,CLI_TELEPHONE,CLI_CHIFFREAFFAIRE,CLI_EFFECTIFS,CLI_NATURE) VALUES (1659,'Ornare In Industries','SA ','P ','Appartement 654-2643 Nulla Chemin','(334) 133-0148',577,118,'P ');
INSERT INTO CLIENTS (CLI_NUMCLIENT,CLI_NOM,CLI_RAISONSOCIALE,CLI_TYPE,CLI_ADRESSE,CLI_TELEPHONE,CLI_CHIFFREAFFAIRE,CLI_EFFECTIFS,CLI_NATURE) VALUES (1660,'Lobortis PC','SA ','P ','Appartement 257-6321 Cursus Rd.','(840) 143-9848',709,15,'P ');
INSERT INTO CLIENTS (CLI_NUMCLIENT,CLI_NOM,CLI_RAISONSOCIALE,CLI_TYPE,CLI_ADRESSE,CLI_TELEPHONE,CLI_CHIFFREAFFAIRE,CLI_EFFECTIFS,CLI_NATURE) VALUES (1661,'Est Nunc Laoreet Incorporated','SA ','P ','635 Magna. Avenue','(279) 174-6972',386,59,'P ');
INSERT INTO CLIENTS (CLI_NUMCLIENT,CLI_NOM,CLI_RAISONSOCIALE,CLI_TYPE,CLI_ADRESSE,CLI_TELEPHONE,CLI_CHIFFREAFFAIRE,CLI_EFFECTIFS,CLI_NATURE) VALUES (1662,'Pede Nec Inc.','SA ','P ','234-3739 Quam. Ave','(472) 921-7706',433,214,'P ');
INSERT INTO CLIENTS (CLI_NUMCLIENT,CLI_NOM,CLI_RAISONSOCIALE,CLI_TYPE,CLI_ADRESSE,CLI_TELEPHONE,CLI_CHIFFREAFFAIRE,CLI_EFFECTIFS,CLI_NATURE) VALUES (1663,'Eu Tempor Inc.','SA ','P ','898-7327 Nunc Rue','(632) 392-5599',359,294,'P ');
INSERT INTO CLIENTS (CLI_NUMCLIENT,CLI_NOM,CLI_RAISONSOCIALE,CLI_TYPE,CLI_ADRESSE,CLI_TELEPHONE,CLI_CHIFFREAFFAIRE,CLI_EFFECTIFS,CLI_NATURE) VALUES (1664,'Per Foundation','SA ','P ','709-1826 Mi Chemin','(943) 391-1913',283,219,'P ');
INSERT INTO CLIENTS (CLI_NUMCLIENT,CLI_NOM,CLI_RAISONSOCIALE,CLI_TYPE,CLI_ADRESSE,CLI_TELEPHONE,CLI_CHIFFREAFFAIRE,CLI_EFFECTIFS,CLI_NATURE) VALUES (1665,'Luctus Felis Purus Ltd','SA ','P ','945-8372 At Ave','(165) 755-1840',404,4,'P ');
INSERT INTO CLIENTS (CLI_NUMCLIENT,CLI_NOM,CLI_RAISONSOCIALE,CLI_TYPE,CLI_ADRESSE,CLI_TELEPHONE,CLI_CHIFFREAFFAIRE,CLI_EFFECTIFS,CLI_NATURE) VALUES (1666,'Feugiat Non Industries','SA ','P ','CP 784, 7527 Eleifend Avenue','(996) 674-4335',161,117,'P ');
INSERT INTO CLIENTS (CLI_NUMCLIENT,CLI_NOM,CLI_RAISONSOCIALE,CLI_TYPE,CLI_ADRESSE,CLI_TELEPHONE,CLI_CHIFFREAFFAIRE,CLI_EFFECTIFS,CLI_NATURE) VALUES (1667,'Velit In Aliquet Incorporated','SA ','P ','CP 231, 6814 Nec Impasse','(200) 389-1458',164,99,'P ');
INSERT INTO CLIENTS (CLI_NUMCLIENT,CLI_NOM,CLI_RAISONSOCIALE,CLI_TYPE,CLI_ADRESSE,CLI_TELEPHONE,CLI_CHIFFREAFFAIRE,CLI_EFFECTIFS,CLI_NATURE) VALUES (1668,'Euismod Mauris LLP','SA ','P ','774-9472 A Impasse','(316) 366-7229',101,107,'P ');
INSERT INTO CLIENTS (CLI_NUMCLIENT,CLI_NOM,CLI_RAISONSOCIALE,CLI_TYPE,CLI_ADRESSE,CLI_TELEPHONE,CLI_CHIFFREAFFAIRE,CLI_EFFECTIFS,CLI_NATURE) VALUES (1669,'Posuere Inc.','SA ','P ','Appartement 516-3890 Gravida Impasse','(869) 251-2048',96,204,'P ');
INSERT INTO CLIENTS (CLI_NUMCLIENT,CLI_NOM,CLI_RAISONSOCIALE,CLI_TYPE,CLI_ADRESSE,CLI_TELEPHONE,CLI_CHIFFREAFFAIRE,CLI_EFFECTIFS,CLI_NATURE) VALUES (1670,'Cum Sociis Natoque Limited','SA ','P ','CP 211, 8228 Aenean Ave','(869) 979-0495',757,222,'P ');
INSERT INTO CLIENTS (CLI_NUMCLIENT,CLI_NOM,CLI_RAISONSOCIALE,CLI_TYPE,CLI_ADRESSE,CLI_TELEPHONE,CLI_CHIFFREAFFAIRE,CLI_EFFECTIFS,CLI_NATURE) VALUES (1671,'Integer Sem Elit Institute','SA ','P ','Appartement 795-258 Non, Impasse','(425) 735-6533',199,270,'P ');
INSERT INTO CLIENTS (CLI_NUMCLIENT,CLI_NOM,CLI_RAISONSOCIALE,CLI_TYPE,CLI_ADRESSE,CLI_TELEPHONE,CLI_CHIFFREAFFAIRE,CLI_EFFECTIFS,CLI_NATURE) VALUES (1672,'Quis Associates','SA ','P ','7295 Sit Rue','(848) 262-7121',85,36,'P ');
INSERT INTO CLIENTS (CLI_NUMCLIENT,CLI_NOM,CLI_RAISONSOCIALE,CLI_TYPE,CLI_ADRESSE,CLI_TELEPHONE,CLI_CHIFFREAFFAIRE,CLI_EFFECTIFS,CLI_NATURE) VALUES (1673,'Aliquam Iaculis Lacus Limited','SA ','P ','9998 Et Ave','(598) 332-9169',596,92,'P ');
INSERT INTO CLIENTS (CLI_NUMCLIENT,CLI_NOM,CLI_RAISONSOCIALE,CLI_TYPE,CLI_ADRESSE,CLI_TELEPHONE,CLI_CHIFFREAFFAIRE,CLI_EFFECTIFS,CLI_NATURE) VALUES (1674,'Aenean Euismod Industries','SA ','P ','CP 884, 3928 Ac Ave','(174) 154-3247',782,38,'P ');
INSERT INTO CLIENTS (CLI_NUMCLIENT,CLI_NOM,CLI_RAISONSOCIALE,CLI_TYPE,CLI_ADRESSE,CLI_TELEPHONE,CLI_CHIFFREAFFAIRE,CLI_EFFECTIFS,CLI_NATURE) VALUES (1675,'Eu Odio LLC','SA ','P ','921-3006 Dolor Route','(982) 937-1814',845,225,'P ');
INSERT INTO CLIENTS (CLI_NUMCLIENT,CLI_NOM,CLI_RAISONSOCIALE,CLI_TYPE,CLI_ADRESSE,CLI_TELEPHONE,CLI_CHIFFREAFFAIRE,CLI_EFFECTIFS,CLI_NATURE) VALUES (1676,'Blandit Nam Incorporated','SA ','P ','573-5126 Fringilla Route','(488) 963-8714',836,120,'P ');
INSERT INTO CLIENTS (CLI_NUMCLIENT,CLI_NOM,CLI_RAISONSOCIALE,CLI_TYPE,CLI_ADRESSE,CLI_TELEPHONE,CLI_CHIFFREAFFAIRE,CLI_EFFECTIFS,CLI_NATURE) VALUES (1677,'Duis Consulting','SA ','P ','Appartement 192-8419 Tempor Chemin','(312) 987-0031',663,41,'P ');
INSERT INTO CLIENTS (CLI_NUMCLIENT,CLI_NOM,CLI_RAISONSOCIALE,CLI_TYPE,CLI_ADRESSE,CLI_TELEPHONE,CLI_CHIFFREAFFAIRE,CLI_EFFECTIFS,CLI_NATURE) VALUES (1678,'Donec Fringilla Donec Foundation','SA ','P ','358-2244 Donec Rue','(365) 483-2929',785,37,'P ');
INSERT INTO CLIENTS (CLI_NUMCLIENT,CLI_NOM,CLI_RAISONSOCIALE,CLI_TYPE,CLI_ADRESSE,CLI_TELEPHONE,CLI_CHIFFREAFFAIRE,CLI_EFFECTIFS,CLI_NATURE) VALUES (1679,'Neque Et Nunc LLC','SA ','P ','Appartement 272-5124 Enim Ave','(371) 677-1676',681,132,'P ');
INSERT INTO CLIENTS (CLI_NUMCLIENT,CLI_NOM,CLI_RAISONSOCIALE,CLI_TYPE,CLI_ADRESSE,CLI_TELEPHONE,CLI_CHIFFREAFFAIRE,CLI_EFFECTIFS,CLI_NATURE) VALUES (1680,'Est Foundation','SA ','P ','827 Ante. Rd.','(198) 156-1863',477,260,'P ');
INSERT INTO CLIENTS (CLI_NUMCLIENT,CLI_NOM,CLI_RAISONSOCIALE,CLI_TYPE,CLI_ADRESSE,CLI_TELEPHONE,CLI_CHIFFREAFFAIRE,CLI_EFFECTIFS,CLI_NATURE) VALUES (1681,'Urna Nullam Institute','SA ','P ','837-6298 Vel Chemin','(265) 622-0924',352,245,'P ');
INSERT INTO CLIENTS (CLI_NUMCLIENT,CLI_NOM,CLI_RAISONSOCIALE,CLI_TYPE,CLI_ADRESSE,CLI_TELEPHONE,CLI_CHIFFREAFFAIRE,CLI_EFFECTIFS,CLI_NATURE) VALUES (1682,'Eu Ligula Aenean Consulting','SA ','P ','308-8183 Velit Rd.','(322) 104-1466',861,262,'P ');
INSERT INTO CLIENTS (CLI_NUMCLIENT,CLI_NOM,CLI_RAISONSOCIALE,CLI_TYPE,CLI_ADRESSE,CLI_TELEPHONE,CLI_CHIFFREAFFAIRE,CLI_EFFECTIFS,CLI_NATURE) VALUES (1683,'Orci Luctus Et Corporation','SA ','P ','5574 Lobortis Rd.','(671) 570-0314',634,67,'P ');
INSERT INTO CLIENTS (CLI_NUMCLIENT,CLI_NOM,CLI_RAISONSOCIALE,CLI_TYPE,CLI_ADRESSE,CLI_TELEPHONE,CLI_CHIFFREAFFAIRE,CLI_EFFECTIFS,CLI_NATURE) VALUES (1684,'Integer Eu Consulting','SA ','P ','Appartement 978-8677 Dapibus Av.','(424) 929-9131',758,2,'P ');
INSERT INTO CLIENTS (CLI_NUMCLIENT,CLI_NOM,CLI_RAISONSOCIALE,CLI_TYPE,CLI_ADRESSE,CLI_TELEPHONE,CLI_CHIFFREAFFAIRE,CLI_EFFECTIFS,CLI_NATURE) VALUES (1685,'Non PC','SA ','P ','CP 928, 8242 Vel Chemin','(200) 504-5936',641,246,'P ');
INSERT INTO CLIENTS (CLI_NUMCLIENT,CLI_NOM,CLI_RAISONSOCIALE,CLI_TYPE,CLI_ADRESSE,CLI_TELEPHONE,CLI_CHIFFREAFFAIRE,CLI_EFFECTIFS,CLI_NATURE) VALUES (1686,'Phasellus Inc.','SA ','P ','Appartement 999-9218 Laoreet, Av.','(240) 812-7849',346,138,'P ');
INSERT INTO CLIENTS (CLI_NUMCLIENT,CLI_NOM,CLI_RAISONSOCIALE,CLI_TYPE,CLI_ADRESSE,CLI_TELEPHONE,CLI_CHIFFREAFFAIRE,CLI_EFFECTIFS,CLI_NATURE) VALUES (1687,'Donec Consulting','SA ','P ','Appartement 235-5107 Curabitur Route','(647) 174-9558',624,298,'P ');
INSERT INTO CLIENTS (CLI_NUMCLIENT,CLI_NOM,CLI_RAISONSOCIALE,CLI_TYPE,CLI_ADRESSE,CLI_TELEPHONE,CLI_CHIFFREAFFAIRE,CLI_EFFECTIFS,CLI_NATURE) VALUES (1688,'Eu Placerat Foundation','SA ','P ','118-6957 Curabitur Rd.','(894) 305-8502',397,288,'P ');
INSERT INTO CLIENTS (CLI_NUMCLIENT,CLI_NOM,CLI_RAISONSOCIALE,CLI_TYPE,CLI_ADRESSE,CLI_TELEPHONE,CLI_CHIFFREAFFAIRE,CLI_EFFECTIFS,CLI_NATURE) VALUES (1689,'Malesuada Fringilla Est Institute','SA ','P ','Appartement 698-334 Lectus Av.','(968) 688-0981',776,159,'P ');
INSERT INTO CLIENTS (CLI_NUMCLIENT,CLI_NOM,CLI_RAISONSOCIALE,CLI_TYPE,CLI_ADRESSE,CLI_TELEPHONE,CLI_CHIFFREAFFAIRE,CLI_EFFECTIFS,CLI_NATURE) VALUES (1690,'Dolor Industries','SA ','P ','Appartement 622-4970 Risus. Avenue','(206) 304-8082',22,286,'P ');
INSERT INTO CLIENTS (CLI_NUMCLIENT,CLI_NOM,CLI_RAISONSOCIALE,CLI_TYPE,CLI_ADRESSE,CLI_TELEPHONE,CLI_CHIFFREAFFAIRE,CLI_EFFECTIFS,CLI_NATURE) VALUES (1691,'Id Risus Inc.','SA ','P ','CP 393, 667 Accumsan Av.','(774) 259-1380',871,154,'P ');
INSERT INTO CLIENTS (CLI_NUMCLIENT,CLI_NOM,CLI_RAISONSOCIALE,CLI_TYPE,CLI_ADRESSE,CLI_TELEPHONE,CLI_CHIFFREAFFAIRE,CLI_EFFECTIFS,CLI_NATURE) VALUES (1692,'Quis Diam Consulting','SA ','P ','CP 554, 5192 Sit Route','(663) 907-7046',794,36,'P ');
INSERT INTO CLIENTS (CLI_NUMCLIENT,CLI_NOM,CLI_RAISONSOCIALE,CLI_TYPE,CLI_ADRESSE,CLI_TELEPHONE,CLI_CHIFFREAFFAIRE,CLI_EFFECTIFS,CLI_NATURE) VALUES (1693,'Tellus Non Magna Industries','SA ','P ','5740 Mattis Ave','(108) 775-0663',16,249,'P ');
INSERT INTO CLIENTS (CLI_NUMCLIENT,CLI_NOM,CLI_RAISONSOCIALE,CLI_TYPE,CLI_ADRESSE,CLI_TELEPHONE,CLI_CHIFFREAFFAIRE,CLI_EFFECTIFS,CLI_NATURE) VALUES (1694,'Adipiscing Elit Aliquam Corporation','SA ','P ','CP 916, 8617 Praesent Rd.','(993) 464-8749',177,123,'P ');
INSERT INTO CLIENTS (CLI_NUMCLIENT,CLI_NOM,CLI_RAISONSOCIALE,CLI_TYPE,CLI_ADRESSE,CLI_TELEPHONE,CLI_CHIFFREAFFAIRE,CLI_EFFECTIFS,CLI_NATURE) VALUES (1695,'Sed Orci Corp.','SA ','P ','944-6430 Nullam Route','(500) 721-3820',70,257,'P ');
INSERT INTO CLIENTS (CLI_NUMCLIENT,CLI_NOM,CLI_RAISONSOCIALE,CLI_TYPE,CLI_ADRESSE,CLI_TELEPHONE,CLI_CHIFFREAFFAIRE,CLI_EFFECTIFS,CLI_NATURE) VALUES (1696,'Egestas PC','SA ','P ','9117 Velit. Avenue','(201) 261-5324',172,250,'P ');
INSERT INTO CLIENTS (CLI_NUMCLIENT,CLI_NOM,CLI_RAISONSOCIALE,CLI_TYPE,CLI_ADRESSE,CLI_TELEPHONE,CLI_CHIFFREAFFAIRE,CLI_EFFECTIFS,CLI_NATURE) VALUES (1697,'Diam Ltd','SA ','P ','6551 Dolor Chemin','(847) 140-6140',805,150,'P ');
INSERT INTO CLIENTS (CLI_NUMCLIENT,CLI_NOM,CLI_RAISONSOCIALE,CLI_TYPE,CLI_ADRESSE,CLI_TELEPHONE,CLI_CHIFFREAFFAIRE,CLI_EFFECTIFS,CLI_NATURE) VALUES (1698,'Nunc Mauris PC','SA ','P ','CP 312, 9554 Ut Rue','(404) 171-9744',79,227,'P ');
INSERT INTO CLIENTS (CLI_NUMCLIENT,CLI_NOM,CLI_RAISONSOCIALE,CLI_TYPE,CLI_ADRESSE,CLI_TELEPHONE,CLI_CHIFFREAFFAIRE,CLI_EFFECTIFS,CLI_NATURE) VALUES (1699,'Curae; Corporation','SA ','P ','CP 453, 5057 Velit. Rue','(403) 280-2063',48,282,'P ');

-----------------------------------------------------------------OK
/* CLIDOMAINE */
/*
INSERT INTO CLIDOMAINE (CLI_NUMCLIENT,CLI_DOMAINEID)
 VALUES (1601, 1);  
 -- d'autres ajouts a faire pour alimenter la base ! =)
SELECT * FROM CDI10.CLIDOMAINE; 
*/
INSERT INTO CLIDOMAINE (CLI_NUMCLIENT,CLI_DOMAINEID) VALUES (1600,1613);
INSERT INTO CLIDOMAINE (CLI_NUMCLIENT,CLI_DOMAINEID) VALUES (1601,1631);
INSERT INTO CLIDOMAINE (CLI_NUMCLIENT,CLI_DOMAINEID) VALUES (1602,1630);
INSERT INTO CLIDOMAINE (CLI_NUMCLIENT,CLI_DOMAINEID) VALUES (1603,1676);
INSERT INTO CLIDOMAINE (CLI_NUMCLIENT,CLI_DOMAINEID) VALUES (1604,1648);
INSERT INTO CLIDOMAINE (CLI_NUMCLIENT,CLI_DOMAINEID) VALUES (1605,1600);
INSERT INTO CLIDOMAINE (CLI_NUMCLIENT,CLI_DOMAINEID) VALUES (1606,1633);
INSERT INTO CLIDOMAINE (CLI_NUMCLIENT,CLI_DOMAINEID) VALUES (1607,1636);
INSERT INTO CLIDOMAINE (CLI_NUMCLIENT,CLI_DOMAINEID) VALUES (1608,1608);
INSERT INTO CLIDOMAINE (CLI_NUMCLIENT,CLI_DOMAINEID) VALUES (1609,1636);
INSERT INTO CLIDOMAINE (CLI_NUMCLIENT,CLI_DOMAINEID) VALUES (1610,1651);
INSERT INTO CLIDOMAINE (CLI_NUMCLIENT,CLI_DOMAINEID) VALUES (1611,1629);
INSERT INTO CLIDOMAINE (CLI_NUMCLIENT,CLI_DOMAINEID) VALUES (1612,1673);
INSERT INTO CLIDOMAINE (CLI_NUMCLIENT,CLI_DOMAINEID) VALUES (1613,1639);
INSERT INTO CLIDOMAINE (CLI_NUMCLIENT,CLI_DOMAINEID) VALUES (1614,1622);
INSERT INTO CLIDOMAINE (CLI_NUMCLIENT,CLI_DOMAINEID) VALUES (1615,1651);
INSERT INTO CLIDOMAINE (CLI_NUMCLIENT,CLI_DOMAINEID) VALUES (1616,1639);
INSERT INTO CLIDOMAINE (CLI_NUMCLIENT,CLI_DOMAINEID) VALUES (1617,1616);
INSERT INTO CLIDOMAINE (CLI_NUMCLIENT,CLI_DOMAINEID) VALUES (1618,1667);
INSERT INTO CLIDOMAINE (CLI_NUMCLIENT,CLI_DOMAINEID) VALUES (1619,1602);
INSERT INTO CLIDOMAINE (CLI_NUMCLIENT,CLI_DOMAINEID) VALUES (1620,1608);
INSERT INTO CLIDOMAINE (CLI_NUMCLIENT,CLI_DOMAINEID) VALUES (1621,1696);
INSERT INTO CLIDOMAINE (CLI_NUMCLIENT,CLI_DOMAINEID) VALUES (1622,1646);
INSERT INTO CLIDOMAINE (CLI_NUMCLIENT,CLI_DOMAINEID) VALUES (1623,1648);
INSERT INTO CLIDOMAINE (CLI_NUMCLIENT,CLI_DOMAINEID) VALUES (1624,1696);
INSERT INTO CLIDOMAINE (CLI_NUMCLIENT,CLI_DOMAINEID) VALUES (1625,1683);
INSERT INTO CLIDOMAINE (CLI_NUMCLIENT,CLI_DOMAINEID) VALUES (1626,1695);
INSERT INTO CLIDOMAINE (CLI_NUMCLIENT,CLI_DOMAINEID) VALUES (1627,1633);
INSERT INTO CLIDOMAINE (CLI_NUMCLIENT,CLI_DOMAINEID) VALUES (1628,1655);
INSERT INTO CLIDOMAINE (CLI_NUMCLIENT,CLI_DOMAINEID) VALUES (1629,1653);
INSERT INTO CLIDOMAINE (CLI_NUMCLIENT,CLI_DOMAINEID) VALUES (1630,1640);
INSERT INTO CLIDOMAINE (CLI_NUMCLIENT,CLI_DOMAINEID) VALUES (1631,1693);
INSERT INTO CLIDOMAINE (CLI_NUMCLIENT,CLI_DOMAINEID) VALUES (1632,1653);
INSERT INTO CLIDOMAINE (CLI_NUMCLIENT,CLI_DOMAINEID) VALUES (1633,1667);
INSERT INTO CLIDOMAINE (CLI_NUMCLIENT,CLI_DOMAINEID) VALUES (1634,1627);
INSERT INTO CLIDOMAINE (CLI_NUMCLIENT,CLI_DOMAINEID) VALUES (1635,1685);
INSERT INTO CLIDOMAINE (CLI_NUMCLIENT,CLI_DOMAINEID) VALUES (1636,1615);
INSERT INTO CLIDOMAINE (CLI_NUMCLIENT,CLI_DOMAINEID) VALUES (1637,1639);
INSERT INTO CLIDOMAINE (CLI_NUMCLIENT,CLI_DOMAINEID) VALUES (1638,1600);
INSERT INTO CLIDOMAINE (CLI_NUMCLIENT,CLI_DOMAINEID) VALUES (1639,1699);
INSERT INTO CLIDOMAINE (CLI_NUMCLIENT,CLI_DOMAINEID) VALUES (1640,1660);
INSERT INTO CLIDOMAINE (CLI_NUMCLIENT,CLI_DOMAINEID) VALUES (1641,1636);
INSERT INTO CLIDOMAINE (CLI_NUMCLIENT,CLI_DOMAINEID) VALUES (1642,1604);
INSERT INTO CLIDOMAINE (CLI_NUMCLIENT,CLI_DOMAINEID) VALUES (1643,1601);
INSERT INTO CLIDOMAINE (CLI_NUMCLIENT,CLI_DOMAINEID) VALUES (1644,1603);
INSERT INTO CLIDOMAINE (CLI_NUMCLIENT,CLI_DOMAINEID) VALUES (1645,1638);
INSERT INTO CLIDOMAINE (CLI_NUMCLIENT,CLI_DOMAINEID) VALUES (1646,1671);
INSERT INTO CLIDOMAINE (CLI_NUMCLIENT,CLI_DOMAINEID) VALUES (1647,1699);
INSERT INTO CLIDOMAINE (CLI_NUMCLIENT,CLI_DOMAINEID) VALUES (1648,1651);
INSERT INTO CLIDOMAINE (CLI_NUMCLIENT,CLI_DOMAINEID) VALUES (1649,1646);
INSERT INTO CLIDOMAINE (CLI_NUMCLIENT,CLI_DOMAINEID) VALUES (1650,1640);
INSERT INTO CLIDOMAINE (CLI_NUMCLIENT,CLI_DOMAINEID) VALUES (1651,1618);
INSERT INTO CLIDOMAINE (CLI_NUMCLIENT,CLI_DOMAINEID) VALUES (1652,1672);
INSERT INTO CLIDOMAINE (CLI_NUMCLIENT,CLI_DOMAINEID) VALUES (1653,1639);
INSERT INTO CLIDOMAINE (CLI_NUMCLIENT,CLI_DOMAINEID) VALUES (1654,1627);
INSERT INTO CLIDOMAINE (CLI_NUMCLIENT,CLI_DOMAINEID) VALUES (1655,1622);
INSERT INTO CLIDOMAINE (CLI_NUMCLIENT,CLI_DOMAINEID) VALUES (1656,1663);
INSERT INTO CLIDOMAINE (CLI_NUMCLIENT,CLI_DOMAINEID) VALUES (1657,1668);
INSERT INTO CLIDOMAINE (CLI_NUMCLIENT,CLI_DOMAINEID) VALUES (1658,1662);
INSERT INTO CLIDOMAINE (CLI_NUMCLIENT,CLI_DOMAINEID) VALUES (1659,1692);
INSERT INTO CLIDOMAINE (CLI_NUMCLIENT,CLI_DOMAINEID) VALUES (1660,1686);
INSERT INTO CLIDOMAINE (CLI_NUMCLIENT,CLI_DOMAINEID) VALUES (1661,1617);
INSERT INTO CLIDOMAINE (CLI_NUMCLIENT,CLI_DOMAINEID) VALUES (1662,1609);
INSERT INTO CLIDOMAINE (CLI_NUMCLIENT,CLI_DOMAINEID) VALUES (1663,1679);
INSERT INTO CLIDOMAINE (CLI_NUMCLIENT,CLI_DOMAINEID) VALUES (1664,1666);
INSERT INTO CLIDOMAINE (CLI_NUMCLIENT,CLI_DOMAINEID) VALUES (1665,1667);
INSERT INTO CLIDOMAINE (CLI_NUMCLIENT,CLI_DOMAINEID) VALUES (1666,1631);
INSERT INTO CLIDOMAINE (CLI_NUMCLIENT,CLI_DOMAINEID) VALUES (1667,1649);
INSERT INTO CLIDOMAINE (CLI_NUMCLIENT,CLI_DOMAINEID) VALUES (1668,1633);
INSERT INTO CLIDOMAINE (CLI_NUMCLIENT,CLI_DOMAINEID) VALUES (1669,1627);
INSERT INTO CLIDOMAINE (CLI_NUMCLIENT,CLI_DOMAINEID) VALUES (1670,1672);
INSERT INTO CLIDOMAINE (CLI_NUMCLIENT,CLI_DOMAINEID) VALUES (1671,1675);
INSERT INTO CLIDOMAINE (CLI_NUMCLIENT,CLI_DOMAINEID) VALUES (1672,1638);
INSERT INTO CLIDOMAINE (CLI_NUMCLIENT,CLI_DOMAINEID) VALUES (1673,1639);
INSERT INTO CLIDOMAINE (CLI_NUMCLIENT,CLI_DOMAINEID) VALUES (1674,1695);
INSERT INTO CLIDOMAINE (CLI_NUMCLIENT,CLI_DOMAINEID) VALUES (1675,1624);
INSERT INTO CLIDOMAINE (CLI_NUMCLIENT,CLI_DOMAINEID) VALUES (1676,1666);
INSERT INTO CLIDOMAINE (CLI_NUMCLIENT,CLI_DOMAINEID) VALUES (1677,1660);
INSERT INTO CLIDOMAINE (CLI_NUMCLIENT,CLI_DOMAINEID) VALUES (1678,1699);
INSERT INTO CLIDOMAINE (CLI_NUMCLIENT,CLI_DOMAINEID) VALUES (1679,1671);
INSERT INTO CLIDOMAINE (CLI_NUMCLIENT,CLI_DOMAINEID) VALUES (1680,1605);
INSERT INTO CLIDOMAINE (CLI_NUMCLIENT,CLI_DOMAINEID) VALUES (1681,1652);
INSERT INTO CLIDOMAINE (CLI_NUMCLIENT,CLI_DOMAINEID) VALUES (1682,1601);
INSERT INTO CLIDOMAINE (CLI_NUMCLIENT,CLI_DOMAINEID) VALUES (1683,1627);
INSERT INTO CLIDOMAINE (CLI_NUMCLIENT,CLI_DOMAINEID) VALUES (1684,1616);
INSERT INTO CLIDOMAINE (CLI_NUMCLIENT,CLI_DOMAINEID) VALUES (1685,1652);
INSERT INTO CLIDOMAINE (CLI_NUMCLIENT,CLI_DOMAINEID) VALUES (1686,1640);
INSERT INTO CLIDOMAINE (CLI_NUMCLIENT,CLI_DOMAINEID) VALUES (1687,1624);
INSERT INTO CLIDOMAINE (CLI_NUMCLIENT,CLI_DOMAINEID) VALUES (1688,1660);
INSERT INTO CLIDOMAINE (CLI_NUMCLIENT,CLI_DOMAINEID) VALUES (1689,1629);
INSERT INTO CLIDOMAINE (CLI_NUMCLIENT,CLI_DOMAINEID) VALUES (1690,1622);
INSERT INTO CLIDOMAINE (CLI_NUMCLIENT,CLI_DOMAINEID) VALUES (1691,1654);
INSERT INTO CLIDOMAINE (CLI_NUMCLIENT,CLI_DOMAINEID) VALUES (1692,1626);
INSERT INTO CLIDOMAINE (CLI_NUMCLIENT,CLI_DOMAINEID) VALUES (1693,1675);
INSERT INTO CLIDOMAINE (CLI_NUMCLIENT,CLI_DOMAINEID) VALUES (1694,1644);
INSERT INTO CLIDOMAINE (CLI_NUMCLIENT,CLI_DOMAINEID) VALUES (1695,1658);
INSERT INTO CLIDOMAINE (CLI_NUMCLIENT,CLI_DOMAINEID) VALUES (1696,1674);
INSERT INTO CLIDOMAINE (CLI_NUMCLIENT,CLI_DOMAINEID) VALUES (1697,1608);
INSERT INTO CLIDOMAINE (CLI_NUMCLIENT,CLI_DOMAINEID) VALUES (1698,1654);
INSERT INTO CLIDOMAINE (CLI_NUMCLIENT,CLI_DOMAINEID) VALUES (1699,1697);

-----------------------------------------------------------------OK
/* CLICOMMENTER */
/*
--SELECT COL_MATRICULE FROM CDI10.COLLABORATEURS ORDER BY COL_MATRICULE;
--SELECT CLI_NUMCLIENT FROM CDI10.CLIENTS;
ALTER SESSION SET NLS_DATE_FORMAT = 'YYYY/MM/DD HH24:MI:SS';
INSERT INTO CLICOMMENTER (COL_MATRICULE,CLI_NUMCLIENT,COMCLI_COMCLIENT,COMCLI_DATETIME) VALUES 
	(1601,1601,'Je me fourni en concombre et gros navet la bas !','2016/04/21 11:45:10');
INSERT INTO CLICOMMENTER (COL_MATRICULE,CLI_NUMCLIENT,COMCLI_COMCLIENT,COMCLI_DATETIME) VALUES 
	(1602,1601,'Ils ne possedent que des vaches, dommage...','2016/05/24 13:45:20');
INSERT INTO CLICOMMENTER (COL_MATRICULE,CLI_NUMCLIENT,COMCLI_COMCLIENT,COMCLI_DATETIME) VALUES 
	(1603,1601,'Ne possède aucune relique... :/','2016/06/27 13:45:30');
INSERT INTO CLICOMMENTER (COL_MATRICULE,CLI_NUMCLIENT,COMCLI_COMCLIENT,COMCLI_DATETIME) VALUES 
	(1604,1601,'Laissez moi vous raconter cette histoire...','2016/07/29 13:45:40');
SELECT * FROM CDI10.CLICOMMENTER;
*/
INSERT INTO CLICOMMENTER (COL_MATRICULE,CLI_NUMCLIENT,COMCLI_COMCLIENT,COMCLI_DATETIME) VALUES (1600,1692,'Lorem ipsum dolor sit','08/02/2017');
INSERT INTO CLICOMMENTER (COL_MATRICULE,CLI_NUMCLIENT,COMCLI_COMCLIENT,COMCLI_DATETIME) VALUES (1601,1612,'Lorem ipsum dolor sit amet,','23/05/2016');
INSERT INTO CLICOMMENTER (COL_MATRICULE,CLI_NUMCLIENT,COMCLI_COMCLIENT,COMCLI_DATETIME) VALUES (1602,1685,'Lorem ipsum','10/06/2016');
INSERT INTO CLICOMMENTER (COL_MATRICULE,CLI_NUMCLIENT,COMCLI_COMCLIENT,COMCLI_DATETIME) VALUES (1603,1689,'Lorem ipsum dolor sit amet, consectetuer adipiscing','15/06/2016');
INSERT INTO CLICOMMENTER (COL_MATRICULE,CLI_NUMCLIENT,COMCLI_COMCLIENT,COMCLI_DATETIME) VALUES (1604,1690,'Lorem ipsum dolor','15/03/2016');
INSERT INTO CLICOMMENTER (COL_MATRICULE,CLI_NUMCLIENT,COMCLI_COMCLIENT,COMCLI_DATETIME) VALUES (1605,1625,'Lorem ipsum dolor sit amet,','03/01/2016');
INSERT INTO CLICOMMENTER (COL_MATRICULE,CLI_NUMCLIENT,COMCLI_COMCLIENT,COMCLI_DATETIME) VALUES (1606,1605,'Lorem ipsum dolor','28/09/2016');
INSERT INTO CLICOMMENTER (COL_MATRICULE,CLI_NUMCLIENT,COMCLI_COMCLIENT,COMCLI_DATETIME) VALUES (1607,1630,'Lorem','30/05/2017');
INSERT INTO CLICOMMENTER (COL_MATRICULE,CLI_NUMCLIENT,COMCLI_COMCLIENT,COMCLI_DATETIME) VALUES (1608,1680,'Lorem ipsum dolor sit amet, consectetuer adipiscing','09/02/2016');
INSERT INTO CLICOMMENTER (COL_MATRICULE,CLI_NUMCLIENT,COMCLI_COMCLIENT,COMCLI_DATETIME) VALUES (1609,1628,'Lorem ipsum dolor sit amet, consectetuer adipiscing elit.','29/10/2016');
INSERT INTO CLICOMMENTER (COL_MATRICULE,CLI_NUMCLIENT,COMCLI_COMCLIENT,COMCLI_DATETIME) VALUES (1610,1691,'Lorem','07/12/2016');
INSERT INTO CLICOMMENTER (COL_MATRICULE,CLI_NUMCLIENT,COMCLI_COMCLIENT,COMCLI_DATETIME) VALUES (1611,1687,'Lorem ipsum dolor sit','14/05/2017');
INSERT INTO CLICOMMENTER (COL_MATRICULE,CLI_NUMCLIENT,COMCLI_COMCLIENT,COMCLI_DATETIME) VALUES (1612,1618,'Lorem ipsum dolor sit','13/11/2016');
INSERT INTO CLICOMMENTER (COL_MATRICULE,CLI_NUMCLIENT,COMCLI_COMCLIENT,COMCLI_DATETIME) VALUES (1613,1613,'Lorem','08/03/2017');
INSERT INTO CLICOMMENTER (COL_MATRICULE,CLI_NUMCLIENT,COMCLI_COMCLIENT,COMCLI_DATETIME) VALUES (1614,1636,'Lorem ipsum dolor','09/01/2016');
INSERT INTO CLICOMMENTER (COL_MATRICULE,CLI_NUMCLIENT,COMCLI_COMCLIENT,COMCLI_DATETIME) VALUES (1615,1694,'Lorem ipsum dolor sit amet, consectetuer adipiscing elit.','24/02/2017');
INSERT INTO CLICOMMENTER (COL_MATRICULE,CLI_NUMCLIENT,COMCLI_COMCLIENT,COMCLI_DATETIME) VALUES (1616,1634,'Lorem ipsum dolor','21/11/2016');
INSERT INTO CLICOMMENTER (COL_MATRICULE,CLI_NUMCLIENT,COMCLI_COMCLIENT,COMCLI_DATETIME) VALUES (1617,1615,'Lorem ipsum','02/05/2016');
INSERT INTO CLICOMMENTER (COL_MATRICULE,CLI_NUMCLIENT,COMCLI_COMCLIENT,COMCLI_DATETIME) VALUES (1618,1610,'Lorem','13/01/2017');
INSERT INTO CLICOMMENTER (COL_MATRICULE,CLI_NUMCLIENT,COMCLI_COMCLIENT,COMCLI_DATETIME) VALUES (1619,1624,'Lorem','31/03/2017');
INSERT INTO CLICOMMENTER (COL_MATRICULE,CLI_NUMCLIENT,COMCLI_COMCLIENT,COMCLI_DATETIME) VALUES (1620,1636,'Lorem ipsum dolor sit amet, consectetuer adipiscing elit. Curabitur','05/03/2017');
INSERT INTO CLICOMMENTER (COL_MATRICULE,CLI_NUMCLIENT,COMCLI_COMCLIENT,COMCLI_DATETIME) VALUES (1621,1646,'Lorem ipsum dolor sit','09/06/2017');
INSERT INTO CLICOMMENTER (COL_MATRICULE,CLI_NUMCLIENT,COMCLI_COMCLIENT,COMCLI_DATETIME) VALUES (1622,1677,'Lorem ipsum dolor sit amet, consectetuer adipiscing','27/05/2016');
INSERT INTO CLICOMMENTER (COL_MATRICULE,CLI_NUMCLIENT,COMCLI_COMCLIENT,COMCLI_DATETIME) VALUES (1623,1651,'Lorem','05/08/2016');
INSERT INTO CLICOMMENTER (COL_MATRICULE,CLI_NUMCLIENT,COMCLI_COMCLIENT,COMCLI_DATETIME) VALUES (1624,1687,'Lorem','13/05/2017');
INSERT INTO CLICOMMENTER (COL_MATRICULE,CLI_NUMCLIENT,COMCLI_COMCLIENT,COMCLI_DATETIME) VALUES (1625,1624,'Lorem ipsum dolor sit amet, consectetuer adipiscing elit. Curabitur sed','05/03/2016');
INSERT INTO CLICOMMENTER (COL_MATRICULE,CLI_NUMCLIENT,COMCLI_COMCLIENT,COMCLI_DATETIME) VALUES (1626,1659,'Lorem ipsum','10/12/2016');
INSERT INTO CLICOMMENTER (COL_MATRICULE,CLI_NUMCLIENT,COMCLI_COMCLIENT,COMCLI_DATETIME) VALUES (1627,1626,'Lorem ipsum dolor sit amet, consectetuer adipiscing elit.','14/02/2016');
INSERT INTO CLICOMMENTER (COL_MATRICULE,CLI_NUMCLIENT,COMCLI_COMCLIENT,COMCLI_DATETIME) VALUES (1628,1676,'Lorem ipsum dolor','25/02/2017');
INSERT INTO CLICOMMENTER (COL_MATRICULE,CLI_NUMCLIENT,COMCLI_COMCLIENT,COMCLI_DATETIME) VALUES (1629,1660,'Lorem ipsum dolor sit amet, consectetuer adipiscing elit.','19/07/2016');
INSERT INTO CLICOMMENTER (COL_MATRICULE,CLI_NUMCLIENT,COMCLI_COMCLIENT,COMCLI_DATETIME) VALUES (1630,1604,'Lorem ipsum','21/01/2016');
INSERT INTO CLICOMMENTER (COL_MATRICULE,CLI_NUMCLIENT,COMCLI_COMCLIENT,COMCLI_DATETIME) VALUES (1631,1627,'Lorem ipsum dolor sit amet, consectetuer','18/05/2016');
INSERT INTO CLICOMMENTER (COL_MATRICULE,CLI_NUMCLIENT,COMCLI_COMCLIENT,COMCLI_DATETIME) VALUES (1632,1667,'Lorem ipsum dolor sit amet, consectetuer','31/05/2016');
INSERT INTO CLICOMMENTER (COL_MATRICULE,CLI_NUMCLIENT,COMCLI_COMCLIENT,COMCLI_DATETIME) VALUES (1633,1633,'Lorem ipsum dolor sit amet, consectetuer adipiscing','12/06/2016');
INSERT INTO CLICOMMENTER (COL_MATRICULE,CLI_NUMCLIENT,COMCLI_COMCLIENT,COMCLI_DATETIME) VALUES (1634,1613,'Lorem ipsum dolor sit amet, consectetuer','24/07/2017');
INSERT INTO CLICOMMENTER (COL_MATRICULE,CLI_NUMCLIENT,COMCLI_COMCLIENT,COMCLI_DATETIME) VALUES (1635,1699,'Lorem ipsum dolor sit amet,','11/05/2017');
INSERT INTO CLICOMMENTER (COL_MATRICULE,CLI_NUMCLIENT,COMCLI_COMCLIENT,COMCLI_DATETIME) VALUES (1636,1621,'Lorem ipsum dolor sit amet, consectetuer adipiscing','12/02/2017');
INSERT INTO CLICOMMENTER (COL_MATRICULE,CLI_NUMCLIENT,COMCLI_COMCLIENT,COMCLI_DATETIME) VALUES (1637,1649,'Lorem ipsum dolor sit amet, consectetuer adipiscing elit.','17/03/2017');
INSERT INTO CLICOMMENTER (COL_MATRICULE,CLI_NUMCLIENT,COMCLI_COMCLIENT,COMCLI_DATETIME) VALUES (1638,1656,'Lorem ipsum dolor sit amet, consectetuer adipiscing elit. Curabitur sed','05/06/2017');
INSERT INTO CLICOMMENTER (COL_MATRICULE,CLI_NUMCLIENT,COMCLI_COMCLIENT,COMCLI_DATETIME) VALUES (1639,1611,'Lorem ipsum dolor sit amet,','17/10/2016');
INSERT INTO CLICOMMENTER (COL_MATRICULE,CLI_NUMCLIENT,COMCLI_COMCLIENT,COMCLI_DATETIME) VALUES (1640,1667,'Lorem','17/11/2016');
INSERT INTO CLICOMMENTER (COL_MATRICULE,CLI_NUMCLIENT,COMCLI_COMCLIENT,COMCLI_DATETIME) VALUES (1641,1617,'Lorem ipsum dolor sit amet, consectetuer','22/03/2017');
INSERT INTO CLICOMMENTER (COL_MATRICULE,CLI_NUMCLIENT,COMCLI_COMCLIENT,COMCLI_DATETIME) VALUES (1642,1689,'Lorem ipsum','21/05/2016');
INSERT INTO CLICOMMENTER (COL_MATRICULE,CLI_NUMCLIENT,COMCLI_COMCLIENT,COMCLI_DATETIME) VALUES (1643,1692,'Lorem ipsum dolor sit amet, consectetuer','03/05/2016');
INSERT INTO CLICOMMENTER (COL_MATRICULE,CLI_NUMCLIENT,COMCLI_COMCLIENT,COMCLI_DATETIME) VALUES (1644,1654,'Lorem ipsum dolor sit','12/02/2016');
INSERT INTO CLICOMMENTER (COL_MATRICULE,CLI_NUMCLIENT,COMCLI_COMCLIENT,COMCLI_DATETIME) VALUES (1645,1684,'Lorem ipsum dolor sit amet, consectetuer adipiscing','29/02/2016');
INSERT INTO CLICOMMENTER (COL_MATRICULE,CLI_NUMCLIENT,COMCLI_COMCLIENT,COMCLI_DATETIME) VALUES (1646,1658,'Lorem ipsum dolor sit amet, consectetuer adipiscing elit.','20/01/2017');
INSERT INTO CLICOMMENTER (COL_MATRICULE,CLI_NUMCLIENT,COMCLI_COMCLIENT,COMCLI_DATETIME) VALUES (1647,1650,'Lorem ipsum dolor sit amet,','02/11/2016');
INSERT INTO CLICOMMENTER (COL_MATRICULE,CLI_NUMCLIENT,COMCLI_COMCLIENT,COMCLI_DATETIME) VALUES (1648,1647,'Lorem ipsum','18/12/2016');
INSERT INTO CLICOMMENTER (COL_MATRICULE,CLI_NUMCLIENT,COMCLI_COMCLIENT,COMCLI_DATETIME) VALUES (1649,1640,'Lorem ipsum dolor sit amet, consectetuer adipiscing elit. Curabitur sed','17/01/2016');
INSERT INTO CLICOMMENTER (COL_MATRICULE,CLI_NUMCLIENT,COMCLI_COMCLIENT,COMCLI_DATETIME) VALUES (1650,1640,'Lorem ipsum dolor sit amet, consectetuer adipiscing','13/11/2016');
INSERT INTO CLICOMMENTER (COL_MATRICULE,CLI_NUMCLIENT,COMCLI_COMCLIENT,COMCLI_DATETIME) VALUES (1651,1682,'Lorem ipsum dolor sit amet,','28/08/2016');
INSERT INTO CLICOMMENTER (COL_MATRICULE,CLI_NUMCLIENT,COMCLI_COMCLIENT,COMCLI_DATETIME) VALUES (1652,1671,'Lorem ipsum dolor','06/11/2016');
INSERT INTO CLICOMMENTER (COL_MATRICULE,CLI_NUMCLIENT,COMCLI_COMCLIENT,COMCLI_DATETIME) VALUES (1653,1603,'Lorem ipsum dolor sit amet, consectetuer adipiscing elit. Curabitur sed','05/12/2016');
INSERT INTO CLICOMMENTER (COL_MATRICULE,CLI_NUMCLIENT,COMCLI_COMCLIENT,COMCLI_DATETIME) VALUES (1654,1642,'Lorem ipsum dolor','29/07/2017');
INSERT INTO CLICOMMENTER (COL_MATRICULE,CLI_NUMCLIENT,COMCLI_COMCLIENT,COMCLI_DATETIME) VALUES (1655,1617,'Lorem ipsum','24/12/2016');
INSERT INTO CLICOMMENTER (COL_MATRICULE,CLI_NUMCLIENT,COMCLI_COMCLIENT,COMCLI_DATETIME) VALUES (1656,1628,'Lorem ipsum dolor sit amet, consectetuer adipiscing elit.','12/04/2016');
INSERT INTO CLICOMMENTER (COL_MATRICULE,CLI_NUMCLIENT,COMCLI_COMCLIENT,COMCLI_DATETIME) VALUES (1657,1657,'Lorem ipsum dolor sit amet, consectetuer adipiscing elit. Curabitur','29/07/2016');
INSERT INTO CLICOMMENTER (COL_MATRICULE,CLI_NUMCLIENT,COMCLI_COMCLIENT,COMCLI_DATETIME) VALUES (1658,1660,'Lorem ipsum dolor sit amet, consectetuer adipiscing elit. Curabitur','01/09/2016');
INSERT INTO CLICOMMENTER (COL_MATRICULE,CLI_NUMCLIENT,COMCLI_COMCLIENT,COMCLI_DATETIME) VALUES (1659,1696,'Lorem ipsum dolor sit amet, consectetuer','07/08/2016');
INSERT INTO CLICOMMENTER (COL_MATRICULE,CLI_NUMCLIENT,COMCLI_COMCLIENT,COMCLI_DATETIME) VALUES (1660,1670,'Lorem','12/05/2016');
INSERT INTO CLICOMMENTER (COL_MATRICULE,CLI_NUMCLIENT,COMCLI_COMCLIENT,COMCLI_DATETIME) VALUES (1661,1618,'Lorem ipsum dolor sit amet,','01/06/2016');
INSERT INTO CLICOMMENTER (COL_MATRICULE,CLI_NUMCLIENT,COMCLI_COMCLIENT,COMCLI_DATETIME) VALUES (1662,1628,'Lorem ipsum dolor sit','10/06/2017');
INSERT INTO CLICOMMENTER (COL_MATRICULE,CLI_NUMCLIENT,COMCLI_COMCLIENT,COMCLI_DATETIME) VALUES (1663,1691,'Lorem ipsum dolor','05/07/2017');
INSERT INTO CLICOMMENTER (COL_MATRICULE,CLI_NUMCLIENT,COMCLI_COMCLIENT,COMCLI_DATETIME) VALUES (1664,1646,'Lorem ipsum dolor sit amet, consectetuer adipiscing','19/10/2016');
INSERT INTO CLICOMMENTER (COL_MATRICULE,CLI_NUMCLIENT,COMCLI_COMCLIENT,COMCLI_DATETIME) VALUES (1665,1666,'Lorem ipsum dolor sit amet, consectetuer adipiscing elit. Curabitur','03/04/2016');
INSERT INTO CLICOMMENTER (COL_MATRICULE,CLI_NUMCLIENT,COMCLI_COMCLIENT,COMCLI_DATETIME) VALUES (1666,1665,'Lorem ipsum dolor sit amet,','22/12/2016');
INSERT INTO CLICOMMENTER (COL_MATRICULE,CLI_NUMCLIENT,COMCLI_COMCLIENT,COMCLI_DATETIME) VALUES (1667,1656,'Lorem ipsum dolor sit amet, consectetuer adipiscing elit.','25/01/2016');
INSERT INTO CLICOMMENTER (COL_MATRICULE,CLI_NUMCLIENT,COMCLI_COMCLIENT,COMCLI_DATETIME) VALUES (1668,1619,'Lorem ipsum dolor','31/07/2017');
INSERT INTO CLICOMMENTER (COL_MATRICULE,CLI_NUMCLIENT,COMCLI_COMCLIENT,COMCLI_DATETIME) VALUES (1669,1684,'Lorem ipsum dolor sit amet, consectetuer','21/02/2017');
INSERT INTO CLICOMMENTER (COL_MATRICULE,CLI_NUMCLIENT,COMCLI_COMCLIENT,COMCLI_DATETIME) VALUES (1670,1667,'Lorem ipsum dolor sit','20/08/2016');
INSERT INTO CLICOMMENTER (COL_MATRICULE,CLI_NUMCLIENT,COMCLI_COMCLIENT,COMCLI_DATETIME) VALUES (1671,1660,'Lorem','25/10/2016');
INSERT INTO CLICOMMENTER (COL_MATRICULE,CLI_NUMCLIENT,COMCLI_COMCLIENT,COMCLI_DATETIME) VALUES (1672,1614,'Lorem ipsum','20/01/2016');
INSERT INTO CLICOMMENTER (COL_MATRICULE,CLI_NUMCLIENT,COMCLI_COMCLIENT,COMCLI_DATETIME) VALUES (1673,1620,'Lorem ipsum dolor sit amet,','29/06/2016');
INSERT INTO CLICOMMENTER (COL_MATRICULE,CLI_NUMCLIENT,COMCLI_COMCLIENT,COMCLI_DATETIME) VALUES (1674,1627,'Lorem ipsum dolor sit amet, consectetuer','19/03/2016');
INSERT INTO CLICOMMENTER (COL_MATRICULE,CLI_NUMCLIENT,COMCLI_COMCLIENT,COMCLI_DATETIME) VALUES (1675,1612,'Lorem ipsum dolor sit','16/09/2016');
INSERT INTO CLICOMMENTER (COL_MATRICULE,CLI_NUMCLIENT,COMCLI_COMCLIENT,COMCLI_DATETIME) VALUES (1676,1644,'Lorem ipsum dolor sit amet, consectetuer adipiscing elit. Curabitur','06/01/2017');
INSERT INTO CLICOMMENTER (COL_MATRICULE,CLI_NUMCLIENT,COMCLI_COMCLIENT,COMCLI_DATETIME) VALUES (1677,1689,'Lorem ipsum dolor','13/04/2016');
INSERT INTO CLICOMMENTER (COL_MATRICULE,CLI_NUMCLIENT,COMCLI_COMCLIENT,COMCLI_DATETIME) VALUES (1678,1600,'Lorem ipsum dolor sit amet, consectetuer adipiscing elit. Curabitur sed','13/11/2016');
INSERT INTO CLICOMMENTER (COL_MATRICULE,CLI_NUMCLIENT,COMCLI_COMCLIENT,COMCLI_DATETIME) VALUES (1679,1625,'Lorem','17/08/2016');
INSERT INTO CLICOMMENTER (COL_MATRICULE,CLI_NUMCLIENT,COMCLI_COMCLIENT,COMCLI_DATETIME) VALUES (1680,1686,'Lorem ipsum dolor sit amet, consectetuer','29/07/2016');
INSERT INTO CLICOMMENTER (COL_MATRICULE,CLI_NUMCLIENT,COMCLI_COMCLIENT,COMCLI_DATETIME) VALUES (1681,1635,'Lorem ipsum dolor sit amet, consectetuer','29/06/2017');
INSERT INTO CLICOMMENTER (COL_MATRICULE,CLI_NUMCLIENT,COMCLI_COMCLIENT,COMCLI_DATETIME) VALUES (1682,1691,'Lorem ipsum dolor sit amet, consectetuer adipiscing elit. Curabitur sed','01/04/2016');
INSERT INTO CLICOMMENTER (COL_MATRICULE,CLI_NUMCLIENT,COMCLI_COMCLIENT,COMCLI_DATETIME) VALUES (1683,1627,'Lorem','25/05/2016');
INSERT INTO CLICOMMENTER (COL_MATRICULE,CLI_NUMCLIENT,COMCLI_COMCLIENT,COMCLI_DATETIME) VALUES (1684,1639,'Lorem ipsum dolor sit amet, consectetuer adipiscing elit. Curabitur','05/07/2016');
INSERT INTO CLICOMMENTER (COL_MATRICULE,CLI_NUMCLIENT,COMCLI_COMCLIENT,COMCLI_DATETIME) VALUES (1685,1647,'Lorem ipsum dolor sit amet, consectetuer adipiscing elit.','31/10/2016');
INSERT INTO CLICOMMENTER (COL_MATRICULE,CLI_NUMCLIENT,COMCLI_COMCLIENT,COMCLI_DATETIME) VALUES (1686,1681,'Lorem ipsum dolor sit','22/04/2017');
INSERT INTO CLICOMMENTER (COL_MATRICULE,CLI_NUMCLIENT,COMCLI_COMCLIENT,COMCLI_DATETIME) VALUES (1687,1644,'Lorem ipsum dolor sit amet, consectetuer adipiscing elit. Curabitur sed','27/03/2017');
INSERT INTO CLICOMMENTER (COL_MATRICULE,CLI_NUMCLIENT,COMCLI_COMCLIENT,COMCLI_DATETIME) VALUES (1688,1627,'Lorem ipsum dolor sit amet, consectetuer adipiscing','22/02/2016');
INSERT INTO CLICOMMENTER (COL_MATRICULE,CLI_NUMCLIENT,COMCLI_COMCLIENT,COMCLI_DATETIME) VALUES (1689,1624,'Lorem ipsum','19/07/2017');
INSERT INTO CLICOMMENTER (COL_MATRICULE,CLI_NUMCLIENT,COMCLI_COMCLIENT,COMCLI_DATETIME) VALUES (1690,1658,'Lorem ipsum dolor sit amet, consectetuer adipiscing elit. Curabitur','12/01/2016');
INSERT INTO CLICOMMENTER (COL_MATRICULE,CLI_NUMCLIENT,COMCLI_COMCLIENT,COMCLI_DATETIME) VALUES (1691,1643,'Lorem ipsum dolor','25/09/2016');
INSERT INTO CLICOMMENTER (COL_MATRICULE,CLI_NUMCLIENT,COMCLI_COMCLIENT,COMCLI_DATETIME) VALUES (1692,1643,'Lorem ipsum dolor sit amet, consectetuer adipiscing elit. Curabitur','03/07/2016');
INSERT INTO CLICOMMENTER (COL_MATRICULE,CLI_NUMCLIENT,COMCLI_COMCLIENT,COMCLI_DATETIME) VALUES (1693,1695,'Lorem ipsum dolor sit amet, consectetuer adipiscing elit.','01/01/2016');
INSERT INTO CLICOMMENTER (COL_MATRICULE,CLI_NUMCLIENT,COMCLI_COMCLIENT,COMCLI_DATETIME) VALUES (1694,1602,'Lorem ipsum dolor','06/07/2016');
INSERT INTO CLICOMMENTER (COL_MATRICULE,CLI_NUMCLIENT,COMCLI_COMCLIENT,COMCLI_DATETIME) VALUES (1695,1622,'Lorem ipsum dolor sit amet, consectetuer','18/04/2017');
INSERT INTO CLICOMMENTER (COL_MATRICULE,CLI_NUMCLIENT,COMCLI_COMCLIENT,COMCLI_DATETIME) VALUES (1696,1623,'Lorem ipsum dolor sit','29/06/2016');
INSERT INTO CLICOMMENTER (COL_MATRICULE,CLI_NUMCLIENT,COMCLI_COMCLIENT,COMCLI_DATETIME) VALUES (1697,1625,'Lorem ipsum','24/10/2016');
INSERT INTO CLICOMMENTER (COL_MATRICULE,CLI_NUMCLIENT,COMCLI_COMCLIENT,COMCLI_DATETIME) VALUES (1698,1639,'Lorem ipsum dolor sit amet, consectetuer adipiscing elit.','20/09/2016');
INSERT INTO CLICOMMENTER (COL_MATRICULE,CLI_NUMCLIENT,COMCLI_COMCLIENT,COMCLI_DATETIME) VALUES (1699,1636,'Lorem ipsum dolor','09/04/2017');


-----------------------------------------------------------------OK
/* PROJETS */
/*
ALTER SESSION SET NLS_DATE_FORMAT = 'YYYY/MM/DD HH24:MI:SS';
INSERT INTO PROJETS (CLI_NUMCLIENT,PROJET_LIBELLECOURT,PROJET_LIBELLELONG,PROJET_TYPE,
	PROJET_CYCLEVIE,PROJET_SECTEURACTIVITE,PROJET_DATEPREVUEDEBUT,PROJET_DATEPREVUEFIN,PROJET_CHARGEGLOBALEESTIMEE) 
	VALUES (1601,'Site E-Commerce','Presentation produits et ventes','F',
			'COMPLET','Commerce','2016/07/29 11:35:00','2016/10/29 11:35:00',500);
UPDATE PROJETS SET PROJET_DATEREELLEDEBUT = '2016/08/01 00:00:00' WHERE PROJET_CODE = 1601;
SELECT * FROM CDI10.PROJETS;
*/
INSERT INTO PROJETS (CLI_NUMCLIENT,PROJET_LIBELLECOURT,PROJET_LIBELLELONG,PROJET_TYPE,PROJET_CYCLEVIE,PROJET_SECTEURACTIVITE,PROJET_DATEPREVUEDEBUT,PROJET_DATEPREVUEFIN,PROJET_CHARGEGLOBALEESTIMEE) VALUES (1605,'orci, consectetuer','Lorem ipsum dolor sit amet, consectetuer adipiscing elit. Curabitur','F ','neque','nec,','13/06/2016','03/05/2016',84);
INSERT INTO PROJETS (CLI_NUMCLIENT,PROJET_LIBELLECOURT,PROJET_LIBELLELONG,PROJET_TYPE,PROJET_CYCLEVIE,PROJET_SECTEURACTIVITE,PROJET_DATEPREVUEDEBUT,PROJET_DATEPREVUEFIN,PROJET_CHARGEGLOBALEESTIMEE) VALUES (1661,'ultricies sem','Lorem ipsum dolor sit amet, consectetuer adipiscing','F ','aliquet','purus','04/05/2017','05/05/2017',84);
INSERT INTO PROJETS (CLI_NUMCLIENT,PROJET_LIBELLECOURT,PROJET_LIBELLELONG,PROJET_TYPE,PROJET_CYCLEVIE,PROJET_SECTEURACTIVITE,PROJET_DATEPREVUEDEBUT,PROJET_DATEPREVUEFIN,PROJET_CHARGEGLOBALEESTIMEE) VALUES (1649,'In','Lorem ipsum dolor sit amet, consectetuer adipiscing elit. Curabitur sed','F ','Sed','natoque','29/03/2017','30/05/2017',27);
INSERT INTO PROJETS (CLI_NUMCLIENT,PROJET_LIBELLECOURT,PROJET_LIBELLELONG,PROJET_TYPE,PROJET_CYCLEVIE,PROJET_SECTEURACTIVITE,PROJET_DATEPREVUEDEBUT,PROJET_DATEPREVUEFIN,PROJET_CHARGEGLOBALEESTIMEE) VALUES (1624,'quis','Lorem ipsum','F ','amet,','rutrum,','01/04/2017','29/01/2016',73);
INSERT INTO PROJETS (CLI_NUMCLIENT,PROJET_LIBELLECOURT,PROJET_LIBELLELONG,PROJET_TYPE,PROJET_CYCLEVIE,PROJET_SECTEURACTIVITE,PROJET_DATEPREVUEDEBUT,PROJET_DATEPREVUEFIN,PROJET_CHARGEGLOBALEESTIMEE) VALUES (1656,'magna','Lorem ipsum dolor','F ','sapien','eros','22/11/2016','04/03/2017',74);
INSERT INTO PROJETS (CLI_NUMCLIENT,PROJET_LIBELLECOURT,PROJET_LIBELLELONG,PROJET_TYPE,PROJET_CYCLEVIE,PROJET_SECTEURACTIVITE,PROJET_DATEPREVUEDEBUT,PROJET_DATEPREVUEFIN,PROJET_CHARGEGLOBALEESTIMEE) VALUES (1650,'magna.','Lorem','F ','Mauris','felis','18/07/2016','10/03/2017',61);
INSERT INTO PROJETS (CLI_NUMCLIENT,PROJET_LIBELLECOURT,PROJET_LIBELLELONG,PROJET_TYPE,PROJET_CYCLEVIE,PROJET_SECTEURACTIVITE,PROJET_DATEPREVUEDEBUT,PROJET_DATEPREVUEFIN,PROJET_CHARGEGLOBALEESTIMEE) VALUES (1664,'nunc sit','Lorem ipsum dolor sit amet, consectetuer','F ','Suspendisse','vel,','04/01/2016','11/08/2016',51);
INSERT INTO PROJETS (CLI_NUMCLIENT,PROJET_LIBELLECOURT,PROJET_LIBELLELONG,PROJET_TYPE,PROJET_CYCLEVIE,PROJET_SECTEURACTIVITE,PROJET_DATEPREVUEDEBUT,PROJET_DATEPREVUEFIN,PROJET_CHARGEGLOBALEESTIMEE) VALUES (1664,'sed,','Lorem ipsum dolor sit amet, consectetuer adipiscing elit. Curabitur sed','F ','amet','Duis','16/02/2017','29/01/2016',47);
INSERT INTO PROJETS (CLI_NUMCLIENT,PROJET_LIBELLECOURT,PROJET_LIBELLELONG,PROJET_TYPE,PROJET_CYCLEVIE,PROJET_SECTEURACTIVITE,PROJET_DATEPREVUEDEBUT,PROJET_DATEPREVUEFIN,PROJET_CHARGEGLOBALEESTIMEE) VALUES (1662,'ultrices posuere','Lorem','F ','amet','morbi','17/07/2017','18/04/2016',51);
INSERT INTO PROJETS (CLI_NUMCLIENT,PROJET_LIBELLECOURT,PROJET_LIBELLELONG,PROJET_TYPE,PROJET_CYCLEVIE,PROJET_SECTEURACTIVITE,PROJET_DATEPREVUEDEBUT,PROJET_DATEPREVUEFIN,PROJET_CHARGEGLOBALEESTIMEE) VALUES (1682,'luctus','Lorem','F ','dui,','scelerisque','12/06/2016','15/12/2016',17);
INSERT INTO PROJETS (CLI_NUMCLIENT,PROJET_LIBELLECOURT,PROJET_LIBELLELONG,PROJET_TYPE,PROJET_CYCLEVIE,PROJET_SECTEURACTIVITE,PROJET_DATEPREVUEDEBUT,PROJET_DATEPREVUEFIN,PROJET_CHARGEGLOBALEESTIMEE) VALUES (1677,'inceptos hymenaeos.','Lorem ipsum dolor',' R ','nec,','sit','12/02/2017','06/03/2017',12);
INSERT INTO PROJETS (CLI_NUMCLIENT,PROJET_LIBELLECOURT,PROJET_LIBELLELONG,PROJET_TYPE,PROJET_CYCLEVIE,PROJET_SECTEURACTIVITE,PROJET_DATEPREVUEDEBUT,PROJET_DATEPREVUEFIN,PROJET_CHARGEGLOBALEESTIMEE) VALUES (1639,'vestibulum massa rutrum','Lorem ipsum',' R ','Nullam','malesuada','07/06/2016','28/07/2017',69);
INSERT INTO PROJETS (CLI_NUMCLIENT,PROJET_LIBELLECOURT,PROJET_LIBELLELONG,PROJET_TYPE,PROJET_CYCLEVIE,PROJET_SECTEURACTIVITE,PROJET_DATEPREVUEDEBUT,PROJET_DATEPREVUEFIN,PROJET_CHARGEGLOBALEESTIMEE) VALUES (1610,'placerat. Cras dictum','Lorem ipsum dolor sit amet, consectetuer adipiscing elit. Curabitur',' R ','montes,','tempor','19/02/2016','28/07/2017',20);
INSERT INTO PROJETS (CLI_NUMCLIENT,PROJET_LIBELLECOURT,PROJET_LIBELLELONG,PROJET_TYPE,PROJET_CYCLEVIE,PROJET_SECTEURACTIVITE,PROJET_DATEPREVUEDEBUT,PROJET_DATEPREVUEFIN,PROJET_CHARGEGLOBALEESTIMEE) VALUES (1604,'et risus.','Lorem ipsum dolor sit amet, consectetuer adipiscing',' R ','libero','ornare.','01/06/2016','27/08/2016',83);
INSERT INTO PROJETS (CLI_NUMCLIENT,PROJET_LIBELLECOURT,PROJET_LIBELLELONG,PROJET_TYPE,PROJET_CYCLEVIE,PROJET_SECTEURACTIVITE,PROJET_DATEPREVUEDEBUT,PROJET_DATEPREVUEFIN,PROJET_CHARGEGLOBALEESTIMEE) VALUES (1666,'Vestibulum ante ipsum','Lorem ipsum dolor sit amet, consectetuer adipiscing elit. Curabitur',' R ','justo','porta','04/02/2016','19/04/2017',83);
INSERT INTO PROJETS (CLI_NUMCLIENT,PROJET_LIBELLECOURT,PROJET_LIBELLELONG,PROJET_TYPE,PROJET_CYCLEVIE,PROJET_SECTEURACTIVITE,PROJET_DATEPREVUEDEBUT,PROJET_DATEPREVUEFIN,PROJET_CHARGEGLOBALEESTIMEE) VALUES (1639,'Etiam vestibulum massa','Lorem ipsum dolor sit amet, consectetuer adipiscing elit.',' R ','et','sit','10/06/2016','06/01/2016',85);
INSERT INTO PROJETS (CLI_NUMCLIENT,PROJET_LIBELLECOURT,PROJET_LIBELLELONG,PROJET_TYPE,PROJET_CYCLEVIE,PROJET_SECTEURACTIVITE,PROJET_DATEPREVUEDEBUT,PROJET_DATEPREVUEFIN,PROJET_CHARGEGLOBALEESTIMEE) VALUES (1671,'lobortis quam','Lorem ipsum dolor sit amet, consectetuer adipiscing elit. Curabitur sed',' R ','elit.','Donec','02/04/2016','27/01/2016',49);
INSERT INTO PROJETS (CLI_NUMCLIENT,PROJET_LIBELLECOURT,PROJET_LIBELLELONG,PROJET_TYPE,PROJET_CYCLEVIE,PROJET_SECTEURACTIVITE,PROJET_DATEPREVUEDEBUT,PROJET_DATEPREVUEFIN,PROJET_CHARGEGLOBALEESTIMEE) VALUES (1693,'gravida.','Lorem ipsum',' R ','elit.','aliquet','23/07/2016','18/07/2016',27);
INSERT INTO PROJETS (CLI_NUMCLIENT,PROJET_LIBELLECOURT,PROJET_LIBELLELONG,PROJET_TYPE,PROJET_CYCLEVIE,PROJET_SECTEURACTIVITE,PROJET_DATEPREVUEDEBUT,PROJET_DATEPREVUEFIN,PROJET_CHARGEGLOBALEESTIMEE) VALUES (1653,'vestibulum massa','Lorem ipsum dolor sit',' R ','hendrerit','imperdiet','14/08/2016','23/09/2016',89);
INSERT INTO PROJETS (CLI_NUMCLIENT,PROJET_LIBELLECOURT,PROJET_LIBELLELONG,PROJET_TYPE,PROJET_CYCLEVIE,PROJET_SECTEURACTIVITE,PROJET_DATEPREVUEDEBUT,PROJET_DATEPREVUEFIN,PROJET_CHARGEGLOBALEESTIMEE) VALUES (1659,'ornare, facilisis','Lorem ipsum dolor sit amet, consectetuer adipiscing elit.',' R ','ante.','magna.','02/01/2017','15/11/2016',91);
INSERT INTO PROJETS (CLI_NUMCLIENT,PROJET_LIBELLECOURT,PROJET_LIBELLELONG,PROJET_TYPE,PROJET_CYCLEVIE,PROJET_SECTEURACTIVITE,PROJET_DATEPREVUEDEBUT,PROJET_DATEPREVUEFIN,PROJET_CHARGEGLOBALEESTIMEE) VALUES (1669,'odio.','Lorem ipsum dolor sit amet, consectetuer adipiscing elit. Curabitur sed',' A','dolor','dolor','29/07/2017','23/04/2016',25);
INSERT INTO PROJETS (CLI_NUMCLIENT,PROJET_LIBELLECOURT,PROJET_LIBELLELONG,PROJET_TYPE,PROJET_CYCLEVIE,PROJET_SECTEURACTIVITE,PROJET_DATEPREVUEDEBUT,PROJET_DATEPREVUEFIN,PROJET_CHARGEGLOBALEESTIMEE) VALUES (1606,'vitae, erat.','Lorem',' A','nec','Nunc','23/02/2016','11/04/2016',55);
INSERT INTO PROJETS (CLI_NUMCLIENT,PROJET_LIBELLECOURT,PROJET_LIBELLELONG,PROJET_TYPE,PROJET_CYCLEVIE,PROJET_SECTEURACTIVITE,PROJET_DATEPREVUEDEBUT,PROJET_DATEPREVUEFIN,PROJET_CHARGEGLOBALEESTIMEE) VALUES (1654,'leo. Cras','Lorem ipsum dolor sit amet,',' A','lectus','eu','25/08/2016','05/02/2017',55);
INSERT INTO PROJETS (CLI_NUMCLIENT,PROJET_LIBELLECOURT,PROJET_LIBELLELONG,PROJET_TYPE,PROJET_CYCLEVIE,PROJET_SECTEURACTIVITE,PROJET_DATEPREVUEDEBUT,PROJET_DATEPREVUEFIN,PROJET_CHARGEGLOBALEESTIMEE) VALUES (1629,'Aliquam','Lorem ipsum dolor sit amet, consectetuer adipiscing elit. Curabitur',' A','Morbi','tempor','11/01/2017','07/04/2017',39);
INSERT INTO PROJETS (CLI_NUMCLIENT,PROJET_LIBELLECOURT,PROJET_LIBELLELONG,PROJET_TYPE,PROJET_CYCLEVIE,PROJET_SECTEURACTIVITE,PROJET_DATEPREVUEDEBUT,PROJET_DATEPREVUEFIN,PROJET_CHARGEGLOBALEESTIMEE) VALUES (1675,'urna suscipit','Lorem ipsum dolor sit amet, consectetuer',' A','a,','Integer','31/01/2016','03/01/2017',85);
INSERT INTO PROJETS (CLI_NUMCLIENT,PROJET_LIBELLECOURT,PROJET_LIBELLELONG,PROJET_TYPE,PROJET_CYCLEVIE,PROJET_SECTEURACTIVITE,PROJET_DATEPREVUEDEBUT,PROJET_DATEPREVUEFIN,PROJET_CHARGEGLOBALEESTIMEE) VALUES (1683,'Aliquam','Lorem ipsum dolor sit',' A','dignissim','mattis','18/06/2016','13/03/2017',18);
INSERT INTO PROJETS (CLI_NUMCLIENT,PROJET_LIBELLECOURT,PROJET_LIBELLELONG,PROJET_TYPE,PROJET_CYCLEVIE,PROJET_SECTEURACTIVITE,PROJET_DATEPREVUEDEBUT,PROJET_DATEPREVUEFIN,PROJET_CHARGEGLOBALEESTIMEE) VALUES (1642,'non,','Lorem ipsum dolor sit amet, consectetuer adipiscing elit.',' A','et,','pede','07/06/2016','25/09/2016',27);
INSERT INTO PROJETS (CLI_NUMCLIENT,PROJET_LIBELLECOURT,PROJET_LIBELLELONG,PROJET_TYPE,PROJET_CYCLEVIE,PROJET_SECTEURACTIVITE,PROJET_DATEPREVUEDEBUT,PROJET_DATEPREVUEFIN,PROJET_CHARGEGLOBALEESTIMEE) VALUES (1611,'mi','Lorem ipsum',' A','ac','Sed','01/03/2017','22/08/2016',27);
INSERT INTO PROJETS (CLI_NUMCLIENT,PROJET_LIBELLECOURT,PROJET_LIBELLELONG,PROJET_TYPE,PROJET_CYCLEVIE,PROJET_SECTEURACTIVITE,PROJET_DATEPREVUEDEBUT,PROJET_DATEPREVUEFIN,PROJET_CHARGEGLOBALEESTIMEE) VALUES (1641,'consequat','Lorem ipsum dolor sit amet, consectetuer adipiscing elit. Curabitur',' A','commodo','Sed','16/11/2016','08/04/2017',95);
INSERT INTO PROJETS (CLI_NUMCLIENT,PROJET_LIBELLECOURT,PROJET_LIBELLELONG,PROJET_TYPE,PROJET_CYCLEVIE,PROJET_SECTEURACTIVITE,PROJET_DATEPREVUEDEBUT,PROJET_DATEPREVUEFIN,PROJET_CHARGEGLOBALEESTIMEE) VALUES (1643,'auctor odio a','Lorem ipsum dolor sit',' A','mattis','mi,','08/06/2017','10/03/2017',29);
INSERT INTO PROJETS (CLI_NUMCLIENT,PROJET_LIBELLECOURT,PROJET_LIBELLELONG,PROJET_TYPE,PROJET_CYCLEVIE,PROJET_SECTEURACTIVITE,PROJET_DATEPREVUEDEBUT,PROJET_DATEPREVUEFIN,PROJET_CHARGEGLOBALEESTIMEE) VALUES (1689,'rhoncus. Donec est.','Lorem ipsum dolor sit','F ','luctus,','consectetuer','01/07/2016','11/01/2016',1);
INSERT INTO PROJETS (CLI_NUMCLIENT,PROJET_LIBELLECOURT,PROJET_LIBELLELONG,PROJET_TYPE,PROJET_CYCLEVIE,PROJET_SECTEURACTIVITE,PROJET_DATEPREVUEDEBUT,PROJET_DATEPREVUEFIN,PROJET_CHARGEGLOBALEESTIMEE) VALUES (1640,'Nulla tempor','Lorem ipsum dolor sit','F ','ligula','nascetur','07/04/2017','23/01/2016',80);
INSERT INTO PROJETS (CLI_NUMCLIENT,PROJET_LIBELLECOURT,PROJET_LIBELLELONG,PROJET_TYPE,PROJET_CYCLEVIE,PROJET_SECTEURACTIVITE,PROJET_DATEPREVUEDEBUT,PROJET_DATEPREVUEFIN,PROJET_CHARGEGLOBALEESTIMEE) VALUES (1652,'Aenean eget','Lorem ipsum dolor sit amet, consectetuer adipiscing elit. Curabitur sed','F ','enim','id,','19/02/2017','02/04/2016',44);
INSERT INTO PROJETS (CLI_NUMCLIENT,PROJET_LIBELLECOURT,PROJET_LIBELLELONG,PROJET_TYPE,PROJET_CYCLEVIE,PROJET_SECTEURACTIVITE,PROJET_DATEPREVUEDEBUT,PROJET_DATEPREVUEFIN,PROJET_CHARGEGLOBALEESTIMEE) VALUES (1604,'at,','Lorem','F ','non,','eu,','17/02/2017','14/09/2016',93);
INSERT INTO PROJETS (CLI_NUMCLIENT,PROJET_LIBELLECOURT,PROJET_LIBELLELONG,PROJET_TYPE,PROJET_CYCLEVIE,PROJET_SECTEURACTIVITE,PROJET_DATEPREVUEDEBUT,PROJET_DATEPREVUEFIN,PROJET_CHARGEGLOBALEESTIMEE) VALUES (1699,'et malesuada fames','Lorem','F ','fringilla','sollicitudin','08/09/2016','22/07/2017',40);
INSERT INTO PROJETS (CLI_NUMCLIENT,PROJET_LIBELLECOURT,PROJET_LIBELLELONG,PROJET_TYPE,PROJET_CYCLEVIE,PROJET_SECTEURACTIVITE,PROJET_DATEPREVUEDEBUT,PROJET_DATEPREVUEFIN,PROJET_CHARGEGLOBALEESTIMEE) VALUES (1609,'magna. Phasellus dolor','Lorem ipsum dolor sit amet, consectetuer adipiscing elit. Curabitur','F ','Cras','libero','26/05/2016','15/07/2017',51);
INSERT INTO PROJETS (CLI_NUMCLIENT,PROJET_LIBELLECOURT,PROJET_LIBELLELONG,PROJET_TYPE,PROJET_CYCLEVIE,PROJET_SECTEURACTIVITE,PROJET_DATEPREVUEDEBUT,PROJET_DATEPREVUEFIN,PROJET_CHARGEGLOBALEESTIMEE) VALUES (1663,'ac,','Lorem ipsum dolor sit amet, consectetuer adipiscing elit. Curabitur sed','F ','tincidunt,','diam','03/02/2016','07/01/2017',60);
INSERT INTO PROJETS (CLI_NUMCLIENT,PROJET_LIBELLECOURT,PROJET_LIBELLELONG,PROJET_TYPE,PROJET_CYCLEVIE,PROJET_SECTEURACTIVITE,PROJET_DATEPREVUEDEBUT,PROJET_DATEPREVUEFIN,PROJET_CHARGEGLOBALEESTIMEE) VALUES (1611,'magna nec','Lorem ipsum dolor sit amet, consectetuer adipiscing','F ','mauris,','libero.','09/07/2017','18/03/2017',65);
INSERT INTO PROJETS (CLI_NUMCLIENT,PROJET_LIBELLECOURT,PROJET_LIBELLELONG,PROJET_TYPE,PROJET_CYCLEVIE,PROJET_SECTEURACTIVITE,PROJET_DATEPREVUEDEBUT,PROJET_DATEPREVUEFIN,PROJET_CHARGEGLOBALEESTIMEE) VALUES (1695,'cubilia Curae; Donec','Lorem','F ','dolor','congue,','29/06/2017','30/08/2016',75);
INSERT INTO PROJETS (CLI_NUMCLIENT,PROJET_LIBELLECOURT,PROJET_LIBELLELONG,PROJET_TYPE,PROJET_CYCLEVIE,PROJET_SECTEURACTIVITE,PROJET_DATEPREVUEDEBUT,PROJET_DATEPREVUEFIN,PROJET_CHARGEGLOBALEESTIMEE) VALUES (1656,'vestibulum. Mauris magna.','Lorem ipsum dolor sit amet,','F ','et','risus.','06/06/2016','06/02/2016',25);
INSERT INTO PROJETS (CLI_NUMCLIENT,PROJET_LIBELLECOURT,PROJET_LIBELLELONG,PROJET_TYPE,PROJET_CYCLEVIE,PROJET_SECTEURACTIVITE,PROJET_DATEPREVUEDEBUT,PROJET_DATEPREVUEFIN,PROJET_CHARGEGLOBALEESTIMEE) VALUES (1669,'ac','Lorem ipsum dolor sit amet, consectetuer adipiscing elit.',' R ','egestas','porttitor','07/06/2016','21/05/2016',45);
INSERT INTO PROJETS (CLI_NUMCLIENT,PROJET_LIBELLECOURT,PROJET_LIBELLELONG,PROJET_TYPE,PROJET_CYCLEVIE,PROJET_SECTEURACTIVITE,PROJET_DATEPREVUEDEBUT,PROJET_DATEPREVUEFIN,PROJET_CHARGEGLOBALEESTIMEE) VALUES (1676,'at lacus.','Lorem ipsum dolor sit amet, consectetuer adipiscing',' R ','non','adipiscing','11/04/2017','10/04/2016',17);
INSERT INTO PROJETS (CLI_NUMCLIENT,PROJET_LIBELLECOURT,PROJET_LIBELLELONG,PROJET_TYPE,PROJET_CYCLEVIE,PROJET_SECTEURACTIVITE,PROJET_DATEPREVUEDEBUT,PROJET_DATEPREVUEFIN,PROJET_CHARGEGLOBALEESTIMEE) VALUES (1620,'Fusce aliquet magna','Lorem ipsum dolor sit amet, consectetuer adipiscing elit. Curabitur',' R ','sed','ante','19/01/2017','22/04/2016',87);
INSERT INTO PROJETS (CLI_NUMCLIENT,PROJET_LIBELLECOURT,PROJET_LIBELLELONG,PROJET_TYPE,PROJET_CYCLEVIE,PROJET_SECTEURACTIVITE,PROJET_DATEPREVUEDEBUT,PROJET_DATEPREVUEFIN,PROJET_CHARGEGLOBALEESTIMEE) VALUES (1618,'gravida','Lorem ipsum dolor',' R ','semper','est','02/04/2016','30/07/2017',73);
INSERT INTO PROJETS (CLI_NUMCLIENT,PROJET_LIBELLECOURT,PROJET_LIBELLELONG,PROJET_TYPE,PROJET_CYCLEVIE,PROJET_SECTEURACTIVITE,PROJET_DATEPREVUEDEBUT,PROJET_DATEPREVUEFIN,PROJET_CHARGEGLOBALEESTIMEE) VALUES (1610,'Nam consequat dolor','Lorem ipsum dolor sit amet, consectetuer adipiscing elit. Curabitur sed',' R ','vehicula.','Lorem','16/07/2016','07/03/2016',92);
INSERT INTO PROJETS (CLI_NUMCLIENT,PROJET_LIBELLECOURT,PROJET_LIBELLELONG,PROJET_TYPE,PROJET_CYCLEVIE,PROJET_SECTEURACTIVITE,PROJET_DATEPREVUEDEBUT,PROJET_DATEPREVUEFIN,PROJET_CHARGEGLOBALEESTIMEE) VALUES (1622,'sem','Lorem ipsum dolor sit amet, consectetuer adipiscing elit. Curabitur',' R ','in,','sit','09/01/2016','20/04/2017',63);
INSERT INTO PROJETS (CLI_NUMCLIENT,PROJET_LIBELLECOURT,PROJET_LIBELLELONG,PROJET_TYPE,PROJET_CYCLEVIE,PROJET_SECTEURACTIVITE,PROJET_DATEPREVUEDEBUT,PROJET_DATEPREVUEFIN,PROJET_CHARGEGLOBALEESTIMEE) VALUES (1603,'ligula','Lorem ipsum dolor sit amet, consectetuer adipiscing elit.',' R ','volutpat.','neque','17/05/2017','02/02/2017',62);
INSERT INTO PROJETS (CLI_NUMCLIENT,PROJET_LIBELLECOURT,PROJET_LIBELLELONG,PROJET_TYPE,PROJET_CYCLEVIE,PROJET_SECTEURACTIVITE,PROJET_DATEPREVUEDEBUT,PROJET_DATEPREVUEFIN,PROJET_CHARGEGLOBALEESTIMEE) VALUES (1613,'accumsan laoreet','Lorem ipsum dolor sit amet, consectetuer',' R ','lobortis.','Proin','19/01/2017','23/11/2016',83);
INSERT INTO PROJETS (CLI_NUMCLIENT,PROJET_LIBELLECOURT,PROJET_LIBELLELONG,PROJET_TYPE,PROJET_CYCLEVIE,PROJET_SECTEURACTIVITE,PROJET_DATEPREVUEDEBUT,PROJET_DATEPREVUEFIN,PROJET_CHARGEGLOBALEESTIMEE) VALUES (1665,'Cum sociis','Lorem ipsum dolor',' R ','at,','habitant','05/06/2016','21/06/2017',14);
INSERT INTO PROJETS (CLI_NUMCLIENT,PROJET_LIBELLECOURT,PROJET_LIBELLELONG,PROJET_TYPE,PROJET_CYCLEVIE,PROJET_SECTEURACTIVITE,PROJET_DATEPREVUEDEBUT,PROJET_DATEPREVUEFIN,PROJET_CHARGEGLOBALEESTIMEE) VALUES (1668,'mi. Aliquam','Lorem ipsum dolor sit amet, consectetuer',' R ','Fusce','molestie','09/03/2016','27/04/2016',79);
INSERT INTO PROJETS (CLI_NUMCLIENT,PROJET_LIBELLECOURT,PROJET_LIBELLELONG,PROJET_TYPE,PROJET_CYCLEVIE,PROJET_SECTEURACTIVITE,PROJET_DATEPREVUEDEBUT,PROJET_DATEPREVUEFIN,PROJET_CHARGEGLOBALEESTIMEE) VALUES (1693,'sed consequat auctor,','Lorem ipsum dolor sit amet, consectetuer adipiscing elit. Curabitur sed',' A','dui','Morbi','05/05/2016','12/01/2017',96);
INSERT INTO PROJETS (CLI_NUMCLIENT,PROJET_LIBELLECOURT,PROJET_LIBELLELONG,PROJET_TYPE,PROJET_CYCLEVIE,PROJET_SECTEURACTIVITE,PROJET_DATEPREVUEDEBUT,PROJET_DATEPREVUEFIN,PROJET_CHARGEGLOBALEESTIMEE) VALUES (1686,'fermentum metus.','Lorem ipsum dolor sit amet, consectetuer adipiscing elit. Curabitur sed',' A','Cras','Fusce','06/04/2016','09/01/2017',71);
INSERT INTO PROJETS (CLI_NUMCLIENT,PROJET_LIBELLECOURT,PROJET_LIBELLELONG,PROJET_TYPE,PROJET_CYCLEVIE,PROJET_SECTEURACTIVITE,PROJET_DATEPREVUEDEBUT,PROJET_DATEPREVUEFIN,PROJET_CHARGEGLOBALEESTIMEE) VALUES (1688,'tincidunt','Lorem ipsum dolor sit amet, consectetuer',' A','sed','justo','25/06/2017','17/07/2017',92);
INSERT INTO PROJETS (CLI_NUMCLIENT,PROJET_LIBELLECOURT,PROJET_LIBELLELONG,PROJET_TYPE,PROJET_CYCLEVIE,PROJET_SECTEURACTIVITE,PROJET_DATEPREVUEDEBUT,PROJET_DATEPREVUEFIN,PROJET_CHARGEGLOBALEESTIMEE) VALUES (1621,'Morbi vehicula.','Lorem ipsum dolor sit amet, consectetuer adipiscing elit.',' A','sit','molestie','02/09/2016','28/06/2017',61);
INSERT INTO PROJETS (CLI_NUMCLIENT,PROJET_LIBELLECOURT,PROJET_LIBELLELONG,PROJET_TYPE,PROJET_CYCLEVIE,PROJET_SECTEURACTIVITE,PROJET_DATEPREVUEDEBUT,PROJET_DATEPREVUEFIN,PROJET_CHARGEGLOBALEESTIMEE) VALUES (1641,'odio vel est','Lorem ipsum dolor',' A','ullamcorper.','facilisis.','03/07/2017','29/11/2016',35);
INSERT INTO PROJETS (CLI_NUMCLIENT,PROJET_LIBELLECOURT,PROJET_LIBELLELONG,PROJET_TYPE,PROJET_CYCLEVIE,PROJET_SECTEURACTIVITE,PROJET_DATEPREVUEDEBUT,PROJET_DATEPREVUEFIN,PROJET_CHARGEGLOBALEESTIMEE) VALUES (1609,'tristique senectus et','Lorem ipsum dolor sit amet, consectetuer adipiscing elit. Curabitur sed',' A','fames','vitae','28/01/2016','19/05/2017',5);
INSERT INTO PROJETS (CLI_NUMCLIENT,PROJET_LIBELLECOURT,PROJET_LIBELLELONG,PROJET_TYPE,PROJET_CYCLEVIE,PROJET_SECTEURACTIVITE,PROJET_DATEPREVUEDEBUT,PROJET_DATEPREVUEFIN,PROJET_CHARGEGLOBALEESTIMEE) VALUES (1698,'Nunc','Lorem ipsum dolor sit',' A','malesuada','metus','19/01/2016','02/02/2016',22);
INSERT INTO PROJETS (CLI_NUMCLIENT,PROJET_LIBELLECOURT,PROJET_LIBELLELONG,PROJET_TYPE,PROJET_CYCLEVIE,PROJET_SECTEURACTIVITE,PROJET_DATEPREVUEDEBUT,PROJET_DATEPREVUEFIN,PROJET_CHARGEGLOBALEESTIMEE) VALUES (1695,'sit amet, consectetuer','Lorem ipsum dolor sit amet, consectetuer',' A','ultricies','mus.','27/08/2016','21/07/2017',44);
INSERT INTO PROJETS (CLI_NUMCLIENT,PROJET_LIBELLECOURT,PROJET_LIBELLELONG,PROJET_TYPE,PROJET_CYCLEVIE,PROJET_SECTEURACTIVITE,PROJET_DATEPREVUEDEBUT,PROJET_DATEPREVUEFIN,PROJET_CHARGEGLOBALEESTIMEE) VALUES (1654,'nec metus','Lorem ipsum dolor sit amet, consectetuer adipiscing elit. Curabitur',' A','pharetra','netus','31/01/2016','17/11/2016',56);
INSERT INTO PROJETS (CLI_NUMCLIENT,PROJET_LIBELLECOURT,PROJET_LIBELLELONG,PROJET_TYPE,PROJET_CYCLEVIE,PROJET_SECTEURACTIVITE,PROJET_DATEPREVUEDEBUT,PROJET_DATEPREVUEFIN,PROJET_CHARGEGLOBALEESTIMEE) VALUES (1603,'id','Lorem ipsum dolor',' A','Nunc','enim','09/11/2016','06/05/2017',82);
INSERT INTO PROJETS (CLI_NUMCLIENT,PROJET_LIBELLECOURT,PROJET_LIBELLELONG,PROJET_TYPE,PROJET_CYCLEVIE,PROJET_SECTEURACTIVITE,PROJET_DATEPREVUEDEBUT,PROJET_DATEPREVUEFIN,PROJET_CHARGEGLOBALEESTIMEE) VALUES (1681,'odio. Etiam','Lorem ipsum','F ','sodales.','aliquet','23/05/2017','18/12/2016',85);
INSERT INTO PROJETS (CLI_NUMCLIENT,PROJET_LIBELLECOURT,PROJET_LIBELLELONG,PROJET_TYPE,PROJET_CYCLEVIE,PROJET_SECTEURACTIVITE,PROJET_DATEPREVUEDEBUT,PROJET_DATEPREVUEFIN,PROJET_CHARGEGLOBALEESTIMEE) VALUES (1691,'risus. Duis a','Lorem ipsum dolor sit amet, consectetuer adipiscing','F ','vulputate','non,','18/11/2016','07/01/2017',49);
INSERT INTO PROJETS (CLI_NUMCLIENT,PROJET_LIBELLECOURT,PROJET_LIBELLELONG,PROJET_TYPE,PROJET_CYCLEVIE,PROJET_SECTEURACTIVITE,PROJET_DATEPREVUEDEBUT,PROJET_DATEPREVUEFIN,PROJET_CHARGEGLOBALEESTIMEE) VALUES (1643,'facilisis','Lorem ipsum dolor sit amet, consectetuer adipiscing elit. Curabitur sed','F ','mauris','vitae','25/07/2017','09/03/2017',38);
INSERT INTO PROJETS (CLI_NUMCLIENT,PROJET_LIBELLECOURT,PROJET_LIBELLELONG,PROJET_TYPE,PROJET_CYCLEVIE,PROJET_SECTEURACTIVITE,PROJET_DATEPREVUEDEBUT,PROJET_DATEPREVUEFIN,PROJET_CHARGEGLOBALEESTIMEE) VALUES (1647,'Curabitur','Lorem ipsum dolor','F ','commodo','Cras','28/06/2016','26/01/2016',16);
INSERT INTO PROJETS (CLI_NUMCLIENT,PROJET_LIBELLECOURT,PROJET_LIBELLELONG,PROJET_TYPE,PROJET_CYCLEVIE,PROJET_SECTEURACTIVITE,PROJET_DATEPREVUEDEBUT,PROJET_DATEPREVUEFIN,PROJET_CHARGEGLOBALEESTIMEE) VALUES (1682,'ipsum porta','Lorem ipsum dolor sit amet, consectetuer adipiscing elit.','F ','in,','Donec','21/01/2017','13/05/2017',61);
INSERT INTO PROJETS (CLI_NUMCLIENT,PROJET_LIBELLECOURT,PROJET_LIBELLELONG,PROJET_TYPE,PROJET_CYCLEVIE,PROJET_SECTEURACTIVITE,PROJET_DATEPREVUEDEBUT,PROJET_DATEPREVUEFIN,PROJET_CHARGEGLOBALEESTIMEE) VALUES (1653,'lacus. Aliquam rutrum','Lorem ipsum dolor sit amet, consectetuer adipiscing elit.','F ','sem,','at,','18/10/2016','10/03/2016',10);
INSERT INTO PROJETS (CLI_NUMCLIENT,PROJET_LIBELLECOURT,PROJET_LIBELLELONG,PROJET_TYPE,PROJET_CYCLEVIE,PROJET_SECTEURACTIVITE,PROJET_DATEPREVUEDEBUT,PROJET_DATEPREVUEFIN,PROJET_CHARGEGLOBALEESTIMEE) VALUES (1639,'lorem','Lorem','F ','non','ornare.','08/01/2016','29/01/2016',37);
INSERT INTO PROJETS (CLI_NUMCLIENT,PROJET_LIBELLECOURT,PROJET_LIBELLELONG,PROJET_TYPE,PROJET_CYCLEVIE,PROJET_SECTEURACTIVITE,PROJET_DATEPREVUEDEBUT,PROJET_DATEPREVUEFIN,PROJET_CHARGEGLOBALEESTIMEE) VALUES (1699,'at, nisi.','Lorem ipsum dolor sit amet, consectetuer adipiscing elit. Curabitur','F ','mattis.','vitae','18/03/2017','21/12/2016',28);
INSERT INTO PROJETS (CLI_NUMCLIENT,PROJET_LIBELLECOURT,PROJET_LIBELLELONG,PROJET_TYPE,PROJET_CYCLEVIE,PROJET_SECTEURACTIVITE,PROJET_DATEPREVUEDEBUT,PROJET_DATEPREVUEFIN,PROJET_CHARGEGLOBALEESTIMEE) VALUES (1692,'faucibus id,','Lorem ipsum dolor sit amet, consectetuer adipiscing elit. Curabitur sed','F ','eget','quis','26/09/2016','22/08/2016',71);
INSERT INTO PROJETS (CLI_NUMCLIENT,PROJET_LIBELLECOURT,PROJET_LIBELLELONG,PROJET_TYPE,PROJET_CYCLEVIE,PROJET_SECTEURACTIVITE,PROJET_DATEPREVUEDEBUT,PROJET_DATEPREVUEFIN,PROJET_CHARGEGLOBALEESTIMEE) VALUES (1606,'rutrum urna,','Lorem ipsum dolor sit amet, consectetuer adipiscing elit. Curabitur sed','F ','felis','Nullam','05/05/2016','13/12/2016',82);
INSERT INTO PROJETS (CLI_NUMCLIENT,PROJET_LIBELLECOURT,PROJET_LIBELLELONG,PROJET_TYPE,PROJET_CYCLEVIE,PROJET_SECTEURACTIVITE,PROJET_DATEPREVUEDEBUT,PROJET_DATEPREVUEFIN,PROJET_CHARGEGLOBALEESTIMEE) VALUES (1610,'pede.','Lorem ipsum dolor sit amet,',' R ','turpis.','ac','08/02/2016','04/06/2016',71);
INSERT INTO PROJETS (CLI_NUMCLIENT,PROJET_LIBELLECOURT,PROJET_LIBELLELONG,PROJET_TYPE,PROJET_CYCLEVIE,PROJET_SECTEURACTIVITE,PROJET_DATEPREVUEDEBUT,PROJET_DATEPREVUEFIN,PROJET_CHARGEGLOBALEESTIMEE) VALUES (1698,'nunc est, mollis','Lorem ipsum dolor sit amet, consectetuer adipiscing elit. Curabitur',' R ','sed','ante','02/07/2017','21/05/2017',92);
INSERT INTO PROJETS (CLI_NUMCLIENT,PROJET_LIBELLECOURT,PROJET_LIBELLELONG,PROJET_TYPE,PROJET_CYCLEVIE,PROJET_SECTEURACTIVITE,PROJET_DATEPREVUEDEBUT,PROJET_DATEPREVUEFIN,PROJET_CHARGEGLOBALEESTIMEE) VALUES (1644,'ridiculus mus.','Lorem ipsum dolor sit amet, consectetuer adipiscing elit. Curabitur sed',' R ','Suspendisse','vel','22/02/2017','02/05/2016',77);
INSERT INTO PROJETS (CLI_NUMCLIENT,PROJET_LIBELLECOURT,PROJET_LIBELLELONG,PROJET_TYPE,PROJET_CYCLEVIE,PROJET_SECTEURACTIVITE,PROJET_DATEPREVUEDEBUT,PROJET_DATEPREVUEFIN,PROJET_CHARGEGLOBALEESTIMEE) VALUES (1631,'Curabitur','Lorem ipsum dolor sit amet, consectetuer adipiscing elit. Curabitur',' R ','sit','dolor.','30/06/2016','03/03/2017',10);
INSERT INTO PROJETS (CLI_NUMCLIENT,PROJET_LIBELLECOURT,PROJET_LIBELLELONG,PROJET_TYPE,PROJET_CYCLEVIE,PROJET_SECTEURACTIVITE,PROJET_DATEPREVUEDEBUT,PROJET_DATEPREVUEFIN,PROJET_CHARGEGLOBALEESTIMEE) VALUES (1675,'nibh enim, gravida','Lorem ipsum dolor sit amet, consectetuer',' R ','tincidunt','at,','21/07/2017','02/01/2016',39);
INSERT INTO PROJETS (CLI_NUMCLIENT,PROJET_LIBELLECOURT,PROJET_LIBELLELONG,PROJET_TYPE,PROJET_CYCLEVIE,PROJET_SECTEURACTIVITE,PROJET_DATEPREVUEDEBUT,PROJET_DATEPREVUEFIN,PROJET_CHARGEGLOBALEESTIMEE) VALUES (1631,'et magnis','Lorem ipsum dolor',' R ','enim,','Nulla','05/05/2017','10/04/2017',36);
INSERT INTO PROJETS (CLI_NUMCLIENT,PROJET_LIBELLECOURT,PROJET_LIBELLELONG,PROJET_TYPE,PROJET_CYCLEVIE,PROJET_SECTEURACTIVITE,PROJET_DATEPREVUEDEBUT,PROJET_DATEPREVUEFIN,PROJET_CHARGEGLOBALEESTIMEE) VALUES (1637,'dapibus','Lorem ipsum dolor sit amet, consectetuer',' R ','Curabitur','eget,','05/02/2016','21/02/2016',40);
INSERT INTO PROJETS (CLI_NUMCLIENT,PROJET_LIBELLECOURT,PROJET_LIBELLELONG,PROJET_TYPE,PROJET_CYCLEVIE,PROJET_SECTEURACTIVITE,PROJET_DATEPREVUEDEBUT,PROJET_DATEPREVUEFIN,PROJET_CHARGEGLOBALEESTIMEE) VALUES (1662,'sed pede. Cum','Lorem ipsum',' R ','et','Proin','19/12/2016','28/02/2017',11);
INSERT INTO PROJETS (CLI_NUMCLIENT,PROJET_LIBELLECOURT,PROJET_LIBELLELONG,PROJET_TYPE,PROJET_CYCLEVIE,PROJET_SECTEURACTIVITE,PROJET_DATEPREVUEDEBUT,PROJET_DATEPREVUEFIN,PROJET_CHARGEGLOBALEESTIMEE) VALUES (1600,'commodo at,','Lorem ipsum dolor sit amet, consectetuer adipiscing',' R ','faucibus.','mi.','16/02/2017','08/01/2016',54);
INSERT INTO PROJETS (CLI_NUMCLIENT,PROJET_LIBELLECOURT,PROJET_LIBELLELONG,PROJET_TYPE,PROJET_CYCLEVIE,PROJET_SECTEURACTIVITE,PROJET_DATEPREVUEDEBUT,PROJET_DATEPREVUEFIN,PROJET_CHARGEGLOBALEESTIMEE) VALUES (1680,'diam. Pellentesque','Lorem ipsum dolor sit amet, consectetuer adipiscing',' R ','enim','eros','17/10/2016','17/01/2016',77);
INSERT INTO PROJETS (CLI_NUMCLIENT,PROJET_LIBELLECOURT,PROJET_LIBELLELONG,PROJET_TYPE,PROJET_CYCLEVIE,PROJET_SECTEURACTIVITE,PROJET_DATEPREVUEDEBUT,PROJET_DATEPREVUEFIN,PROJET_CHARGEGLOBALEESTIMEE) VALUES (1684,'dictum','Lorem ipsum',' A','risus.','felis','09/02/2017','27/09/2016',41);
INSERT INTO PROJETS (CLI_NUMCLIENT,PROJET_LIBELLECOURT,PROJET_LIBELLELONG,PROJET_TYPE,PROJET_CYCLEVIE,PROJET_SECTEURACTIVITE,PROJET_DATEPREVUEDEBUT,PROJET_DATEPREVUEFIN,PROJET_CHARGEGLOBALEESTIMEE) VALUES (1662,'Etiam','Lorem ipsum dolor sit amet, consectetuer adipiscing elit. Curabitur',' A','tellus.','nec','24/07/2016','16/07/2017',80);
INSERT INTO PROJETS (CLI_NUMCLIENT,PROJET_LIBELLECOURT,PROJET_LIBELLELONG,PROJET_TYPE,PROJET_CYCLEVIE,PROJET_SECTEURACTIVITE,PROJET_DATEPREVUEDEBUT,PROJET_DATEPREVUEFIN,PROJET_CHARGEGLOBALEESTIMEE) VALUES (1656,'lorem, auctor','Lorem ipsum dolor sit amet, consectetuer adipiscing elit. Curabitur',' A','nec','tellus,','13/07/2017','18/01/2017',60);
INSERT INTO PROJETS (CLI_NUMCLIENT,PROJET_LIBELLECOURT,PROJET_LIBELLELONG,PROJET_TYPE,PROJET_CYCLEVIE,PROJET_SECTEURACTIVITE,PROJET_DATEPREVUEDEBUT,PROJET_DATEPREVUEFIN,PROJET_CHARGEGLOBALEESTIMEE) VALUES (1663,'ornare, libero','Lorem ipsum dolor sit amet, consectetuer adipiscing elit. Curabitur',' A','ultrices','metus','14/01/2017','08/04/2016',42);
INSERT INTO PROJETS (CLI_NUMCLIENT,PROJET_LIBELLECOURT,PROJET_LIBELLELONG,PROJET_TYPE,PROJET_CYCLEVIE,PROJET_SECTEURACTIVITE,PROJET_DATEPREVUEDEBUT,PROJET_DATEPREVUEFIN,PROJET_CHARGEGLOBALEESTIMEE) VALUES (1626,'ut nisi a','Lorem ipsum dolor',' A','sem','consectetuer','09/07/2016','14/02/2016',26);
INSERT INTO PROJETS (CLI_NUMCLIENT,PROJET_LIBELLECOURT,PROJET_LIBELLELONG,PROJET_TYPE,PROJET_CYCLEVIE,PROJET_SECTEURACTIVITE,PROJET_DATEPREVUEDEBUT,PROJET_DATEPREVUEFIN,PROJET_CHARGEGLOBALEESTIMEE) VALUES (1644,'fringilla','Lorem ipsum dolor sit',' A','consectetuer','risus.','25/11/2016','20/06/2016',40);
INSERT INTO PROJETS (CLI_NUMCLIENT,PROJET_LIBELLECOURT,PROJET_LIBELLELONG,PROJET_TYPE,PROJET_CYCLEVIE,PROJET_SECTEURACTIVITE,PROJET_DATEPREVUEDEBUT,PROJET_DATEPREVUEFIN,PROJET_CHARGEGLOBALEESTIMEE) VALUES (1614,'ac orci.','Lorem ipsum dolor sit amet,',' A','sit','Fusce','17/08/2016','25/03/2017',99);
INSERT INTO PROJETS (CLI_NUMCLIENT,PROJET_LIBELLECOURT,PROJET_LIBELLELONG,PROJET_TYPE,PROJET_CYCLEVIE,PROJET_SECTEURACTIVITE,PROJET_DATEPREVUEDEBUT,PROJET_DATEPREVUEFIN,PROJET_CHARGEGLOBALEESTIMEE) VALUES (1658,'fermentum','Lorem ipsum dolor sit amet, consectetuer',' A','id','pretium','02/08/2016','25/10/2016',22);
INSERT INTO PROJETS (CLI_NUMCLIENT,PROJET_LIBELLECOURT,PROJET_LIBELLELONG,PROJET_TYPE,PROJET_CYCLEVIE,PROJET_SECTEURACTIVITE,PROJET_DATEPREVUEDEBUT,PROJET_DATEPREVUEFIN,PROJET_CHARGEGLOBALEESTIMEE) VALUES (1669,'nibh vulputate','Lorem ipsum dolor sit amet, consectetuer adipiscing elit. Curabitur',' A','lacus','Cum','21/11/2016','04/12/2016',62);
INSERT INTO PROJETS (CLI_NUMCLIENT,PROJET_LIBELLECOURT,PROJET_LIBELLELONG,PROJET_TYPE,PROJET_CYCLEVIE,PROJET_SECTEURACTIVITE,PROJET_DATEPREVUEDEBUT,PROJET_DATEPREVUEFIN,PROJET_CHARGEGLOBALEESTIMEE) VALUES (1645,'ac,','Lorem ipsum',' A','iaculis','fames','22/08/2016','18/11/2016',7);
INSERT INTO PROJETS (CLI_NUMCLIENT,PROJET_LIBELLECOURT,PROJET_LIBELLELONG,PROJET_TYPE,PROJET_CYCLEVIE,PROJET_SECTEURACTIVITE,PROJET_DATEPREVUEDEBUT,PROJET_DATEPREVUEFIN,PROJET_CHARGEGLOBALEESTIMEE) VALUES (1672,'lectus pede et','Lorem ipsum dolor sit amet, consectetuer adipiscing elit. Curabitur sed','F ','justo','Nulla','29/07/2016','04/12/2016',44);
INSERT INTO PROJETS (CLI_NUMCLIENT,PROJET_LIBELLECOURT,PROJET_LIBELLELONG,PROJET_TYPE,PROJET_CYCLEVIE,PROJET_SECTEURACTIVITE,PROJET_DATEPREVUEDEBUT,PROJET_DATEPREVUEFIN,PROJET_CHARGEGLOBALEESTIMEE) VALUES (1654,'imperdiet dictum','Lorem ipsum dolor sit','F ','sem.','in','27/11/2016','04/10/2016',83);
INSERT INTO PROJETS (CLI_NUMCLIENT,PROJET_LIBELLECOURT,PROJET_LIBELLELONG,PROJET_TYPE,PROJET_CYCLEVIE,PROJET_SECTEURACTIVITE,PROJET_DATEPREVUEDEBUT,PROJET_DATEPREVUEFIN,PROJET_CHARGEGLOBALEESTIMEE) VALUES (1612,'quis','Lorem ipsum dolor sit amet, consectetuer adipiscing elit. Curabitur','F ','Donec','magna','06/01/2016','11/02/2017',5);
INSERT INTO PROJETS (CLI_NUMCLIENT,PROJET_LIBELLECOURT,PROJET_LIBELLELONG,PROJET_TYPE,PROJET_CYCLEVIE,PROJET_SECTEURACTIVITE,PROJET_DATEPREVUEDEBUT,PROJET_DATEPREVUEFIN,PROJET_CHARGEGLOBALEESTIMEE) VALUES (1683,'adipiscing lobortis risus.','Lorem ipsum dolor sit amet, consectetuer adipiscing elit. Curabitur','F ','orci.','tristique','24/05/2017','23/04/2016',38);
INSERT INTO PROJETS (CLI_NUMCLIENT,PROJET_LIBELLECOURT,PROJET_LIBELLELONG,PROJET_TYPE,PROJET_CYCLEVIE,PROJET_SECTEURACTIVITE,PROJET_DATEPREVUEDEBUT,PROJET_DATEPREVUEFIN,PROJET_CHARGEGLOBALEESTIMEE) VALUES (1671,'enim, condimentum','Lorem ipsum dolor sit','F ','hendrerit','pede.','26/01/2017','08/01/2016',6);
INSERT INTO PROJETS (CLI_NUMCLIENT,PROJET_LIBELLECOURT,PROJET_LIBELLELONG,PROJET_TYPE,PROJET_CYCLEVIE,PROJET_SECTEURACTIVITE,PROJET_DATEPREVUEDEBUT,PROJET_DATEPREVUEFIN,PROJET_CHARGEGLOBALEESTIMEE) VALUES (1662,'In','Lorem','F ','Donec','non','21/04/2017','15/11/2016',88);
INSERT INTO PROJETS (CLI_NUMCLIENT,PROJET_LIBELLECOURT,PROJET_LIBELLELONG,PROJET_TYPE,PROJET_CYCLEVIE,PROJET_SECTEURACTIVITE,PROJET_DATEPREVUEDEBUT,PROJET_DATEPREVUEFIN,PROJET_CHARGEGLOBALEESTIMEE) VALUES (1657,'enim. Curabitur massa.','Lorem ipsum','F ','venenatis','mollis','19/06/2016','03/01/2017',97);
INSERT INTO PROJETS (CLI_NUMCLIENT,PROJET_LIBELLECOURT,PROJET_LIBELLELONG,PROJET_TYPE,PROJET_CYCLEVIE,PROJET_SECTEURACTIVITE,PROJET_DATEPREVUEDEBUT,PROJET_DATEPREVUEFIN,PROJET_CHARGEGLOBALEESTIMEE) VALUES (1638,'amet','Lorem','F ','Lorem','Phasellus','31/01/2016','11/08/2016',73);
INSERT INTO PROJETS (CLI_NUMCLIENT,PROJET_LIBELLECOURT,PROJET_LIBELLELONG,PROJET_TYPE,PROJET_CYCLEVIE,PROJET_SECTEURACTIVITE,PROJET_DATEPREVUEDEBUT,PROJET_DATEPREVUEFIN,PROJET_CHARGEGLOBALEESTIMEE) VALUES (1691,'nisl. Nulla','Lorem ipsum dolor','F ','Suspendisse','feugiat.','21/04/2017','04/07/2016',77);
INSERT INTO PROJETS (CLI_NUMCLIENT,PROJET_LIBELLECOURT,PROJET_LIBELLELONG,PROJET_TYPE,PROJET_CYCLEVIE,PROJET_SECTEURACTIVITE,PROJET_DATEPREVUEDEBUT,PROJET_DATEPREVUEFIN,PROJET_CHARGEGLOBALEESTIMEE) VALUES (1694,'lobortis','Lorem ipsum dolor sit amet, consectetuer adipiscing elit.','F ','id,','et','22/05/2017','16/02/2017',89);

-----------------------------------------------------------------OK
/* CONTACTS */
/*
SELECT * FROM CDI10.CLIENTS;
SELECT * FROM CDI10.PROJETS;
INSERT INTO CONTACTS (CLI_NUMCLIENT,PROJET_CODE,CON_FONCTION,CON_NOM,CON_PRENOM) 
	VALUES (1601,1601,'Roi du Nord','Snow','Jon');
SELECT * FROM CDI10.CONTACTS;
*/
INSERT INTO CONTACTS (CLI_NUMCLIENT,PROJET_CODE,CON_FONCTION,CON_NOM,CON_PRENOM) VALUES (1611,1600,'Phasellus','Castaneda','Sylvester');
INSERT INTO CONTACTS (CLI_NUMCLIENT,PROJET_CODE,CON_FONCTION,CON_NOM,CON_PRENOM) VALUES (1617,1601,'senectus','Stewart','Nicholas');
INSERT INTO CONTACTS (CLI_NUMCLIENT,PROJET_CODE,CON_FONCTION,CON_NOM,CON_PRENOM) VALUES (1611,1602,'neque','Bowen','Mechelle');
INSERT INTO CONTACTS (CLI_NUMCLIENT,PROJET_CODE,CON_FONCTION,CON_NOM,CON_PRENOM) VALUES (1635,1603,'laoreet','Ramsey','Teegan');
INSERT INTO CONTACTS (CLI_NUMCLIENT,PROJET_CODE,CON_FONCTION,CON_NOM,CON_PRENOM) VALUES (1613,1604,'non,','Cervantes','Rhona');
INSERT INTO CONTACTS (CLI_NUMCLIENT,PROJET_CODE,CON_FONCTION,CON_NOM,CON_PRENOM) VALUES (1652,1605,'non','Lloyd','Kimberly');
INSERT INTO CONTACTS (CLI_NUMCLIENT,PROJET_CODE,CON_FONCTION,CON_NOM,CON_PRENOM) VALUES (1644,1606,'elit.','Compton','Willa');
INSERT INTO CONTACTS (CLI_NUMCLIENT,PROJET_CODE,CON_FONCTION,CON_NOM,CON_PRENOM) VALUES (1617,1607,'nisl','Wheeler','Michael');
INSERT INTO CONTACTS (CLI_NUMCLIENT,PROJET_CODE,CON_FONCTION,CON_NOM,CON_PRENOM) VALUES (1699,1608,'semper','Shelton','Giselle');
INSERT INTO CONTACTS (CLI_NUMCLIENT,PROJET_CODE,CON_FONCTION,CON_NOM,CON_PRENOM) VALUES (1669,1609,'eget,','Nolan','Savannah');
INSERT INTO CONTACTS (CLI_NUMCLIENT,PROJET_CODE,CON_FONCTION,CON_NOM,CON_PRENOM) VALUES (1617,1610,'sed,','Kim','Nevada');
INSERT INTO CONTACTS (CLI_NUMCLIENT,PROJET_CODE,CON_FONCTION,CON_NOM,CON_PRENOM) VALUES (1652,1611,'at,','David','Dacey');
INSERT INTO CONTACTS (CLI_NUMCLIENT,PROJET_CODE,CON_FONCTION,CON_NOM,CON_PRENOM) VALUES (1627,1612,'tellus','Fernandez','Amethyst');
INSERT INTO CONTACTS (CLI_NUMCLIENT,PROJET_CODE,CON_FONCTION,CON_NOM,CON_PRENOM) VALUES (1621,1613,'ipsum','Morrison','Rahim');
INSERT INTO CONTACTS (CLI_NUMCLIENT,PROJET_CODE,CON_FONCTION,CON_NOM,CON_PRENOM) VALUES (1690,1614,'et','Crosby','Cameron');
INSERT INTO CONTACTS (CLI_NUMCLIENT,PROJET_CODE,CON_FONCTION,CON_NOM,CON_PRENOM) VALUES (1696,1615,'Nunc','Wiley','Garrison');
INSERT INTO CONTACTS (CLI_NUMCLIENT,PROJET_CODE,CON_FONCTION,CON_NOM,CON_PRENOM) VALUES (1667,1616,'Maecenas','Gibbs','Cameron');
INSERT INTO CONTACTS (CLI_NUMCLIENT,PROJET_CODE,CON_FONCTION,CON_NOM,CON_PRENOM) VALUES (1677,1617,'Integer','Hartman','Ria');
INSERT INTO CONTACTS (CLI_NUMCLIENT,PROJET_CODE,CON_FONCTION,CON_NOM,CON_PRENOM) VALUES (1616,1618,'faucibus','Grant','Mary');
INSERT INTO CONTACTS (CLI_NUMCLIENT,PROJET_CODE,CON_FONCTION,CON_NOM,CON_PRENOM) VALUES (1656,1619,'Proin','Jackson','Chantale');
INSERT INTO CONTACTS (CLI_NUMCLIENT,PROJET_CODE,CON_FONCTION,CON_NOM,CON_PRENOM) VALUES (1639,1620,'ipsum','Reese','Sydnee');
INSERT INTO CONTACTS (CLI_NUMCLIENT,PROJET_CODE,CON_FONCTION,CON_NOM,CON_PRENOM) VALUES (1684,1621,'sed','Harmon','Graiden');
INSERT INTO CONTACTS (CLI_NUMCLIENT,PROJET_CODE,CON_FONCTION,CON_NOM,CON_PRENOM) VALUES (1688,1622,'scelerisque','Keller','Alice');
INSERT INTO CONTACTS (CLI_NUMCLIENT,PROJET_CODE,CON_FONCTION,CON_NOM,CON_PRENOM) VALUES (1677,1623,'purus,','Ware','Hammett');
INSERT INTO CONTACTS (CLI_NUMCLIENT,PROJET_CODE,CON_FONCTION,CON_NOM,CON_PRENOM) VALUES (1613,1624,'at','Bird','Oleg');
INSERT INTO CONTACTS (CLI_NUMCLIENT,PROJET_CODE,CON_FONCTION,CON_NOM,CON_PRENOM) VALUES (1679,1625,'est','Mcmahon','Donovan');
INSERT INTO CONTACTS (CLI_NUMCLIENT,PROJET_CODE,CON_FONCTION,CON_NOM,CON_PRENOM) VALUES (1651,1626,'ac','Mullen','Adrian');
INSERT INTO CONTACTS (CLI_NUMCLIENT,PROJET_CODE,CON_FONCTION,CON_NOM,CON_PRENOM) VALUES (1626,1627,'Sed','Delaney','Ciara');
INSERT INTO CONTACTS (CLI_NUMCLIENT,PROJET_CODE,CON_FONCTION,CON_NOM,CON_PRENOM) VALUES (1687,1628,'Donec','Howard','Germaine');
INSERT INTO CONTACTS (CLI_NUMCLIENT,PROJET_CODE,CON_FONCTION,CON_NOM,CON_PRENOM) VALUES (1650,1629,'in','Wilder','Brett');
INSERT INTO CONTACTS (CLI_NUMCLIENT,PROJET_CODE,CON_FONCTION,CON_NOM,CON_PRENOM) VALUES (1606,1630,'aliquet','Hernandez','Sydnee');
INSERT INTO CONTACTS (CLI_NUMCLIENT,PROJET_CODE,CON_FONCTION,CON_NOM,CON_PRENOM) VALUES (1639,1631,'vel','Molina','Amir');
INSERT INTO CONTACTS (CLI_NUMCLIENT,PROJET_CODE,CON_FONCTION,CON_NOM,CON_PRENOM) VALUES (1686,1632,'mi,','Abbott','Leah');
INSERT INTO CONTACTS (CLI_NUMCLIENT,PROJET_CODE,CON_FONCTION,CON_NOM,CON_PRENOM) VALUES (1675,1633,'rutrum','Langley','Bertha');
INSERT INTO CONTACTS (CLI_NUMCLIENT,PROJET_CODE,CON_FONCTION,CON_NOM,CON_PRENOM) VALUES (1663,1634,'congue','Kelly','Beau');
INSERT INTO CONTACTS (CLI_NUMCLIENT,PROJET_CODE,CON_FONCTION,CON_NOM,CON_PRENOM) VALUES (1633,1635,'pede','Bauer','Tyler');
INSERT INTO CONTACTS (CLI_NUMCLIENT,PROJET_CODE,CON_FONCTION,CON_NOM,CON_PRENOM) VALUES (1683,1636,'nascetur','Zamora','Nicole');
INSERT INTO CONTACTS (CLI_NUMCLIENT,PROJET_CODE,CON_FONCTION,CON_NOM,CON_PRENOM) VALUES (1624,1637,'dictum','Rodriquez','Cheryl');
INSERT INTO CONTACTS (CLI_NUMCLIENT,PROJET_CODE,CON_FONCTION,CON_NOM,CON_PRENOM) VALUES (1612,1638,'augue','Franks','Leigh');
INSERT INTO CONTACTS (CLI_NUMCLIENT,PROJET_CODE,CON_FONCTION,CON_NOM,CON_PRENOM) VALUES (1647,1639,'sollicitudin','Huff','Shay');
INSERT INTO CONTACTS (CLI_NUMCLIENT,PROJET_CODE,CON_FONCTION,CON_NOM,CON_PRENOM) VALUES (1604,1640,'eget,','Merrill','Hope');
INSERT INTO CONTACTS (CLI_NUMCLIENT,PROJET_CODE,CON_FONCTION,CON_NOM,CON_PRENOM) VALUES (1687,1641,'nascetur','Gill','Charde');
INSERT INTO CONTACTS (CLI_NUMCLIENT,PROJET_CODE,CON_FONCTION,CON_NOM,CON_PRENOM) VALUES (1639,1642,'sed','Watkins','Keane');
INSERT INTO CONTACTS (CLI_NUMCLIENT,PROJET_CODE,CON_FONCTION,CON_NOM,CON_PRENOM) VALUES (1668,1643,'aliquet','Todd','Hollee');
INSERT INTO CONTACTS (CLI_NUMCLIENT,PROJET_CODE,CON_FONCTION,CON_NOM,CON_PRENOM) VALUES (1676,1644,'feugiat.','Stokes','Rooney');
INSERT INTO CONTACTS (CLI_NUMCLIENT,PROJET_CODE,CON_FONCTION,CON_NOM,CON_PRENOM) VALUES (1652,1645,'mauris,','Gentry','Grant');
INSERT INTO CONTACTS (CLI_NUMCLIENT,PROJET_CODE,CON_FONCTION,CON_NOM,CON_PRENOM) VALUES (1613,1646,'et,','Schneider','Rhoda');
INSERT INTO CONTACTS (CLI_NUMCLIENT,PROJET_CODE,CON_FONCTION,CON_NOM,CON_PRENOM) VALUES (1628,1647,'nibh.','Blackburn','Hamish');
INSERT INTO CONTACTS (CLI_NUMCLIENT,PROJET_CODE,CON_FONCTION,CON_NOM,CON_PRENOM) VALUES (1629,1648,'eget','Galloway','Ruth');
INSERT INTO CONTACTS (CLI_NUMCLIENT,PROJET_CODE,CON_FONCTION,CON_NOM,CON_PRENOM) VALUES (1632,1649,'tellus','Bauer','Lillian');
INSERT INTO CONTACTS (CLI_NUMCLIENT,PROJET_CODE,CON_FONCTION,CON_NOM,CON_PRENOM) VALUES (1668,1650,'iaculis','Oconnor','Erica');
INSERT INTO CONTACTS (CLI_NUMCLIENT,PROJET_CODE,CON_FONCTION,CON_NOM,CON_PRENOM) VALUES (1606,1651,'adipiscing','Parrish','Linus');
INSERT INTO CONTACTS (CLI_NUMCLIENT,PROJET_CODE,CON_FONCTION,CON_NOM,CON_PRENOM) VALUES (1658,1652,'quam','Russell','Carter');
INSERT INTO CONTACTS (CLI_NUMCLIENT,PROJET_CODE,CON_FONCTION,CON_NOM,CON_PRENOM) VALUES (1694,1653,'non,','Sandoval','Jaden');
INSERT INTO CONTACTS (CLI_NUMCLIENT,PROJET_CODE,CON_FONCTION,CON_NOM,CON_PRENOM) VALUES (1662,1654,'massa','Battle','Jarrod');
INSERT INTO CONTACTS (CLI_NUMCLIENT,PROJET_CODE,CON_FONCTION,CON_NOM,CON_PRENOM) VALUES (1639,1655,'iaculis','Valentine','Caesar');
INSERT INTO CONTACTS (CLI_NUMCLIENT,PROJET_CODE,CON_FONCTION,CON_NOM,CON_PRENOM) VALUES (1658,1656,'Vivamus','Bird','Arsenio');
INSERT INTO CONTACTS (CLI_NUMCLIENT,PROJET_CODE,CON_FONCTION,CON_NOM,CON_PRENOM) VALUES (1668,1657,'Mauris','Santiago','Kai');
INSERT INTO CONTACTS (CLI_NUMCLIENT,PROJET_CODE,CON_FONCTION,CON_NOM,CON_PRENOM) VALUES (1629,1658,'id','Quinn','Michael');
INSERT INTO CONTACTS (CLI_NUMCLIENT,PROJET_CODE,CON_FONCTION,CON_NOM,CON_PRENOM) VALUES (1626,1659,'est,','Todd','Cooper');
INSERT INTO CONTACTS (CLI_NUMCLIENT,PROJET_CODE,CON_FONCTION,CON_NOM,CON_PRENOM) VALUES (1661,1660,'enim,','Mays','Ivan');
INSERT INTO CONTACTS (CLI_NUMCLIENT,PROJET_CODE,CON_FONCTION,CON_NOM,CON_PRENOM) VALUES (1634,1661,'Integer','Farrell','Stone');
INSERT INTO CONTACTS (CLI_NUMCLIENT,PROJET_CODE,CON_FONCTION,CON_NOM,CON_PRENOM) VALUES (1652,1662,'velit','Klein','Dacey');
INSERT INTO CONTACTS (CLI_NUMCLIENT,PROJET_CODE,CON_FONCTION,CON_NOM,CON_PRENOM) VALUES (1615,1663,'enim.','Kirk','Shelby');
INSERT INTO CONTACTS (CLI_NUMCLIENT,PROJET_CODE,CON_FONCTION,CON_NOM,CON_PRENOM) VALUES (1608,1664,'in','Hewitt','Kennan');
INSERT INTO CONTACTS (CLI_NUMCLIENT,PROJET_CODE,CON_FONCTION,CON_NOM,CON_PRENOM) VALUES (1672,1665,'pellentesque,','Stokes','Reece');
INSERT INTO CONTACTS (CLI_NUMCLIENT,PROJET_CODE,CON_FONCTION,CON_NOM,CON_PRENOM) VALUES (1619,1666,'aliquet.','Evans','Abigail');
INSERT INTO CONTACTS (CLI_NUMCLIENT,PROJET_CODE,CON_FONCTION,CON_NOM,CON_PRENOM) VALUES (1610,1667,'facilisis','Tyson','Cade');
INSERT INTO CONTACTS (CLI_NUMCLIENT,PROJET_CODE,CON_FONCTION,CON_NOM,CON_PRENOM) VALUES (1667,1668,'ac','Hull','Jemima');
INSERT INTO CONTACTS (CLI_NUMCLIENT,PROJET_CODE,CON_FONCTION,CON_NOM,CON_PRENOM) VALUES (1679,1669,'convallis','Bradford','Odette');
INSERT INTO CONTACTS (CLI_NUMCLIENT,PROJET_CODE,CON_FONCTION,CON_NOM,CON_PRENOM) VALUES (1635,1670,'eget','Barnes','Slade');
INSERT INTO CONTACTS (CLI_NUMCLIENT,PROJET_CODE,CON_FONCTION,CON_NOM,CON_PRENOM) VALUES (1696,1671,'sem','Merrill','Rae');
INSERT INTO CONTACTS (CLI_NUMCLIENT,PROJET_CODE,CON_FONCTION,CON_NOM,CON_PRENOM) VALUES (1607,1672,'sollicitudin','Franklin','Germane');
INSERT INTO CONTACTS (CLI_NUMCLIENT,PROJET_CODE,CON_FONCTION,CON_NOM,CON_PRENOM) VALUES (1673,1673,'pretium','Hurst','Ella');
INSERT INTO CONTACTS (CLI_NUMCLIENT,PROJET_CODE,CON_FONCTION,CON_NOM,CON_PRENOM) VALUES (1632,1674,'non,','Ferrell','Jolene');
INSERT INTO CONTACTS (CLI_NUMCLIENT,PROJET_CODE,CON_FONCTION,CON_NOM,CON_PRENOM) VALUES (1654,1675,'nibh','Walters','Mara');
INSERT INTO CONTACTS (CLI_NUMCLIENT,PROJET_CODE,CON_FONCTION,CON_NOM,CON_PRENOM) VALUES (1644,1676,'ac','Gilliam','Nayda');
INSERT INTO CONTACTS (CLI_NUMCLIENT,PROJET_CODE,CON_FONCTION,CON_NOM,CON_PRENOM) VALUES (1661,1677,'posuere','Parsons','Ralph');
INSERT INTO CONTACTS (CLI_NUMCLIENT,PROJET_CODE,CON_FONCTION,CON_NOM,CON_PRENOM) VALUES (1694,1678,'et','Castillo','Nevada');
INSERT INTO CONTACTS (CLI_NUMCLIENT,PROJET_CODE,CON_FONCTION,CON_NOM,CON_PRENOM) VALUES (1667,1679,'tristique','Vargas','Mary');
INSERT INTO CONTACTS (CLI_NUMCLIENT,PROJET_CODE,CON_FONCTION,CON_NOM,CON_PRENOM) VALUES (1641,1680,'tellus.','Wilder','Bertha');
INSERT INTO CONTACTS (CLI_NUMCLIENT,PROJET_CODE,CON_FONCTION,CON_NOM,CON_PRENOM) VALUES (1672,1681,'pellentesque','Huber','Allen');
INSERT INTO CONTACTS (CLI_NUMCLIENT,PROJET_CODE,CON_FONCTION,CON_NOM,CON_PRENOM) VALUES (1636,1682,'Curae;','Williamson','Garth');
INSERT INTO CONTACTS (CLI_NUMCLIENT,PROJET_CODE,CON_FONCTION,CON_NOM,CON_PRENOM) VALUES (1642,1683,'volutpat.','Talley','Jerry');
INSERT INTO CONTACTS (CLI_NUMCLIENT,PROJET_CODE,CON_FONCTION,CON_NOM,CON_PRENOM) VALUES (1623,1684,'leo.','Mercado','Amal');
INSERT INTO CONTACTS (CLI_NUMCLIENT,PROJET_CODE,CON_FONCTION,CON_NOM,CON_PRENOM) VALUES (1639,1685,'massa','Lowe','Dennis');
INSERT INTO CONTACTS (CLI_NUMCLIENT,PROJET_CODE,CON_FONCTION,CON_NOM,CON_PRENOM) VALUES (1602,1686,'Cum','Booth','Kitra');
INSERT INTO CONTACTS (CLI_NUMCLIENT,PROJET_CODE,CON_FONCTION,CON_NOM,CON_PRENOM) VALUES (1635,1687,'cursus','Macias','Tate');
INSERT INTO CONTACTS (CLI_NUMCLIENT,PROJET_CODE,CON_FONCTION,CON_NOM,CON_PRENOM) VALUES (1664,1688,'lobortis','Bradley','Ray');
INSERT INTO CONTACTS (CLI_NUMCLIENT,PROJET_CODE,CON_FONCTION,CON_NOM,CON_PRENOM) VALUES (1665,1689,'lacus.','Howe','Joshua');
INSERT INTO CONTACTS (CLI_NUMCLIENT,PROJET_CODE,CON_FONCTION,CON_NOM,CON_PRENOM) VALUES (1664,1690,'iaculis','Franklin','Riley');
INSERT INTO CONTACTS (CLI_NUMCLIENT,PROJET_CODE,CON_FONCTION,CON_NOM,CON_PRENOM) VALUES (1639,1691,'auctor','Barr','Haley');
INSERT INTO CONTACTS (CLI_NUMCLIENT,PROJET_CODE,CON_FONCTION,CON_NOM,CON_PRENOM) VALUES (1657,1692,'convallis','Kirk','Clinton');
INSERT INTO CONTACTS (CLI_NUMCLIENT,PROJET_CODE,CON_FONCTION,CON_NOM,CON_PRENOM) VALUES (1608,1693,'egestas','Holt','Bree');
INSERT INTO CONTACTS (CLI_NUMCLIENT,PROJET_CODE,CON_FONCTION,CON_NOM,CON_PRENOM) VALUES (1605,1694,'a,','Rasmussen','Christen');
INSERT INTO CONTACTS (CLI_NUMCLIENT,PROJET_CODE,CON_FONCTION,CON_NOM,CON_PRENOM) VALUES (1677,1695,'amet','Powers','Channing');
INSERT INTO CONTACTS (CLI_NUMCLIENT,PROJET_CODE,CON_FONCTION,CON_NOM,CON_PRENOM) VALUES (1639,1696,'pellentesque,','Roth','Chaim');
INSERT INTO CONTACTS (CLI_NUMCLIENT,PROJET_CODE,CON_FONCTION,CON_NOM,CON_PRENOM) VALUES (1618,1697,'Quisque','Velez','Reece');
INSERT INTO CONTACTS (CLI_NUMCLIENT,PROJET_CODE,CON_FONCTION,CON_NOM,CON_PRENOM) VALUES (1662,1698,'mauris.','Chandler','Colin');
INSERT INTO CONTACTS (CLI_NUMCLIENT,PROJET_CODE,CON_FONCTION,CON_NOM,CON_PRENOM) VALUES (1665,1699,'ultricies','Preston','Katelyn');

-----------------------------------------------------------------OK
/* DOCUMENTS */
/*
ALTER SESSION SET NLS_DATE_FORMAT = 'YYYY/MM/DD HH24:MI:SS';
INSERT INTO DOCUMENTS (DOC_ID,COL_MATRICULE,DOC_TITRE,DOC_RESUME,DOC_DATEDIFFUSION) 
	VALUES (S_DOCUMENTS.nextval,1601,'Le roi est mort ! Vive le roi !','Roi des sandales et des premiers sommes','2016/10/29 11:35:00');
INSERT INTO DOCUMENTS (COL_MATRICULE,DOC_TITRE,DOC_RESUME,DOC_DATEDIFFUSION)
	VALUES (1601, 'Cher journal', 'Notes concernant les voisins...','2016/07/27 15:23:45');  
-- Il faut aussi créer directement la relation entre le projet et le document : REFERERDOC
SELECT * FROM CDI10.DOCUMENTS;
*/
INSERT INTO DOCUMENTS (DOC_ID,COL_MATRICULE,DOC_TITRE,DOC_RESUME,DOC_DATEDIFFUSION) VALUES (1,1612,'libero.','Lorem','08/04/2017');
INSERT INTO DOCUMENTS (DOC_ID,COL_MATRICULE,DOC_TITRE,DOC_RESUME,DOC_DATEDIFFUSION) VALUES (2,1646,'est mauris, rhoncus','Lorem ipsum dolor sit','29/01/2017');
INSERT INTO DOCUMENTS (DOC_ID,COL_MATRICULE,DOC_TITRE,DOC_RESUME,DOC_DATEDIFFUSION) VALUES (3,1670,'enim. Etiam gravida molestie','Lorem ipsum dolor sit amet, consectetuer adipiscing elit.','20/05/2017');
INSERT INTO DOCUMENTS (DOC_ID,COL_MATRICULE,DOC_TITRE,DOC_RESUME,DOC_DATEDIFFUSION) VALUES (4,1692,'adipiscing elit.','Lorem','07/12/2016');
INSERT INTO DOCUMENTS (DOC_ID,COL_MATRICULE,DOC_TITRE,DOC_RESUME,DOC_DATEDIFFUSION) VALUES (5,1655,'erat volutpat. Nulla dignissim.','Lorem ipsum dolor sit amet, consectetuer adipiscing','06/03/2016');
INSERT INTO DOCUMENTS (DOC_ID,COL_MATRICULE,DOC_TITRE,DOC_RESUME,DOC_DATEDIFFUSION) VALUES (6,1665,'mollis nec, cursus a,','Lorem ipsum dolor sit amet, consectetuer adipiscing','19/02/2017');
INSERT INTO DOCUMENTS (DOC_ID,COL_MATRICULE,DOC_TITRE,DOC_RESUME,DOC_DATEDIFFUSION) VALUES (7,1641,'Vestibulum ante ipsum primis','Lorem ipsum dolor sit amet,','02/03/2017');
INSERT INTO DOCUMENTS (DOC_ID,COL_MATRICULE,DOC_TITRE,DOC_RESUME,DOC_DATEDIFFUSION) VALUES (8,1622,'id risus','Lorem ipsum dolor sit amet, consectetuer adipiscing elit. Curabitur','27/02/2017');
INSERT INTO DOCUMENTS (DOC_ID,COL_MATRICULE,DOC_TITRE,DOC_RESUME,DOC_DATEDIFFUSION) VALUES (9,1636,'a neque. Nullam','Lorem ipsum dolor sit amet, consectetuer adipiscing elit. Curabitur sed','09/08/2016');
INSERT INTO DOCUMENTS (DOC_ID,COL_MATRICULE,DOC_TITRE,DOC_RESUME,DOC_DATEDIFFUSION) VALUES (10,1664,'Sed pharetra, felis','Lorem ipsum dolor sit amet, consectetuer adipiscing elit.','13/08/2016');
INSERT INTO DOCUMENTS (DOC_ID,COL_MATRICULE,DOC_TITRE,DOC_RESUME,DOC_DATEDIFFUSION) VALUES (11,1649,'orci, adipiscing non, luctus','Lorem','23/01/2017');
INSERT INTO DOCUMENTS (DOC_ID,COL_MATRICULE,DOC_TITRE,DOC_RESUME,DOC_DATEDIFFUSION) VALUES (12,1606,'eget, venenatis','Lorem ipsum dolor sit amet, consectetuer adipiscing elit.','07/09/2016');
INSERT INTO DOCUMENTS (DOC_ID,COL_MATRICULE,DOC_TITRE,DOC_RESUME,DOC_DATEDIFFUSION) VALUES (13,1645,'Nullam scelerisque neque','Lorem ipsum dolor sit amet,','23/07/2016');
INSERT INTO DOCUMENTS (DOC_ID,COL_MATRICULE,DOC_TITRE,DOC_RESUME,DOC_DATEDIFFUSION) VALUES (14,1606,'Proin dolor. Nulla semper','Lorem ipsum dolor','01/03/2016');
INSERT INTO DOCUMENTS (DOC_ID,COL_MATRICULE,DOC_TITRE,DOC_RESUME,DOC_DATEDIFFUSION) VALUES (15,1649,'nec','Lorem ipsum dolor','10/07/2016');
INSERT INTO DOCUMENTS (DOC_ID,COL_MATRICULE,DOC_TITRE,DOC_RESUME,DOC_DATEDIFFUSION) VALUES (16,1661,'diam luctus lobortis.','Lorem ipsum dolor sit amet, consectetuer adipiscing elit.','18/02/2016');
INSERT INTO DOCUMENTS (DOC_ID,COL_MATRICULE,DOC_TITRE,DOC_RESUME,DOC_DATEDIFFUSION) VALUES (17,1621,'neque venenatis','Lorem ipsum dolor sit amet, consectetuer adipiscing','16/01/2017');
INSERT INTO DOCUMENTS (DOC_ID,COL_MATRICULE,DOC_TITRE,DOC_RESUME,DOC_DATEDIFFUSION) VALUES (18,1629,'lacinia. Sed','Lorem ipsum','14/01/2016');
INSERT INTO DOCUMENTS (DOC_ID,COL_MATRICULE,DOC_TITRE,DOC_RESUME,DOC_DATEDIFFUSION) VALUES (19,1638,'ipsum','Lorem ipsum dolor sit amet, consectetuer','17/01/2017');
INSERT INTO DOCUMENTS (DOC_ID,COL_MATRICULE,DOC_TITRE,DOC_RESUME,DOC_DATEDIFFUSION) VALUES (20,1630,'augue','Lorem ipsum dolor sit amet,','31/12/2016');
INSERT INTO DOCUMENTS (DOC_ID,COL_MATRICULE,DOC_TITRE,DOC_RESUME,DOC_DATEDIFFUSION) VALUES (21,1669,'nascetur ridiculus','Lorem ipsum dolor sit amet, consectetuer adipiscing elit.','10/04/2016');
INSERT INTO DOCUMENTS (DOC_ID,COL_MATRICULE,DOC_TITRE,DOC_RESUME,DOC_DATEDIFFUSION) VALUES (22,1680,'Donec fringilla. Donec feugiat','Lorem ipsum dolor sit amet, consectetuer','30/07/2016');
INSERT INTO DOCUMENTS (DOC_ID,COL_MATRICULE,DOC_TITRE,DOC_RESUME,DOC_DATEDIFFUSION) VALUES (23,1621,'venenatis lacus. Etiam','Lorem ipsum dolor sit amet, consectetuer adipiscing','18/04/2017');
INSERT INTO DOCUMENTS (DOC_ID,COL_MATRICULE,DOC_TITRE,DOC_RESUME,DOC_DATEDIFFUSION) VALUES (24,1602,'montes, nascetur ridiculus','Lorem ipsum dolor sit','18/06/2016');
INSERT INTO DOCUMENTS (DOC_ID,COL_MATRICULE,DOC_TITRE,DOC_RESUME,DOC_DATEDIFFUSION) VALUES (25,1606,'semper cursus.','Lorem ipsum dolor sit amet, consectetuer adipiscing elit. Curabitur','07/02/2017');
INSERT INTO DOCUMENTS (DOC_ID,COL_MATRICULE,DOC_TITRE,DOC_RESUME,DOC_DATEDIFFUSION) VALUES (26,1600,'enim','Lorem ipsum dolor sit amet, consectetuer','10/01/2016');
INSERT INTO DOCUMENTS (DOC_ID,COL_MATRICULE,DOC_TITRE,DOC_RESUME,DOC_DATEDIFFUSION) VALUES (27,1602,'fringilla ornare placerat, orci','Lorem ipsum dolor sit amet, consectetuer adipiscing elit. Curabitur','03/01/2016');
INSERT INTO DOCUMENTS (DOC_ID,COL_MATRICULE,DOC_TITRE,DOC_RESUME,DOC_DATEDIFFUSION) VALUES (28,1609,'lorem, vehicula et, rutrum','Lorem ipsum dolor sit amet, consectetuer adipiscing elit. Curabitur','04/01/2017');
INSERT INTO DOCUMENTS (DOC_ID,COL_MATRICULE,DOC_TITRE,DOC_RESUME,DOC_DATEDIFFUSION) VALUES (29,1607,'Curabitur sed','Lorem ipsum dolor','04/04/2016');
INSERT INTO DOCUMENTS (DOC_ID,COL_MATRICULE,DOC_TITRE,DOC_RESUME,DOC_DATEDIFFUSION) VALUES (30,1610,'id enim.','Lorem ipsum dolor sit amet, consectetuer adipiscing','07/03/2016');
INSERT INTO DOCUMENTS (DOC_ID,COL_MATRICULE,DOC_TITRE,DOC_RESUME,DOC_DATEDIFFUSION) VALUES (31,1650,'at, nisi. Cum sociis','Lorem ipsum dolor sit amet, consectetuer adipiscing','19/01/2017');
INSERT INTO DOCUMENTS (DOC_ID,COL_MATRICULE,DOC_TITRE,DOC_RESUME,DOC_DATEDIFFUSION) VALUES (32,1687,'sem egestas blandit.','Lorem ipsum dolor sit amet, consectetuer adipiscing','29/01/2017');
INSERT INTO DOCUMENTS (DOC_ID,COL_MATRICULE,DOC_TITRE,DOC_RESUME,DOC_DATEDIFFUSION) VALUES (33,1657,'Duis ac','Lorem ipsum dolor sit amet, consectetuer adipiscing','26/01/2016');
INSERT INTO DOCUMENTS (DOC_ID,COL_MATRICULE,DOC_TITRE,DOC_RESUME,DOC_DATEDIFFUSION) VALUES (34,1658,'tristique neque venenatis','Lorem ipsum dolor sit amet, consectetuer adipiscing elit. Curabitur','21/11/2016');
INSERT INTO DOCUMENTS (DOC_ID,COL_MATRICULE,DOC_TITRE,DOC_RESUME,DOC_DATEDIFFUSION) VALUES (35,1694,'ante','Lorem ipsum dolor sit amet,','29/08/2016');
INSERT INTO DOCUMENTS (DOC_ID,COL_MATRICULE,DOC_TITRE,DOC_RESUME,DOC_DATEDIFFUSION) VALUES (36,1621,'orci. Donec nibh.','Lorem ipsum dolor sit amet, consectetuer adipiscing','16/06/2017');
INSERT INTO DOCUMENTS (DOC_ID,COL_MATRICULE,DOC_TITRE,DOC_RESUME,DOC_DATEDIFFUSION) VALUES (37,1623,'a, magna. Lorem','Lorem ipsum dolor sit amet, consectetuer adipiscing','23/02/2016');
INSERT INTO DOCUMENTS (DOC_ID,COL_MATRICULE,DOC_TITRE,DOC_RESUME,DOC_DATEDIFFUSION) VALUES (38,1681,'Sed malesuada augue ut','Lorem ipsum dolor sit amet, consectetuer adipiscing','21/06/2016');
INSERT INTO DOCUMENTS (DOC_ID,COL_MATRICULE,DOC_TITRE,DOC_RESUME,DOC_DATEDIFFUSION) VALUES (39,1668,'justo','Lorem ipsum dolor sit amet, consectetuer adipiscing elit. Curabitur sed','07/02/2016');
INSERT INTO DOCUMENTS (DOC_ID,COL_MATRICULE,DOC_TITRE,DOC_RESUME,DOC_DATEDIFFUSION) VALUES (40,1640,'Aliquam','Lorem ipsum dolor sit amet, consectetuer adipiscing elit.','14/01/2017');
INSERT INTO DOCUMENTS (DOC_ID,COL_MATRICULE,DOC_TITRE,DOC_RESUME,DOC_DATEDIFFUSION) VALUES (41,1628,'ut ipsum ac mi','Lorem ipsum dolor','27/03/2016');
INSERT INTO DOCUMENTS (DOC_ID,COL_MATRICULE,DOC_TITRE,DOC_RESUME,DOC_DATEDIFFUSION) VALUES (42,1641,'pharetra. Quisque ac libero','Lorem ipsum dolor sit amet, consectetuer adipiscing elit.','07/09/2016');
INSERT INTO DOCUMENTS (DOC_ID,COL_MATRICULE,DOC_TITRE,DOC_RESUME,DOC_DATEDIFFUSION) VALUES (43,1652,'semper egestas, urna','Lorem ipsum dolor sit amet, consectetuer adipiscing','16/02/2017');
INSERT INTO DOCUMENTS (DOC_ID,COL_MATRICULE,DOC_TITRE,DOC_RESUME,DOC_DATEDIFFUSION) VALUES (44,1621,'cursus','Lorem ipsum dolor','12/06/2017');
INSERT INTO DOCUMENTS (DOC_ID,COL_MATRICULE,DOC_TITRE,DOC_RESUME,DOC_DATEDIFFUSION) VALUES (45,1653,'auctor, nunc nulla','Lorem ipsum dolor sit amet, consectetuer adipiscing elit. Curabitur sed','27/07/2017');
INSERT INTO DOCUMENTS (DOC_ID,COL_MATRICULE,DOC_TITRE,DOC_RESUME,DOC_DATEDIFFUSION) VALUES (46,1691,'mollis. Integer tincidunt','Lorem ipsum dolor sit amet, consectetuer adipiscing elit. Curabitur','13/07/2017');
INSERT INTO DOCUMENTS (DOC_ID,COL_MATRICULE,DOC_TITRE,DOC_RESUME,DOC_DATEDIFFUSION) VALUES (47,1634,'lectus sit amet luctus','Lorem ipsum dolor sit amet, consectetuer adipiscing','31/01/2017');
INSERT INTO DOCUMENTS (DOC_ID,COL_MATRICULE,DOC_TITRE,DOC_RESUME,DOC_DATEDIFFUSION) VALUES (48,1658,'hendrerit neque.','Lorem ipsum dolor sit amet, consectetuer adipiscing','17/08/2016');
INSERT INTO DOCUMENTS (DOC_ID,COL_MATRICULE,DOC_TITRE,DOC_RESUME,DOC_DATEDIFFUSION) VALUES (49,1640,'et','Lorem ipsum dolor','22/11/2016');
INSERT INTO DOCUMENTS (DOC_ID,COL_MATRICULE,DOC_TITRE,DOC_RESUME,DOC_DATEDIFFUSION) VALUES (50,1677,'Nullam scelerisque neque sed','Lorem ipsum dolor sit amet, consectetuer adipiscing elit. Curabitur sed','02/12/2016');
INSERT INTO DOCUMENTS (DOC_ID,COL_MATRICULE,DOC_TITRE,DOC_RESUME,DOC_DATEDIFFUSION) VALUES (51,1670,'morbi tristique','Lorem ipsum dolor sit amet, consectetuer adipiscing elit.','26/02/2016');
INSERT INTO DOCUMENTS (DOC_ID,COL_MATRICULE,DOC_TITRE,DOC_RESUME,DOC_DATEDIFFUSION) VALUES (52,1612,'Nam nulla magna, malesuada','Lorem ipsum dolor','16/09/2016');
INSERT INTO DOCUMENTS (DOC_ID,COL_MATRICULE,DOC_TITRE,DOC_RESUME,DOC_DATEDIFFUSION) VALUES (53,1611,'eu tellus. Phasellus','Lorem','29/01/2017');
INSERT INTO DOCUMENTS (DOC_ID,COL_MATRICULE,DOC_TITRE,DOC_RESUME,DOC_DATEDIFFUSION) VALUES (54,1642,'Quisque ac libero nec','Lorem ipsum dolor sit amet, consectetuer','11/04/2017');
INSERT INTO DOCUMENTS (DOC_ID,COL_MATRICULE,DOC_TITRE,DOC_RESUME,DOC_DATEDIFFUSION) VALUES (55,1625,'magna a tortor. Nunc','Lorem ipsum dolor sit amet,','06/03/2017');
INSERT INTO DOCUMENTS (DOC_ID,COL_MATRICULE,DOC_TITRE,DOC_RESUME,DOC_DATEDIFFUSION) VALUES (56,1641,'lectus rutrum urna,','Lorem','27/02/2017');
INSERT INTO DOCUMENTS (DOC_ID,COL_MATRICULE,DOC_TITRE,DOC_RESUME,DOC_DATEDIFFUSION) VALUES (57,1634,'cubilia Curae; Donec','Lorem','26/10/2016');
INSERT INTO DOCUMENTS (DOC_ID,COL_MATRICULE,DOC_TITRE,DOC_RESUME,DOC_DATEDIFFUSION) VALUES (58,1670,'sem. Pellentesque ut ipsum','Lorem','04/10/2016');
INSERT INTO DOCUMENTS (DOC_ID,COL_MATRICULE,DOC_TITRE,DOC_RESUME,DOC_DATEDIFFUSION) VALUES (59,1644,'eget varius ultrices, mauris','Lorem ipsum dolor sit amet,','15/07/2017');
INSERT INTO DOCUMENTS (DOC_ID,COL_MATRICULE,DOC_TITRE,DOC_RESUME,DOC_DATEDIFFUSION) VALUES (60,1628,'laoreet, libero','Lorem ipsum dolor sit','31/03/2017');
INSERT INTO DOCUMENTS (DOC_ID,COL_MATRICULE,DOC_TITRE,DOC_RESUME,DOC_DATEDIFFUSION) VALUES (61,1652,'tincidunt tempus risus. Donec','Lorem ipsum dolor sit amet, consectetuer adipiscing elit. Curabitur sed','26/10/2016');
INSERT INTO DOCUMENTS (DOC_ID,COL_MATRICULE,DOC_TITRE,DOC_RESUME,DOC_DATEDIFFUSION) VALUES (62,1697,'Integer','Lorem ipsum dolor','16/04/2016');
INSERT INTO DOCUMENTS (DOC_ID,COL_MATRICULE,DOC_TITRE,DOC_RESUME,DOC_DATEDIFFUSION) VALUES (63,1681,'nec','Lorem','20/07/2016');
INSERT INTO DOCUMENTS (DOC_ID,COL_MATRICULE,DOC_TITRE,DOC_RESUME,DOC_DATEDIFFUSION) VALUES (64,1607,'elit, pharetra','Lorem ipsum dolor','08/06/2016');
INSERT INTO DOCUMENTS (DOC_ID,COL_MATRICULE,DOC_TITRE,DOC_RESUME,DOC_DATEDIFFUSION) VALUES (65,1673,'congue a, aliquet','Lorem','02/06/2016');
INSERT INTO DOCUMENTS (DOC_ID,COL_MATRICULE,DOC_TITRE,DOC_RESUME,DOC_DATEDIFFUSION) VALUES (66,1673,'Nunc commodo auctor velit.','Lorem ipsum dolor sit amet, consectetuer adipiscing elit. Curabitur','02/05/2016');
INSERT INTO DOCUMENTS (DOC_ID,COL_MATRICULE,DOC_TITRE,DOC_RESUME,DOC_DATEDIFFUSION) VALUES (67,1632,'feugiat. Sed nec','Lorem ipsum dolor sit amet, consectetuer adipiscing','01/10/2016');
INSERT INTO DOCUMENTS (DOC_ID,COL_MATRICULE,DOC_TITRE,DOC_RESUME,DOC_DATEDIFFUSION) VALUES (68,1645,'iaculis,','Lorem ipsum dolor sit amet, consectetuer adipiscing elit. Curabitur','30/04/2016');
INSERT INTO DOCUMENTS (DOC_ID,COL_MATRICULE,DOC_TITRE,DOC_RESUME,DOC_DATEDIFFUSION) VALUES (69,1677,'amet, dapibus','Lorem ipsum dolor sit amet, consectetuer','24/01/2017');
INSERT INTO DOCUMENTS (DOC_ID,COL_MATRICULE,DOC_TITRE,DOC_RESUME,DOC_DATEDIFFUSION) VALUES (70,1656,'sociis natoque penatibus','Lorem ipsum dolor sit amet, consectetuer adipiscing','14/01/2016');
INSERT INTO DOCUMENTS (DOC_ID,COL_MATRICULE,DOC_TITRE,DOC_RESUME,DOC_DATEDIFFUSION) VALUES (71,1662,'blandit enim','Lorem ipsum dolor sit amet, consectetuer adipiscing elit.','15/07/2017');
INSERT INTO DOCUMENTS (DOC_ID,COL_MATRICULE,DOC_TITRE,DOC_RESUME,DOC_DATEDIFFUSION) VALUES (72,1620,'euismod mauris eu','Lorem ipsum dolor sit amet, consectetuer adipiscing','09/08/2016');
INSERT INTO DOCUMENTS (DOC_ID,COL_MATRICULE,DOC_TITRE,DOC_RESUME,DOC_DATEDIFFUSION) VALUES (73,1655,'odio a','Lorem ipsum dolor sit amet, consectetuer','13/03/2016');
INSERT INTO DOCUMENTS (DOC_ID,COL_MATRICULE,DOC_TITRE,DOC_RESUME,DOC_DATEDIFFUSION) VALUES (74,1642,'Donec est mauris, rhoncus','Lorem ipsum','02/02/2017');
INSERT INTO DOCUMENTS (DOC_ID,COL_MATRICULE,DOC_TITRE,DOC_RESUME,DOC_DATEDIFFUSION) VALUES (75,1653,'Sed eget lacus. Mauris','Lorem ipsum dolor sit amet, consectetuer adipiscing elit. Curabitur','16/03/2016');
INSERT INTO DOCUMENTS (DOC_ID,COL_MATRICULE,DOC_TITRE,DOC_RESUME,DOC_DATEDIFFUSION) VALUES (76,1602,'sed, est.','Lorem ipsum dolor','25/06/2017');
INSERT INTO DOCUMENTS (DOC_ID,COL_MATRICULE,DOC_TITRE,DOC_RESUME,DOC_DATEDIFFUSION) VALUES (77,1641,'neque. Nullam','Lorem','27/04/2017');
INSERT INTO DOCUMENTS (DOC_ID,COL_MATRICULE,DOC_TITRE,DOC_RESUME,DOC_DATEDIFFUSION) VALUES (78,1658,'suscipit, est ac facilisis','Lorem ipsum dolor sit amet,','07/09/2016');
INSERT INTO DOCUMENTS (DOC_ID,COL_MATRICULE,DOC_TITRE,DOC_RESUME,DOC_DATEDIFFUSION) VALUES (79,1618,'interdum. Nunc','Lorem ipsum dolor sit amet, consectetuer adipiscing elit.','29/11/2016');
INSERT INTO DOCUMENTS (DOC_ID,COL_MATRICULE,DOC_TITRE,DOC_RESUME,DOC_DATEDIFFUSION) VALUES (80,1652,'ac','Lorem ipsum dolor sit amet, consectetuer adipiscing elit. Curabitur sed','01/03/2016');
INSERT INTO DOCUMENTS (DOC_ID,COL_MATRICULE,DOC_TITRE,DOC_RESUME,DOC_DATEDIFFUSION) VALUES (81,1657,'mi felis, adipiscing fringilla,','Lorem ipsum dolor sit','04/01/2016');
INSERT INTO DOCUMENTS (DOC_ID,COL_MATRICULE,DOC_TITRE,DOC_RESUME,DOC_DATEDIFFUSION) VALUES (82,1673,'imperdiet ullamcorper. Duis at','Lorem ipsum','27/08/2016');
INSERT INTO DOCUMENTS (DOC_ID,COL_MATRICULE,DOC_TITRE,DOC_RESUME,DOC_DATEDIFFUSION) VALUES (83,1610,'odio. Phasellus at augue','Lorem ipsum dolor sit amet, consectetuer','12/02/2016');
INSERT INTO DOCUMENTS (DOC_ID,COL_MATRICULE,DOC_TITRE,DOC_RESUME,DOC_DATEDIFFUSION) VALUES (84,1647,'Curabitur massa. Vestibulum accumsan','Lorem ipsum dolor sit amet, consectetuer adipiscing elit.','13/03/2016');
INSERT INTO DOCUMENTS (DOC_ID,COL_MATRICULE,DOC_TITRE,DOC_RESUME,DOC_DATEDIFFUSION) VALUES (85,1650,'interdum enim','Lorem ipsum dolor','03/01/2016');
INSERT INTO DOCUMENTS (DOC_ID,COL_MATRICULE,DOC_TITRE,DOC_RESUME,DOC_DATEDIFFUSION) VALUES (86,1698,'tempor arcu.','Lorem ipsum','13/03/2017');
INSERT INTO DOCUMENTS (DOC_ID,COL_MATRICULE,DOC_TITRE,DOC_RESUME,DOC_DATEDIFFUSION) VALUES (87,1686,'hendrerit consectetuer, cursus et,','Lorem ipsum dolor sit amet, consectetuer adipiscing elit. Curabitur sed','07/12/2016');
INSERT INTO DOCUMENTS (DOC_ID,COL_MATRICULE,DOC_TITRE,DOC_RESUME,DOC_DATEDIFFUSION) VALUES (88,1636,'non, lobortis','Lorem ipsum dolor','30/11/2016');
INSERT INTO DOCUMENTS (DOC_ID,COL_MATRICULE,DOC_TITRE,DOC_RESUME,DOC_DATEDIFFUSION) VALUES (89,1611,'Nam','Lorem ipsum dolor sit','07/05/2016');
INSERT INTO DOCUMENTS (DOC_ID,COL_MATRICULE,DOC_TITRE,DOC_RESUME,DOC_DATEDIFFUSION) VALUES (90,1698,'auctor non,','Lorem ipsum dolor sit amet, consectetuer adipiscing elit. Curabitur','14/09/2016');
INSERT INTO DOCUMENTS (DOC_ID,COL_MATRICULE,DOC_TITRE,DOC_RESUME,DOC_DATEDIFFUSION) VALUES (91,1669,'tempor bibendum. Donec felis','Lorem ipsum dolor','02/03/2017');
INSERT INTO DOCUMENTS (DOC_ID,COL_MATRICULE,DOC_TITRE,DOC_RESUME,DOC_DATEDIFFUSION) VALUES (92,1622,'pede nec ante blandit','Lorem ipsum dolor','12/05/2017');
INSERT INTO DOCUMENTS (DOC_ID,COL_MATRICULE,DOC_TITRE,DOC_RESUME,DOC_DATEDIFFUSION) VALUES (93,1652,'nulla.','Lorem ipsum dolor','26/08/2016');
INSERT INTO DOCUMENTS (DOC_ID,COL_MATRICULE,DOC_TITRE,DOC_RESUME,DOC_DATEDIFFUSION) VALUES (94,1689,'risus. Donec','Lorem ipsum','10/06/2017');
INSERT INTO DOCUMENTS (DOC_ID,COL_MATRICULE,DOC_TITRE,DOC_RESUME,DOC_DATEDIFFUSION) VALUES (95,1620,'ante,','Lorem ipsum dolor sit amet,','29/05/2017');
INSERT INTO DOCUMENTS (DOC_ID,COL_MATRICULE,DOC_TITRE,DOC_RESUME,DOC_DATEDIFFUSION) VALUES (96,1664,'amet, consectetuer adipiscing','Lorem','11/11/2016');
INSERT INTO DOCUMENTS (DOC_ID,COL_MATRICULE,DOC_TITRE,DOC_RESUME,DOC_DATEDIFFUSION) VALUES (97,1611,'massa. Suspendisse eleifend. Cras','Lorem ipsum dolor sit amet, consectetuer adipiscing elit. Curabitur sed','27/10/2016');
INSERT INTO DOCUMENTS (DOC_ID,COL_MATRICULE,DOC_TITRE,DOC_RESUME,DOC_DATEDIFFUSION) VALUES (98,1663,'quam','Lorem','20/12/2016');
INSERT INTO DOCUMENTS (DOC_ID,COL_MATRICULE,DOC_TITRE,DOC_RESUME,DOC_DATEDIFFUSION) VALUES (99,1666,'dapibus ligula.','Lorem ipsum dolor sit amet, consectetuer','17/10/2016');
INSERT INTO DOCUMENTS (DOC_ID,COL_MATRICULE,DOC_TITRE,DOC_RESUME,DOC_DATEDIFFUSION) VALUES (100,1664,'nunc sed','Lorem ipsum dolor sit amet, consectetuer adipiscing elit.','16/09/2016');

-----------------------------------------------------------------OK
/* REFERERDOC */
/*
SELECT * FROM CDI10.DOCUMENTS;
SELECT * FROM CDI10.PROJETS;
INSERT INTO CONTACTS (DOC_ID,PROJET_CODE) VALUES (1,1601);
SELECT * FROM CDI10.CONTACTS;
*/
INSERT INTO REFERERDOC (DOC_ID,PROJET_CODE) VALUES (1,1659);
INSERT INTO REFERERDOC (DOC_ID,PROJET_CODE) VALUES (2,1697);
INSERT INTO REFERERDOC (DOC_ID,PROJET_CODE) VALUES (3,1694);
INSERT INTO REFERERDOC (DOC_ID,PROJET_CODE) VALUES (4,1610);
INSERT INTO REFERERDOC (DOC_ID,PROJET_CODE) VALUES (5,1625);
INSERT INTO REFERERDOC (DOC_ID,PROJET_CODE) VALUES (6,1643);
INSERT INTO REFERERDOC (DOC_ID,PROJET_CODE) VALUES (7,1608);
INSERT INTO REFERERDOC (DOC_ID,PROJET_CODE) VALUES (8,1624);
INSERT INTO REFERERDOC (DOC_ID,PROJET_CODE) VALUES (9,1648);
INSERT INTO REFERERDOC (DOC_ID,PROJET_CODE) VALUES (10,1650);
INSERT INTO REFERERDOC (DOC_ID,PROJET_CODE) VALUES (11,1668);
INSERT INTO REFERERDOC (DOC_ID,PROJET_CODE) VALUES (12,1631);
INSERT INTO REFERERDOC (DOC_ID,PROJET_CODE) VALUES (13,1683);
INSERT INTO REFERERDOC (DOC_ID,PROJET_CODE) VALUES (14,1607);
INSERT INTO REFERERDOC (DOC_ID,PROJET_CODE) VALUES (15,1690);
INSERT INTO REFERERDOC (DOC_ID,PROJET_CODE) VALUES (16,1601);
INSERT INTO REFERERDOC (DOC_ID,PROJET_CODE) VALUES (17,1686);
INSERT INTO REFERERDOC (DOC_ID,PROJET_CODE) VALUES (18,1617);
INSERT INTO REFERERDOC (DOC_ID,PROJET_CODE) VALUES (19,1607);
INSERT INTO REFERERDOC (DOC_ID,PROJET_CODE) VALUES (20,1625);
INSERT INTO REFERERDOC (DOC_ID,PROJET_CODE) VALUES (21,1664);
INSERT INTO REFERERDOC (DOC_ID,PROJET_CODE) VALUES (22,1662);
INSERT INTO REFERERDOC (DOC_ID,PROJET_CODE) VALUES (23,1676);
INSERT INTO REFERERDOC (DOC_ID,PROJET_CODE) VALUES (24,1680);
INSERT INTO REFERERDOC (DOC_ID,PROJET_CODE) VALUES (25,1623);
INSERT INTO REFERERDOC (DOC_ID,PROJET_CODE) VALUES (26,1682);
INSERT INTO REFERERDOC (DOC_ID,PROJET_CODE) VALUES (27,1615);
INSERT INTO REFERERDOC (DOC_ID,PROJET_CODE) VALUES (28,1628);
INSERT INTO REFERERDOC (DOC_ID,PROJET_CODE) VALUES (29,1600);
INSERT INTO REFERERDOC (DOC_ID,PROJET_CODE) VALUES (30,1613);
INSERT INTO REFERERDOC (DOC_ID,PROJET_CODE) VALUES (31,1604);
INSERT INTO REFERERDOC (DOC_ID,PROJET_CODE) VALUES (32,1639);
INSERT INTO REFERERDOC (DOC_ID,PROJET_CODE) VALUES (33,1617);
INSERT INTO REFERERDOC (DOC_ID,PROJET_CODE) VALUES (34,1693);
INSERT INTO REFERERDOC (DOC_ID,PROJET_CODE) VALUES (35,1657);
INSERT INTO REFERERDOC (DOC_ID,PROJET_CODE) VALUES (36,1654);
INSERT INTO REFERERDOC (DOC_ID,PROJET_CODE) VALUES (37,1641);
INSERT INTO REFERERDOC (DOC_ID,PROJET_CODE) VALUES (38,1607);
INSERT INTO REFERERDOC (DOC_ID,PROJET_CODE) VALUES (39,1630);
INSERT INTO REFERERDOC (DOC_ID,PROJET_CODE) VALUES (40,1641);
INSERT INTO REFERERDOC (DOC_ID,PROJET_CODE) VALUES (41,1693);
INSERT INTO REFERERDOC (DOC_ID,PROJET_CODE) VALUES (42,1620);
INSERT INTO REFERERDOC (DOC_ID,PROJET_CODE) VALUES (43,1610);
INSERT INTO REFERERDOC (DOC_ID,PROJET_CODE) VALUES (44,1627);
INSERT INTO REFERERDOC (DOC_ID,PROJET_CODE) VALUES (45,1645);
INSERT INTO REFERERDOC (DOC_ID,PROJET_CODE) VALUES (46,1611);
INSERT INTO REFERERDOC (DOC_ID,PROJET_CODE) VALUES (47,1660);
INSERT INTO REFERERDOC (DOC_ID,PROJET_CODE) VALUES (48,1655);
INSERT INTO REFERERDOC (DOC_ID,PROJET_CODE) VALUES (49,1603);
INSERT INTO REFERERDOC (DOC_ID,PROJET_CODE) VALUES (50,1609);
INSERT INTO REFERERDOC (DOC_ID,PROJET_CODE) VALUES (51,1637);
INSERT INTO REFERERDOC (DOC_ID,PROJET_CODE) VALUES (52,1624);
INSERT INTO REFERERDOC (DOC_ID,PROJET_CODE) VALUES (53,1641);
INSERT INTO REFERERDOC (DOC_ID,PROJET_CODE) VALUES (54,1636);
INSERT INTO REFERERDOC (DOC_ID,PROJET_CODE) VALUES (55,1684);
INSERT INTO REFERERDOC (DOC_ID,PROJET_CODE) VALUES (56,1680);
INSERT INTO REFERERDOC (DOC_ID,PROJET_CODE) VALUES (57,1677);
INSERT INTO REFERERDOC (DOC_ID,PROJET_CODE) VALUES (58,1614);
INSERT INTO REFERERDOC (DOC_ID,PROJET_CODE) VALUES (59,1658);
INSERT INTO REFERERDOC (DOC_ID,PROJET_CODE) VALUES (60,1611);
INSERT INTO REFERERDOC (DOC_ID,PROJET_CODE) VALUES (61,1650);
INSERT INTO REFERERDOC (DOC_ID,PROJET_CODE) VALUES (62,1676);
INSERT INTO REFERERDOC (DOC_ID,PROJET_CODE) VALUES (63,1657);
INSERT INTO REFERERDOC (DOC_ID,PROJET_CODE) VALUES (64,1618);
INSERT INTO REFERERDOC (DOC_ID,PROJET_CODE) VALUES (65,1621);
INSERT INTO REFERERDOC (DOC_ID,PROJET_CODE) VALUES (66,1685);
INSERT INTO REFERERDOC (DOC_ID,PROJET_CODE) VALUES (67,1625);
INSERT INTO REFERERDOC (DOC_ID,PROJET_CODE) VALUES (68,1687);
INSERT INTO REFERERDOC (DOC_ID,PROJET_CODE) VALUES (69,1692);
INSERT INTO REFERERDOC (DOC_ID,PROJET_CODE) VALUES (70,1623);
INSERT INTO REFERERDOC (DOC_ID,PROJET_CODE) VALUES (71,1694);
INSERT INTO REFERERDOC (DOC_ID,PROJET_CODE) VALUES (72,1625);
INSERT INTO REFERERDOC (DOC_ID,PROJET_CODE) VALUES (73,1672);
INSERT INTO REFERERDOC (DOC_ID,PROJET_CODE) VALUES (74,1654);
INSERT INTO REFERERDOC (DOC_ID,PROJET_CODE) VALUES (75,1675);
INSERT INTO REFERERDOC (DOC_ID,PROJET_CODE) VALUES (76,1688);
INSERT INTO REFERERDOC (DOC_ID,PROJET_CODE) VALUES (77,1617);
INSERT INTO REFERERDOC (DOC_ID,PROJET_CODE) VALUES (78,1643);
INSERT INTO REFERERDOC (DOC_ID,PROJET_CODE) VALUES (79,1692);
INSERT INTO REFERERDOC (DOC_ID,PROJET_CODE) VALUES (80,1656);
INSERT INTO REFERERDOC (DOC_ID,PROJET_CODE) VALUES (81,1622);
INSERT INTO REFERERDOC (DOC_ID,PROJET_CODE) VALUES (82,1694);
INSERT INTO REFERERDOC (DOC_ID,PROJET_CODE) VALUES (83,1628);
INSERT INTO REFERERDOC (DOC_ID,PROJET_CODE) VALUES (84,1663);
INSERT INTO REFERERDOC (DOC_ID,PROJET_CODE) VALUES (85,1677);
INSERT INTO REFERERDOC (DOC_ID,PROJET_CODE) VALUES (86,1665);
INSERT INTO REFERERDOC (DOC_ID,PROJET_CODE) VALUES (87,1606);
INSERT INTO REFERERDOC (DOC_ID,PROJET_CODE) VALUES (88,1679);
INSERT INTO REFERERDOC (DOC_ID,PROJET_CODE) VALUES (89,1640);
INSERT INTO REFERERDOC (DOC_ID,PROJET_CODE) VALUES (90,1635);
INSERT INTO REFERERDOC (DOC_ID,PROJET_CODE) VALUES (91,1690);
INSERT INTO REFERERDOC (DOC_ID,PROJET_CODE) VALUES (92,1611);
INSERT INTO REFERERDOC (DOC_ID,PROJET_CODE) VALUES (93,1690);
INSERT INTO REFERERDOC (DOC_ID,PROJET_CODE) VALUES (94,1646);
INSERT INTO REFERERDOC (DOC_ID,PROJET_CODE) VALUES (95,1680);
INSERT INTO REFERERDOC (DOC_ID,PROJET_CODE) VALUES (96,1677);
INSERT INTO REFERERDOC (DOC_ID,PROJET_CODE) VALUES (97,1694);
INSERT INTO REFERERDOC (DOC_ID,PROJET_CODE) VALUES (98,1636);
INSERT INTO REFERERDOC (DOC_ID,PROJET_CODE) VALUES (99,1666);
INSERT INTO REFERERDOC (DOC_ID,PROJET_CODE) VALUES (100,1693);

-----------------------------------------------------------------OK
/* PROCOMMENTER */
/*
SELECT * FROM CDI10.CLIENTS;
SELECT * FROM CDI10.COLLABORATEURS ORDER BY COL_MATRICULE;
SELECT * FROM CDI10.PROJETS;
ALTER SESSION SET NLS_DATE_FORMAT = 'YYYY/MM/DD HH24:MI:SS';
INSERT INTO PROCOMMENTER (CLI_NUMCLIENT,COL_MATRICULE,PROJET_CODE,COMPRO_COMPROJET,COMPRO_DATETIME) 
	VALUES (1601,1601,1601,'Que va devenir Arya ?','2016/08/02 15:23:45');
SELECT * FROM CDI10.PROCOMMENTER;
*/
INSERT INTO PROCOMMENTER (CLI_NUMCLIENT,COL_MATRICULE,PROJET_CODE,COMPRO_COMPROJET,COMPRO_DATETIME) VALUES (1606,1675,1658,'Lorem ipsum dolor sit amet, consectetuer','07/03/2016');
INSERT INTO PROCOMMENTER (CLI_NUMCLIENT,COL_MATRICULE,PROJET_CODE,COMPRO_COMPROJET,COMPRO_DATETIME) VALUES (1666,1660,1684,'Lorem ipsum dolor sit amet, consectetuer','21/07/2017');
INSERT INTO PROCOMMENTER (CLI_NUMCLIENT,COL_MATRICULE,PROJET_CODE,COMPRO_COMPROJET,COMPRO_DATETIME) VALUES (1678,1669,1657,'Lorem ipsum dolor sit amet, consectetuer','09/06/2016');
INSERT INTO PROCOMMENTER (CLI_NUMCLIENT,COL_MATRICULE,PROJET_CODE,COMPRO_COMPROJET,COMPRO_DATETIME) VALUES (1654,1680,1647,'Lorem ipsum dolor sit amet, consectetuer adipiscing elit.','18/05/2017');
INSERT INTO PROCOMMENTER (CLI_NUMCLIENT,COL_MATRICULE,PROJET_CODE,COMPRO_COMPROJET,COMPRO_DATETIME) VALUES (1674,1668,1603,'Lorem ipsum dolor sit amet, consectetuer adipiscing elit. Curabitur','03/07/2017');
INSERT INTO PROCOMMENTER (CLI_NUMCLIENT,COL_MATRICULE,PROJET_CODE,COMPRO_COMPROJET,COMPRO_DATETIME) VALUES (1609,1671,1654,'Lorem','19/01/2016');
INSERT INTO PROCOMMENTER (CLI_NUMCLIENT,COL_MATRICULE,PROJET_CODE,COMPRO_COMPROJET,COMPRO_DATETIME) VALUES (1654,1630,1664,'Lorem ipsum','25/01/2017');
INSERT INTO PROCOMMENTER (CLI_NUMCLIENT,COL_MATRICULE,PROJET_CODE,COMPRO_COMPROJET,COMPRO_DATETIME) VALUES (1610,1649,1612,'Lorem ipsum','09/03/2016');
INSERT INTO PROCOMMENTER (CLI_NUMCLIENT,COL_MATRICULE,PROJET_CODE,COMPRO_COMPROJET,COMPRO_DATETIME) VALUES (1636,1604,1678,'Lorem ipsum dolor sit amet,','08/09/2016');
INSERT INTO PROCOMMENTER (CLI_NUMCLIENT,COL_MATRICULE,PROJET_CODE,COMPRO_COMPROJET,COMPRO_DATETIME) VALUES (1697,1651,1616,'Lorem ipsum dolor sit amet, consectetuer adipiscing elit.','06/02/2017');
INSERT INTO PROCOMMENTER (CLI_NUMCLIENT,COL_MATRICULE,PROJET_CODE,COMPRO_COMPROJET,COMPRO_DATETIME) VALUES (1652,1687,1656,'Lorem ipsum dolor sit amet, consectetuer adipiscing elit. Curabitur','11/01/2016');
INSERT INTO PROCOMMENTER (CLI_NUMCLIENT,COL_MATRICULE,PROJET_CODE,COMPRO_COMPROJET,COMPRO_DATETIME) VALUES (1623,1661,1633,'Lorem ipsum dolor sit','24/07/2016');
INSERT INTO PROCOMMENTER (CLI_NUMCLIENT,COL_MATRICULE,PROJET_CODE,COMPRO_COMPROJET,COMPRO_DATETIME) VALUES (1697,1695,1658,'Lorem ipsum dolor sit','26/01/2016');
INSERT INTO PROCOMMENTER (CLI_NUMCLIENT,COL_MATRICULE,PROJET_CODE,COMPRO_COMPROJET,COMPRO_DATETIME) VALUES (1698,1693,1683,'Lorem ipsum dolor sit amet, consectetuer adipiscing elit. Curabitur sed','21/09/2016');
INSERT INTO PROCOMMENTER (CLI_NUMCLIENT,COL_MATRICULE,PROJET_CODE,COMPRO_COMPROJET,COMPRO_DATETIME) VALUES (1631,1679,1650,'Lorem ipsum dolor sit','14/05/2017');
INSERT INTO PROCOMMENTER (CLI_NUMCLIENT,COL_MATRICULE,PROJET_CODE,COMPRO_COMPROJET,COMPRO_DATETIME) VALUES (1665,1667,1689,'Lorem ipsum dolor sit amet, consectetuer adipiscing elit.','29/07/2017');
INSERT INTO PROCOMMENTER (CLI_NUMCLIENT,COL_MATRICULE,PROJET_CODE,COMPRO_COMPROJET,COMPRO_DATETIME) VALUES (1693,1621,1600,'Lorem ipsum','15/06/2016');
INSERT INTO PROCOMMENTER (CLI_NUMCLIENT,COL_MATRICULE,PROJET_CODE,COMPRO_COMPROJET,COMPRO_DATETIME) VALUES (1623,1677,1663,'Lorem ipsum dolor sit amet, consectetuer adipiscing elit. Curabitur','01/06/2016');
INSERT INTO PROCOMMENTER (CLI_NUMCLIENT,COL_MATRICULE,PROJET_CODE,COMPRO_COMPROJET,COMPRO_DATETIME) VALUES (1679,1680,1604,'Lorem ipsum dolor sit amet, consectetuer','23/03/2016');
INSERT INTO PROCOMMENTER (CLI_NUMCLIENT,COL_MATRICULE,PROJET_CODE,COMPRO_COMPROJET,COMPRO_DATETIME) VALUES (1613,1648,1601,'Lorem ipsum','02/10/2016');
INSERT INTO PROCOMMENTER (CLI_NUMCLIENT,COL_MATRICULE,PROJET_CODE,COMPRO_COMPROJET,COMPRO_DATETIME) VALUES (1601,1605,1619,'Lorem ipsum dolor sit','01/02/2016');
INSERT INTO PROCOMMENTER (CLI_NUMCLIENT,COL_MATRICULE,PROJET_CODE,COMPRO_COMPROJET,COMPRO_DATETIME) VALUES (1643,1609,1636,'Lorem ipsum dolor sit amet, consectetuer adipiscing elit. Curabitur','05/01/2016');
INSERT INTO PROCOMMENTER (CLI_NUMCLIENT,COL_MATRICULE,PROJET_CODE,COMPRO_COMPROJET,COMPRO_DATETIME) VALUES (1695,1676,1673,'Lorem ipsum dolor sit','08/04/2016');
INSERT INTO PROCOMMENTER (CLI_NUMCLIENT,COL_MATRICULE,PROJET_CODE,COMPRO_COMPROJET,COMPRO_DATETIME) VALUES (1674,1650,1639,'Lorem ipsum','22/07/2017');
INSERT INTO PROCOMMENTER (CLI_NUMCLIENT,COL_MATRICULE,PROJET_CODE,COMPRO_COMPROJET,COMPRO_DATETIME) VALUES (1688,1630,1601,'Lorem ipsum dolor sit amet, consectetuer','27/02/2017');
INSERT INTO PROCOMMENTER (CLI_NUMCLIENT,COL_MATRICULE,PROJET_CODE,COMPRO_COMPROJET,COMPRO_DATETIME) VALUES (1637,1604,1659,'Lorem ipsum dolor sit','04/12/2016');
INSERT INTO PROCOMMENTER (CLI_NUMCLIENT,COL_MATRICULE,PROJET_CODE,COMPRO_COMPROJET,COMPRO_DATETIME) VALUES (1655,1653,1636,'Lorem ipsum dolor sit amet,','04/04/2017');
INSERT INTO PROCOMMENTER (CLI_NUMCLIENT,COL_MATRICULE,PROJET_CODE,COMPRO_COMPROJET,COMPRO_DATETIME) VALUES (1649,1600,1677,'Lorem ipsum dolor sit','28/03/2017');
INSERT INTO PROCOMMENTER (CLI_NUMCLIENT,COL_MATRICULE,PROJET_CODE,COMPRO_COMPROJET,COMPRO_DATETIME) VALUES (1671,1629,1694,'Lorem ipsum dolor','19/01/2016');
INSERT INTO PROCOMMENTER (CLI_NUMCLIENT,COL_MATRICULE,PROJET_CODE,COMPRO_COMPROJET,COMPRO_DATETIME) VALUES (1630,1670,1676,'Lorem ipsum dolor sit amet,','04/06/2016');
INSERT INTO PROCOMMENTER (CLI_NUMCLIENT,COL_MATRICULE,PROJET_CODE,COMPRO_COMPROJET,COMPRO_DATETIME) VALUES (1676,1604,1638,'Lorem ipsum dolor sit amet,','02/06/2016');
INSERT INTO PROCOMMENTER (CLI_NUMCLIENT,COL_MATRICULE,PROJET_CODE,COMPRO_COMPROJET,COMPRO_DATETIME) VALUES (1626,1681,1621,'Lorem ipsum dolor sit amet,','01/05/2017');
INSERT INTO PROCOMMENTER (CLI_NUMCLIENT,COL_MATRICULE,PROJET_CODE,COMPRO_COMPROJET,COMPRO_DATETIME) VALUES (1662,1637,1619,'Lorem ipsum dolor sit amet, consectetuer adipiscing elit.','24/01/2017');
INSERT INTO PROCOMMENTER (CLI_NUMCLIENT,COL_MATRICULE,PROJET_CODE,COMPRO_COMPROJET,COMPRO_DATETIME) VALUES (1627,1635,1628,'Lorem ipsum','25/07/2016');
INSERT INTO PROCOMMENTER (CLI_NUMCLIENT,COL_MATRICULE,PROJET_CODE,COMPRO_COMPROJET,COMPRO_DATETIME) VALUES (1680,1612,1661,'Lorem ipsum dolor sit amet,','28/07/2016');
INSERT INTO PROCOMMENTER (CLI_NUMCLIENT,COL_MATRICULE,PROJET_CODE,COMPRO_COMPROJET,COMPRO_DATETIME) VALUES (1604,1620,1692,'Lorem ipsum dolor sit amet,','20/12/2016');
INSERT INTO PROCOMMENTER (CLI_NUMCLIENT,COL_MATRICULE,PROJET_CODE,COMPRO_COMPROJET,COMPRO_DATETIME) VALUES (1631,1643,1657,'Lorem ipsum dolor sit amet, consectetuer adipiscing','26/12/2016');
INSERT INTO PROCOMMENTER (CLI_NUMCLIENT,COL_MATRICULE,PROJET_CODE,COMPRO_COMPROJET,COMPRO_DATETIME) VALUES (1663,1673,1686,'Lorem ipsum dolor sit amet, consectetuer adipiscing elit. Curabitur','19/02/2017');
INSERT INTO PROCOMMENTER (CLI_NUMCLIENT,COL_MATRICULE,PROJET_CODE,COMPRO_COMPROJET,COMPRO_DATETIME) VALUES (1615,1663,1606,'Lorem ipsum dolor sit amet, consectetuer adipiscing elit.','16/04/2017');
INSERT INTO PROCOMMENTER (CLI_NUMCLIENT,COL_MATRICULE,PROJET_CODE,COMPRO_COMPROJET,COMPRO_DATETIME) VALUES (1656,1680,1654,'Lorem ipsum dolor sit amet, consectetuer adipiscing elit. Curabitur sed','23/07/2017');
INSERT INTO PROCOMMENTER (CLI_NUMCLIENT,COL_MATRICULE,PROJET_CODE,COMPRO_COMPROJET,COMPRO_DATETIME) VALUES (1636,1645,1619,'Lorem ipsum dolor sit','25/06/2016');
INSERT INTO PROCOMMENTER (CLI_NUMCLIENT,COL_MATRICULE,PROJET_CODE,COMPRO_COMPROJET,COMPRO_DATETIME) VALUES (1666,1637,1653,'Lorem ipsum dolor sit amet, consectetuer adipiscing','22/03/2016');
INSERT INTO PROCOMMENTER (CLI_NUMCLIENT,COL_MATRICULE,PROJET_CODE,COMPRO_COMPROJET,COMPRO_DATETIME) VALUES (1693,1634,1649,'Lorem ipsum dolor sit amet, consectetuer adipiscing elit.','07/06/2016');
INSERT INTO PROCOMMENTER (CLI_NUMCLIENT,COL_MATRICULE,PROJET_CODE,COMPRO_COMPROJET,COMPRO_DATETIME) VALUES (1609,1689,1641,'Lorem ipsum dolor sit amet, consectetuer adipiscing elit. Curabitur sed','28/04/2017');
INSERT INTO PROCOMMENTER (CLI_NUMCLIENT,COL_MATRICULE,PROJET_CODE,COMPRO_COMPROJET,COMPRO_DATETIME) VALUES (1652,1695,1614,'Lorem','27/04/2016');
INSERT INTO PROCOMMENTER (CLI_NUMCLIENT,COL_MATRICULE,PROJET_CODE,COMPRO_COMPROJET,COMPRO_DATETIME) VALUES (1626,1630,1665,'Lorem ipsum dolor','04/09/2016');
INSERT INTO PROCOMMENTER (CLI_NUMCLIENT,COL_MATRICULE,PROJET_CODE,COMPRO_COMPROJET,COMPRO_DATETIME) VALUES (1625,1644,1636,'Lorem','26/08/2016');
INSERT INTO PROCOMMENTER (CLI_NUMCLIENT,COL_MATRICULE,PROJET_CODE,COMPRO_COMPROJET,COMPRO_DATETIME) VALUES (1612,1625,1624,'Lorem ipsum dolor','31/03/2016');
INSERT INTO PROCOMMENTER (CLI_NUMCLIENT,COL_MATRICULE,PROJET_CODE,COMPRO_COMPROJET,COMPRO_DATETIME) VALUES (1696,1655,1665,'Lorem ipsum dolor sit amet, consectetuer adipiscing','03/04/2016');
INSERT INTO PROCOMMENTER (CLI_NUMCLIENT,COL_MATRICULE,PROJET_CODE,COMPRO_COMPROJET,COMPRO_DATETIME) VALUES (1629,1672,1682,'Lorem','29/09/2016');
INSERT INTO PROCOMMENTER (CLI_NUMCLIENT,COL_MATRICULE,PROJET_CODE,COMPRO_COMPROJET,COMPRO_DATETIME) VALUES (1648,1649,1641,'Lorem ipsum dolor sit','24/04/2017');
INSERT INTO PROCOMMENTER (CLI_NUMCLIENT,COL_MATRICULE,PROJET_CODE,COMPRO_COMPROJET,COMPRO_DATETIME) VALUES (1607,1617,1698,'Lorem ipsum dolor sit amet, consectetuer adipiscing elit. Curabitur','24/10/2016');
INSERT INTO PROCOMMENTER (CLI_NUMCLIENT,COL_MATRICULE,PROJET_CODE,COMPRO_COMPROJET,COMPRO_DATETIME) VALUES (1664,1611,1613,'Lorem ipsum dolor sit','04/02/2016');
INSERT INTO PROCOMMENTER (CLI_NUMCLIENT,COL_MATRICULE,PROJET_CODE,COMPRO_COMPROJET,COMPRO_DATETIME) VALUES (1688,1653,1686,'Lorem ipsum dolor sit amet, consectetuer adipiscing elit.','18/12/2016');
INSERT INTO PROCOMMENTER (CLI_NUMCLIENT,COL_MATRICULE,PROJET_CODE,COMPRO_COMPROJET,COMPRO_DATETIME) VALUES (1686,1634,1600,'Lorem ipsum dolor sit amet, consectetuer adipiscing elit. Curabitur sed','06/04/2016');
INSERT INTO PROCOMMENTER (CLI_NUMCLIENT,COL_MATRICULE,PROJET_CODE,COMPRO_COMPROJET,COMPRO_DATETIME) VALUES (1635,1631,1649,'Lorem ipsum','06/06/2016');
INSERT INTO PROCOMMENTER (CLI_NUMCLIENT,COL_MATRICULE,PROJET_CODE,COMPRO_COMPROJET,COMPRO_DATETIME) VALUES (1650,1625,1633,'Lorem ipsum dolor sit amet, consectetuer','13/08/2016');
INSERT INTO PROCOMMENTER (CLI_NUMCLIENT,COL_MATRICULE,PROJET_CODE,COMPRO_COMPROJET,COMPRO_DATETIME) VALUES (1656,1670,1674,'Lorem ipsum dolor sit amet, consectetuer','03/01/2016');
INSERT INTO PROCOMMENTER (CLI_NUMCLIENT,COL_MATRICULE,PROJET_CODE,COMPRO_COMPROJET,COMPRO_DATETIME) VALUES (1638,1617,1658,'Lorem ipsum dolor sit amet, consectetuer adipiscing elit.','07/11/2016');
INSERT INTO PROCOMMENTER (CLI_NUMCLIENT,COL_MATRICULE,PROJET_CODE,COMPRO_COMPROJET,COMPRO_DATETIME) VALUES (1642,1669,1698,'Lorem','12/12/2016');
INSERT INTO PROCOMMENTER (CLI_NUMCLIENT,COL_MATRICULE,PROJET_CODE,COMPRO_COMPROJET,COMPRO_DATETIME) VALUES (1697,1647,1675,'Lorem ipsum dolor sit amet, consectetuer adipiscing elit.','29/12/2016');
INSERT INTO PROCOMMENTER (CLI_NUMCLIENT,COL_MATRICULE,PROJET_CODE,COMPRO_COMPROJET,COMPRO_DATETIME) VALUES (1691,1699,1628,'Lorem ipsum dolor sit amet, consectetuer adipiscing elit. Curabitur sed','22/03/2016');
INSERT INTO PROCOMMENTER (CLI_NUMCLIENT,COL_MATRICULE,PROJET_CODE,COMPRO_COMPROJET,COMPRO_DATETIME) VALUES (1669,1620,1623,'Lorem ipsum','11/03/2017');
INSERT INTO PROCOMMENTER (CLI_NUMCLIENT,COL_MATRICULE,PROJET_CODE,COMPRO_COMPROJET,COMPRO_DATETIME) VALUES (1662,1653,1608,'Lorem ipsum dolor sit amet, consectetuer','18/03/2016');
INSERT INTO PROCOMMENTER (CLI_NUMCLIENT,COL_MATRICULE,PROJET_CODE,COMPRO_COMPROJET,COMPRO_DATETIME) VALUES (1679,1664,1669,'Lorem ipsum dolor sit amet, consectetuer adipiscing','11/07/2017');
INSERT INTO PROCOMMENTER (CLI_NUMCLIENT,COL_MATRICULE,PROJET_CODE,COMPRO_COMPROJET,COMPRO_DATETIME) VALUES (1614,1636,1659,'Lorem ipsum dolor sit','22/02/2017');
INSERT INTO PROCOMMENTER (CLI_NUMCLIENT,COL_MATRICULE,PROJET_CODE,COMPRO_COMPROJET,COMPRO_DATETIME) VALUES (1624,1642,1681,'Lorem ipsum dolor sit amet, consectetuer adipiscing elit. Curabitur sed','01/03/2017');
INSERT INTO PROCOMMENTER (CLI_NUMCLIENT,COL_MATRICULE,PROJET_CODE,COMPRO_COMPROJET,COMPRO_DATETIME) VALUES (1665,1616,1680,'Lorem ipsum dolor sit amet, consectetuer adipiscing elit. Curabitur','02/05/2017');
INSERT INTO PROCOMMENTER (CLI_NUMCLIENT,COL_MATRICULE,PROJET_CODE,COMPRO_COMPROJET,COMPRO_DATETIME) VALUES (1666,1697,1602,'Lorem ipsum dolor sit amet, consectetuer adipiscing elit. Curabitur sed','23/02/2017');
INSERT INTO PROCOMMENTER (CLI_NUMCLIENT,COL_MATRICULE,PROJET_CODE,COMPRO_COMPROJET,COMPRO_DATETIME) VALUES (1689,1629,1600,'Lorem ipsum dolor sit amet,','28/04/2017');
INSERT INTO PROCOMMENTER (CLI_NUMCLIENT,COL_MATRICULE,PROJET_CODE,COMPRO_COMPROJET,COMPRO_DATETIME) VALUES (1648,1676,1627,'Lorem ipsum dolor sit amet, consectetuer adipiscing elit.','10/03/2017');
INSERT INTO PROCOMMENTER (CLI_NUMCLIENT,COL_MATRICULE,PROJET_CODE,COMPRO_COMPROJET,COMPRO_DATETIME) VALUES (1629,1665,1679,'Lorem ipsum dolor sit amet, consectetuer adipiscing','03/03/2017');
INSERT INTO PROCOMMENTER (CLI_NUMCLIENT,COL_MATRICULE,PROJET_CODE,COMPRO_COMPROJET,COMPRO_DATETIME) VALUES (1698,1601,1645,'Lorem ipsum dolor sit amet, consectetuer adipiscing elit. Curabitur','25/09/2016');
INSERT INTO PROCOMMENTER (CLI_NUMCLIENT,COL_MATRICULE,PROJET_CODE,COMPRO_COMPROJET,COMPRO_DATETIME) VALUES (1624,1660,1644,'Lorem ipsum dolor sit amet, consectetuer adipiscing','12/06/2017');
INSERT INTO PROCOMMENTER (CLI_NUMCLIENT,COL_MATRICULE,PROJET_CODE,COMPRO_COMPROJET,COMPRO_DATETIME) VALUES (1666,1648,1612,'Lorem ipsum dolor sit amet, consectetuer','03/07/2016');
INSERT INTO PROCOMMENTER (CLI_NUMCLIENT,COL_MATRICULE,PROJET_CODE,COMPRO_COMPROJET,COMPRO_DATETIME) VALUES (1668,1666,1659,'Lorem','13/07/2016');
INSERT INTO PROCOMMENTER (CLI_NUMCLIENT,COL_MATRICULE,PROJET_CODE,COMPRO_COMPROJET,COMPRO_DATETIME) VALUES (1662,1619,1616,'Lorem ipsum dolor sit','01/10/2016');
INSERT INTO PROCOMMENTER (CLI_NUMCLIENT,COL_MATRICULE,PROJET_CODE,COMPRO_COMPROJET,COMPRO_DATETIME) VALUES (1646,1622,1605,'Lorem ipsum dolor','21/05/2017');
INSERT INTO PROCOMMENTER (CLI_NUMCLIENT,COL_MATRICULE,PROJET_CODE,COMPRO_COMPROJET,COMPRO_DATETIME) VALUES (1664,1623,1637,'Lorem ipsum dolor sit amet,','17/06/2016');
INSERT INTO PROCOMMENTER (CLI_NUMCLIENT,COL_MATRICULE,PROJET_CODE,COMPRO_COMPROJET,COMPRO_DATETIME) VALUES (1638,1613,1606,'Lorem ipsum','23/05/2017');
INSERT INTO PROCOMMENTER (CLI_NUMCLIENT,COL_MATRICULE,PROJET_CODE,COMPRO_COMPROJET,COMPRO_DATETIME) VALUES (1636,1621,1627,'Lorem ipsum dolor sit amet, consectetuer adipiscing elit.','03/03/2016');
INSERT INTO PROCOMMENTER (CLI_NUMCLIENT,COL_MATRICULE,PROJET_CODE,COMPRO_COMPROJET,COMPRO_DATETIME) VALUES (1615,1697,1621,'Lorem ipsum dolor sit amet, consectetuer adipiscing elit. Curabitur sed','10/05/2016');
INSERT INTO PROCOMMENTER (CLI_NUMCLIENT,COL_MATRICULE,PROJET_CODE,COMPRO_COMPROJET,COMPRO_DATETIME) VALUES (1635,1637,1681,'Lorem ipsum dolor sit amet,','03/04/2017');
INSERT INTO PROCOMMENTER (CLI_NUMCLIENT,COL_MATRICULE,PROJET_CODE,COMPRO_COMPROJET,COMPRO_DATETIME) VALUES (1635,1617,1606,'Lorem ipsum dolor sit','25/06/2016');
INSERT INTO PROCOMMENTER (CLI_NUMCLIENT,COL_MATRICULE,PROJET_CODE,COMPRO_COMPROJET,COMPRO_DATETIME) VALUES (1622,1632,1668,'Lorem ipsum dolor','02/07/2017');
INSERT INTO PROCOMMENTER (CLI_NUMCLIENT,COL_MATRICULE,PROJET_CODE,COMPRO_COMPROJET,COMPRO_DATETIME) VALUES (1628,1612,1648,'Lorem ipsum dolor sit amet, consectetuer','22/12/2016');
INSERT INTO PROCOMMENTER (CLI_NUMCLIENT,COL_MATRICULE,PROJET_CODE,COMPRO_COMPROJET,COMPRO_DATETIME) VALUES (1618,1699,1698,'Lorem ipsum','11/03/2017');
INSERT INTO PROCOMMENTER (CLI_NUMCLIENT,COL_MATRICULE,PROJET_CODE,COMPRO_COMPROJET,COMPRO_DATETIME) VALUES (1611,1676,1642,'Lorem ipsum dolor sit amet, consectetuer','21/01/2017');
INSERT INTO PROCOMMENTER (CLI_NUMCLIENT,COL_MATRICULE,PROJET_CODE,COMPRO_COMPROJET,COMPRO_DATETIME) VALUES (1668,1633,1602,'Lorem ipsum dolor sit amet, consectetuer adipiscing elit. Curabitur','28/01/2017');
INSERT INTO PROCOMMENTER (CLI_NUMCLIENT,COL_MATRICULE,PROJET_CODE,COMPRO_COMPROJET,COMPRO_DATETIME) VALUES (1623,1632,1698,'Lorem ipsum dolor sit amet, consectetuer adipiscing elit. Curabitur','08/08/2016');
INSERT INTO PROCOMMENTER (CLI_NUMCLIENT,COL_MATRICULE,PROJET_CODE,COMPRO_COMPROJET,COMPRO_DATETIME) VALUES (1642,1630,1664,'Lorem ipsum dolor','23/07/2016');
INSERT INTO PROCOMMENTER (CLI_NUMCLIENT,COL_MATRICULE,PROJET_CODE,COMPRO_COMPROJET,COMPRO_DATETIME) VALUES (1651,1649,1670,'Lorem ipsum dolor','13/03/2016');
INSERT INTO PROCOMMENTER (CLI_NUMCLIENT,COL_MATRICULE,PROJET_CODE,COMPRO_COMPROJET,COMPRO_DATETIME) VALUES (1619,1666,1657,'Lorem ipsum dolor sit amet, consectetuer','20/04/2017');
INSERT INTO PROCOMMENTER (CLI_NUMCLIENT,COL_MATRICULE,PROJET_CODE,COMPRO_COMPROJET,COMPRO_DATETIME) VALUES (1600,1629,1651,'Lorem','17/07/2017');
INSERT INTO PROCOMMENTER (CLI_NUMCLIENT,COL_MATRICULE,PROJET_CODE,COMPRO_COMPROJET,COMPRO_DATETIME) VALUES (1631,1618,1602,'Lorem ipsum dolor sit amet, consectetuer adipiscing elit.','03/01/2017');
INSERT INTO PROCOMMENTER (CLI_NUMCLIENT,COL_MATRICULE,PROJET_CODE,COMPRO_COMPROJET,COMPRO_DATETIME) VALUES (1625,1675,1611,'Lorem ipsum dolor','20/06/2017');
INSERT INTO PROCOMMENTER (CLI_NUMCLIENT,COL_MATRICULE,PROJET_CODE,COMPRO_COMPROJET,COMPRO_DATETIME) VALUES (1659,1682,1648,'Lorem ipsum dolor sit amet,','29/11/2016');
INSERT INTO PROCOMMENTER (CLI_NUMCLIENT,COL_MATRICULE,PROJET_CODE,COMPRO_COMPROJET,COMPRO_DATETIME) VALUES (1600,1668,1673,'Lorem ipsum dolor sit amet, consectetuer adipiscing','23/06/2016');
INSERT INTO PROCOMMENTER (CLI_NUMCLIENT,COL_MATRICULE,PROJET_CODE,COMPRO_COMPROJET,COMPRO_DATETIME) VALUES (1662,1661,1637,'Lorem ipsum dolor sit amet, consectetuer adipiscing','23/01/2016');
INSERT INTO PROCOMMENTER (CLI_NUMCLIENT,COL_MATRICULE,PROJET_CODE,COMPRO_COMPROJET,COMPRO_DATETIME) VALUES (1678,1604,1692,'Lorem ipsum dolor','10/11/2016');

-----------------------------------------------------------------OK
/* LIBETAPES */
/*
INSERT INTO LIBETAPES (STEP_LIBELLE) VALUES ('ETUDES');
-- Section pouvant etre alimenté pour jeu d'essai !
SELECT * FROM CDI10.LIBETAPES;
*/
INSERT INTO LIBETAPES (STEP_LIBELLE) VALUES ('id,');
INSERT INTO LIBETAPES (STEP_LIBELLE) VALUES ('arcu ac');
INSERT INTO LIBETAPES (STEP_LIBELLE) VALUES ('Vestibulum ut');
INSERT INTO LIBETAPES (STEP_LIBELLE) VALUES ('tellus justo');
INSERT INTO LIBETAPES (STEP_LIBELLE) VALUES ('ipsum dolor');
INSERT INTO LIBETAPES (STEP_LIBELLE) VALUES ('consequat nec,');
INSERT INTO LIBETAPES (STEP_LIBELLE) VALUES ('sed,');
INSERT INTO LIBETAPES (STEP_LIBELLE) VALUES ('ac');
INSERT INTO LIBETAPES (STEP_LIBELLE) VALUES ('tincidunt');
INSERT INTO LIBETAPES (STEP_LIBELLE) VALUES ('accumsan');
INSERT INTO LIBETAPES (STEP_LIBELLE) VALUES ('auctor');
INSERT INTO LIBETAPES (STEP_LIBELLE) VALUES ('odio.');
INSERT INTO LIBETAPES (STEP_LIBELLE) VALUES ('dignissim. Maecenas');
INSERT INTO LIBETAPES (STEP_LIBELLE) VALUES ('dui nec');
INSERT INTO LIBETAPES (STEP_LIBELLE) VALUES ('ac mattis');
INSERT INTO LIBETAPES (STEP_LIBELLE) VALUES ('mi tempor');
INSERT INTO LIBETAPES (STEP_LIBELLE) VALUES ('interdum. Sed');
INSERT INTO LIBETAPES (STEP_LIBELLE) VALUES ('Sed');
INSERT INTO LIBETAPES (STEP_LIBELLE) VALUES ('auctor velit.');
INSERT INTO LIBETAPES (STEP_LIBELLE) VALUES ('sed');
INSERT INTO LIBETAPES (STEP_LIBELLE) VALUES ('eu sem.');
INSERT INTO LIBETAPES (STEP_LIBELLE) VALUES ('ut,');
INSERT INTO LIBETAPES (STEP_LIBELLE) VALUES ('eu erat');
INSERT INTO LIBETAPES (STEP_LIBELLE) VALUES ('fermentum vel,');
INSERT INTO LIBETAPES (STEP_LIBELLE) VALUES ('lectus.');
INSERT INTO LIBETAPES (STEP_LIBELLE) VALUES ('rutrum');
INSERT INTO LIBETAPES (STEP_LIBELLE) VALUES ('neque');
INSERT INTO LIBETAPES (STEP_LIBELLE) VALUES ('torquent');
INSERT INTO LIBETAPES (STEP_LIBELLE) VALUES ('metus. Vivamus');
INSERT INTO LIBETAPES (STEP_LIBELLE) VALUES ('ac arcu.');
INSERT INTO LIBETAPES (STEP_LIBELLE) VALUES ('commodo');
INSERT INTO LIBETAPES (STEP_LIBELLE) VALUES ('arcu et');
INSERT INTO LIBETAPES (STEP_LIBELLE) VALUES ('rutrum urna,');
INSERT INTO LIBETAPES (STEP_LIBELLE) VALUES ('mauris');
INSERT INTO LIBETAPES (STEP_LIBELLE) VALUES ('suscipit, est');
INSERT INTO LIBETAPES (STEP_LIBELLE) VALUES ('Ut tincidunt');
INSERT INTO LIBETAPES (STEP_LIBELLE) VALUES ('neque. Morbi');
INSERT INTO LIBETAPES (STEP_LIBELLE) VALUES ('ridiculus');
INSERT INTO LIBETAPES (STEP_LIBELLE) VALUES ('et, magna.');
INSERT INTO LIBETAPES (STEP_LIBELLE) VALUES ('ante.');
INSERT INTO LIBETAPES (STEP_LIBELLE) VALUES ('ut,');
INSERT INTO LIBETAPES (STEP_LIBELLE) VALUES ('urna');
INSERT INTO LIBETAPES (STEP_LIBELLE) VALUES ('sit amet');
INSERT INTO LIBETAPES (STEP_LIBELLE) VALUES ('Maecenas');
INSERT INTO LIBETAPES (STEP_LIBELLE) VALUES ('Aliquam adipiscing');
INSERT INTO LIBETAPES (STEP_LIBELLE) VALUES ('Cras eu');
INSERT INTO LIBETAPES (STEP_LIBELLE) VALUES ('taciti sociosqu');
INSERT INTO LIBETAPES (STEP_LIBELLE) VALUES ('purus,');
INSERT INTO LIBETAPES (STEP_LIBELLE) VALUES ('Cras vehicula');
INSERT INTO LIBETAPES (STEP_LIBELLE) VALUES ('imperdiet ullamcorper.');
INSERT INTO LIBETAPES (STEP_LIBELLE) VALUES ('lacus.');
INSERT INTO LIBETAPES (STEP_LIBELLE) VALUES ('Cras');
INSERT INTO LIBETAPES (STEP_LIBELLE) VALUES ('sit amet');
INSERT INTO LIBETAPES (STEP_LIBELLE) VALUES ('commodo at,');
INSERT INTO LIBETAPES (STEP_LIBELLE) VALUES ('consequat');
INSERT INTO LIBETAPES (STEP_LIBELLE) VALUES ('ipsum.');
INSERT INTO LIBETAPES (STEP_LIBELLE) VALUES ('mollis dui,');
INSERT INTO LIBETAPES (STEP_LIBELLE) VALUES ('massa. Quisque');
INSERT INTO LIBETAPES (STEP_LIBELLE) VALUES ('non,');
INSERT INTO LIBETAPES (STEP_LIBELLE) VALUES ('semper');
INSERT INTO LIBETAPES (STEP_LIBELLE) VALUES ('vitae nibh.');
INSERT INTO LIBETAPES (STEP_LIBELLE) VALUES ('rutrum eu,');
INSERT INTO LIBETAPES (STEP_LIBELLE) VALUES ('facilisis lorem');
INSERT INTO LIBETAPES (STEP_LIBELLE) VALUES ('vitae velit');
INSERT INTO LIBETAPES (STEP_LIBELLE) VALUES ('mauris.');
INSERT INTO LIBETAPES (STEP_LIBELLE) VALUES ('sociis');
INSERT INTO LIBETAPES (STEP_LIBELLE) VALUES ('amet nulla.');
INSERT INTO LIBETAPES (STEP_LIBELLE) VALUES ('euismod ac,');
INSERT INTO LIBETAPES (STEP_LIBELLE) VALUES ('facilisis vitae,');
INSERT INTO LIBETAPES (STEP_LIBELLE) VALUES ('dolor dapibus');
INSERT INTO LIBETAPES (STEP_LIBELLE) VALUES ('aliquam');
INSERT INTO LIBETAPES (STEP_LIBELLE) VALUES ('facilisis lorem');
INSERT INTO LIBETAPES (STEP_LIBELLE) VALUES ('sit amet,');
INSERT INTO LIBETAPES (STEP_LIBELLE) VALUES ('eget, volutpat');
INSERT INTO LIBETAPES (STEP_LIBELLE) VALUES ('enim.');
INSERT INTO LIBETAPES (STEP_LIBELLE) VALUES ('risus. Duis');
INSERT INTO LIBETAPES (STEP_LIBELLE) VALUES ('Donec');
INSERT INTO LIBETAPES (STEP_LIBELLE) VALUES ('ipsum cursus');
INSERT INTO LIBETAPES (STEP_LIBELLE) VALUES ('dictum magna.');
INSERT INTO LIBETAPES (STEP_LIBELLE) VALUES ('Sed nec');
INSERT INTO LIBETAPES (STEP_LIBELLE) VALUES ('ac,');
INSERT INTO LIBETAPES (STEP_LIBELLE) VALUES ('Aliquam');
INSERT INTO LIBETAPES (STEP_LIBELLE) VALUES ('Mauris molestie');
INSERT INTO LIBETAPES (STEP_LIBELLE) VALUES ('iaculis, lacus');
INSERT INTO LIBETAPES (STEP_LIBELLE) VALUES ('dignissim magna');
INSERT INTO LIBETAPES (STEP_LIBELLE) VALUES ('Morbi accumsan');
INSERT INTO LIBETAPES (STEP_LIBELLE) VALUES ('cursus non,');
INSERT INTO LIBETAPES (STEP_LIBELLE) VALUES ('parturient');
INSERT INTO LIBETAPES (STEP_LIBELLE) VALUES ('fringilla');
INSERT INTO LIBETAPES (STEP_LIBELLE) VALUES ('Phasellus');
INSERT INTO LIBETAPES (STEP_LIBELLE) VALUES ('ridiculus mus.');
INSERT INTO LIBETAPES (STEP_LIBELLE) VALUES ('odio');
INSERT INTO LIBETAPES (STEP_LIBELLE) VALUES ('Fusce');
INSERT INTO LIBETAPES (STEP_LIBELLE) VALUES ('feugiat non,');
INSERT INTO LIBETAPES (STEP_LIBELLE) VALUES ('Sed eget');
INSERT INTO LIBETAPES (STEP_LIBELLE) VALUES ('eget ipsum.');
INSERT INTO LIBETAPES (STEP_LIBELLE) VALUES ('nulla.');
INSERT INTO LIBETAPES (STEP_LIBELLE) VALUES ('habitant');
INSERT INTO LIBETAPES (STEP_LIBELLE) VALUES ('Phasellus');
INSERT INTO LIBETAPES (STEP_LIBELLE) VALUES ('enim mi');

-----------------------------------------------------------------OK
/* ETAPES */
/*
SELECT * FROM CDI10.LIBETAPES;
SELECT * FROM CDI10.PROJETS;
ALTER SESSION SET NLS_DATE_FORMAT = 'YYYY/MM/DD HH24:MI:SS';
INSERT INTO ETAPES (STEP_ID,PROJET_CODE,CHARGE_ESTIMEEINITIAL,CHARGE_DATEDEBUT) 
	VALUES (1,1601,11,'2016/08/02 10:00:00');
UPDATE ETAPES SET CHARGE_REELLESPROD = 12, CHARGE_DATEFIN = '2016/08/04 15:23:45', CHARGE_VALIDATION = 12 WHERE CHARGE_NUMLOT = 160101;
SELECT * FROM CDI10.ETAPES;
*/
INSERT INTO ETAPES (STEP_ID,PROJET_CODE,CHARGE_ESTIMEEINITIAL,CHARGE_DATEDEBUT) VALUES (1,1691,29,'29/09/2016');
INSERT INTO ETAPES (STEP_ID,PROJET_CODE,CHARGE_ESTIMEEINITIAL,CHARGE_DATEDEBUT) VALUES (2,1643,93,'14/02/2017');
INSERT INTO ETAPES (STEP_ID,PROJET_CODE,CHARGE_ESTIMEEINITIAL,CHARGE_DATEDEBUT) VALUES (3,1623,47,'14/04/2017');
INSERT INTO ETAPES (STEP_ID,PROJET_CODE,CHARGE_ESTIMEEINITIAL,CHARGE_DATEDEBUT) VALUES (4,1613,29,'15/01/2016');
INSERT INTO ETAPES (STEP_ID,PROJET_CODE,CHARGE_ESTIMEEINITIAL,CHARGE_DATEDEBUT) VALUES (5,1609,34,'18/12/2016');
INSERT INTO ETAPES (STEP_ID,PROJET_CODE,CHARGE_ESTIMEEINITIAL,CHARGE_DATEDEBUT) VALUES (6,1622,16,'11/09/2016');
INSERT INTO ETAPES (STEP_ID,PROJET_CODE,CHARGE_ESTIMEEINITIAL,CHARGE_DATEDEBUT) VALUES (7,1629,2,'08/03/2016');
INSERT INTO ETAPES (STEP_ID,PROJET_CODE,CHARGE_ESTIMEEINITIAL,CHARGE_DATEDEBUT) VALUES (8,1614,6,'05/04/2017');
INSERT INTO ETAPES (STEP_ID,PROJET_CODE,CHARGE_ESTIMEEINITIAL,CHARGE_DATEDEBUT) VALUES (9,1615,80,'25/03/2016');

-----------------------------------------------------------------OK
/* INTERVENIR */
/*
ALTER SESSION SET NLS_DATE_FORMAT = 'YYYY/MM/DD HH24:MI:SS';
INSERT INTO INTERVENIR (FONCTION_ID,CHARGE_NUMLOT,COL_MATRICULE,INT_DATEDEBUT) VALUES (1,160101,1601,'2016/08/02 10:30:00');
UPDATE INTERVENIR SET INT_DOMAINEINTER='DEV',INT_TYPEACTIVITE='Debug',INT_DATEFIN='2016/08/02 11:30:00' WHERE CHARGE_NUMLOT = 160101;
SELECT * FROM CDI10.INTERVENIR;
*/
INSERT INTO INTERVENIR (FONCTION_ID,CHARGE_NUMLOT,COL_MATRICULE,INT_DATEDEBUT) VALUES (1,163224,1677,'07/07/2017');
INSERT INTO INTERVENIR (FONCTION_ID,CHARGE_NUMLOT,COL_MATRICULE,INT_DATEDEBUT) VALUES (2,167921,1688,'21/05/2016');
INSERT INTO INTERVENIR (FONCTION_ID,CHARGE_NUMLOT,COL_MATRICULE,INT_DATEDEBUT) VALUES (3,163256,1604,'23/11/2016');
INSERT INTO INTERVENIR (FONCTION_ID,CHARGE_NUMLOT,COL_MATRICULE,INT_DATEDEBUT) VALUES (4,165729,1654,'29/02/2016');
INSERT INTO INTERVENIR (FONCTION_ID,CHARGE_NUMLOT,COL_MATRICULE,INT_DATEDEBUT) VALUES (5,168614,1636,'19/04/2016');
INSERT INTO INTERVENIR (FONCTION_ID,CHARGE_NUMLOT,COL_MATRICULE,INT_DATEDEBUT) VALUES (6,162810,1623,'31/07/2017');
INSERT INTO INTERVENIR (FONCTION_ID,CHARGE_NUMLOT,COL_MATRICULE,INT_DATEDEBUT) VALUES (7,167168,1622,'04/06/2016');
INSERT INTO INTERVENIR (FONCTION_ID,CHARGE_NUMLOT,COL_MATRICULE,INT_DATEDEBUT) VALUES (8,166044,1624,'27/05/2016');
INSERT INTO INTERVENIR (FONCTION_ID,CHARGE_NUMLOT,COL_MATRICULE,INT_DATEDEBUT) VALUES (9,169667,1671,'03/10/2016');
INSERT INTO INTERVENIR (FONCTION_ID,CHARGE_NUMLOT,COL_MATRICULE,INT_DATEDEBUT) VALUES (10,169345,1697,'13/04/2016');
INSERT INTO INTERVENIR (FONCTION_ID,CHARGE_NUMLOT,COL_MATRICULE,INT_DATEDEBUT) VALUES (11,169454,1685,'26/04/2016');
INSERT INTO INTERVENIR (FONCTION_ID,CHARGE_NUMLOT,COL_MATRICULE,INT_DATEDEBUT) VALUES (12,161332,1696,'25/03/2017');
INSERT INTO INTERVENIR (FONCTION_ID,CHARGE_NUMLOT,COL_MATRICULE,INT_DATEDEBUT) VALUES (13,168042,1615,'29/09/2016');
INSERT INTO INTERVENIR (FONCTION_ID,CHARGE_NUMLOT,COL_MATRICULE,INT_DATEDEBUT) VALUES (14,161973,1650,'22/09/2016');
INSERT INTO INTERVENIR (FONCTION_ID,CHARGE_NUMLOT,COL_MATRICULE,INT_DATEDEBUT) VALUES (15,160696,1664,'27/03/2016');
INSERT INTO INTERVENIR (FONCTION_ID,CHARGE_NUMLOT,COL_MATRICULE,INT_DATEDEBUT) VALUES (16,163535,1682,'05/08/2016');
INSERT INTO INTERVENIR (FONCTION_ID,CHARGE_NUMLOT,COL_MATRICULE,INT_DATEDEBUT) VALUES (17,160321,1690,'24/12/2016');
INSERT INTO INTERVENIR (FONCTION_ID,CHARGE_NUMLOT,COL_MATRICULE,INT_DATEDEBUT) VALUES (18,162806,1603,'15/01/2017');
INSERT INTO INTERVENIR (FONCTION_ID,CHARGE_NUMLOT,COL_MATRICULE,INT_DATEDEBUT) VALUES (19,164912,1651,'30/12/2016');
INSERT INTO INTERVENIR (FONCTION_ID,CHARGE_NUMLOT,COL_MATRICULE,INT_DATEDEBUT) VALUES (20,167117,1694,'11/01/2017');
INSERT INTO INTERVENIR (FONCTION_ID,CHARGE_NUMLOT,COL_MATRICULE,INT_DATEDEBUT) VALUES (21,168446,1698,'27/04/2016');
INSERT INTO INTERVENIR (FONCTION_ID,CHARGE_NUMLOT,COL_MATRICULE,INT_DATEDEBUT) VALUES (22,167293,1697,'25/07/2016');
INSERT INTO INTERVENIR (FONCTION_ID,CHARGE_NUMLOT,COL_MATRICULE,INT_DATEDEBUT) VALUES (23,168575,1600,'01/02/2017');
INSERT INTO INTERVENIR (FONCTION_ID,CHARGE_NUMLOT,COL_MATRICULE,INT_DATEDEBUT) VALUES (24,165430,1679,'03/06/2017');
INSERT INTO INTERVENIR (FONCTION_ID,CHARGE_NUMLOT,COL_MATRICULE,INT_DATEDEBUT) VALUES (25,161950,1601,'06/02/2016');
INSERT INTO INTERVENIR (FONCTION_ID,CHARGE_NUMLOT,COL_MATRICULE,INT_DATEDEBUT) VALUES (26,161260,1623,'07/01/2017');
INSERT INTO INTERVENIR (FONCTION_ID,CHARGE_NUMLOT,COL_MATRICULE,INT_DATEDEBUT) VALUES (27,169526,1698,'01/01/2017');
INSERT INTO INTERVENIR (FONCTION_ID,CHARGE_NUMLOT,COL_MATRICULE,INT_DATEDEBUT) VALUES (28,168989,1624,'23/06/2017');
INSERT INTO INTERVENIR (FONCTION_ID,CHARGE_NUMLOT,COL_MATRICULE,INT_DATEDEBUT) VALUES (29,164501,1637,'24/01/2017');
INSERT INTO INTERVENIR (FONCTION_ID,CHARGE_NUMLOT,COL_MATRICULE,INT_DATEDEBUT) VALUES (30,166329,1612,'14/07/2017');
INSERT INTO INTERVENIR (FONCTION_ID,CHARGE_NUMLOT,COL_MATRICULE,INT_DATEDEBUT) VALUES (31,162974,1616,'18/07/2017');
INSERT INTO INTERVENIR (FONCTION_ID,CHARGE_NUMLOT,COL_MATRICULE,INT_DATEDEBUT) VALUES (32,162206,1610,'09/01/2017');
INSERT INTO INTERVENIR (FONCTION_ID,CHARGE_NUMLOT,COL_MATRICULE,INT_DATEDEBUT) VALUES (33,163514,1666,'18/05/2017');
INSERT INTO INTERVENIR (FONCTION_ID,CHARGE_NUMLOT,COL_MATRICULE,INT_DATEDEBUT) VALUES (34,168959,1607,'29/09/2016');
INSERT INTO INTERVENIR (FONCTION_ID,CHARGE_NUMLOT,COL_MATRICULE,INT_DATEDEBUT) VALUES (35,168707,1601,'02/05/2016');
INSERT INTO INTERVENIR (FONCTION_ID,CHARGE_NUMLOT,COL_MATRICULE,INT_DATEDEBUT) VALUES (36,163437,1669,'03/02/2016');
INSERT INTO INTERVENIR (FONCTION_ID,CHARGE_NUMLOT,COL_MATRICULE,INT_DATEDEBUT) VALUES (37,167618,1658,'21/07/2016');
INSERT INTO INTERVENIR (FONCTION_ID,CHARGE_NUMLOT,COL_MATRICULE,INT_DATEDEBUT) VALUES (38,162400,1645,'05/05/2016');
INSERT INTO INTERVENIR (FONCTION_ID,CHARGE_NUMLOT,COL_MATRICULE,INT_DATEDEBUT) VALUES (39,168679,1629,'08/05/2016');
INSERT INTO INTERVENIR (FONCTION_ID,CHARGE_NUMLOT,COL_MATRICULE,INT_DATEDEBUT) VALUES (40,162994,1623,'18/09/2016');
INSERT INTO INTERVENIR (FONCTION_ID,CHARGE_NUMLOT,COL_MATRICULE,INT_DATEDEBUT) VALUES (41,160515,1616,'22/05/2016');
INSERT INTO INTERVENIR (FONCTION_ID,CHARGE_NUMLOT,COL_MATRICULE,INT_DATEDEBUT) VALUES (42,168528,1699,'20/09/2016');
INSERT INTO INTERVENIR (FONCTION_ID,CHARGE_NUMLOT,COL_MATRICULE,INT_DATEDEBUT) VALUES (43,168761,1666,'09/08/2016');
INSERT INTO INTERVENIR (FONCTION_ID,CHARGE_NUMLOT,COL_MATRICULE,INT_DATEDEBUT) VALUES (44,163617,1629,'09/04/2017');
INSERT INTO INTERVENIR (FONCTION_ID,CHARGE_NUMLOT,COL_MATRICULE,INT_DATEDEBUT) VALUES (45,164521,1691,'08/06/2017');
INSERT INTO INTERVENIR (FONCTION_ID,CHARGE_NUMLOT,COL_MATRICULE,INT_DATEDEBUT) VALUES (46,167785,1603,'02/04/2017');
INSERT INTO INTERVENIR (FONCTION_ID,CHARGE_NUMLOT,COL_MATRICULE,INT_DATEDEBUT) VALUES (47,164479,1695,'18/06/2016');
INSERT INTO INTERVENIR (FONCTION_ID,CHARGE_NUMLOT,COL_MATRICULE,INT_DATEDEBUT) VALUES (48,164047,1680,'23/03/2017');
INSERT INTO INTERVENIR (FONCTION_ID,CHARGE_NUMLOT,COL_MATRICULE,INT_DATEDEBUT) VALUES (49,163937,1645,'29/04/2017');
INSERT INTO INTERVENIR (FONCTION_ID,CHARGE_NUMLOT,COL_MATRICULE,INT_DATEDEBUT) VALUES (50,167647,1677,'03/04/2017');
INSERT INTO INTERVENIR (FONCTION_ID,CHARGE_NUMLOT,COL_MATRICULE,INT_DATEDEBUT) VALUES (51,168652,1632,'16/03/2017');
INSERT INTO INTERVENIR (FONCTION_ID,CHARGE_NUMLOT,COL_MATRICULE,INT_DATEDEBUT) VALUES (52,166067,1645,'20/07/2017');
INSERT INTO INTERVENIR (FONCTION_ID,CHARGE_NUMLOT,COL_MATRICULE,INT_DATEDEBUT) VALUES (53,167021,1620,'26/03/2016');
INSERT INTO INTERVENIR (FONCTION_ID,CHARGE_NUMLOT,COL_MATRICULE,INT_DATEDEBUT) VALUES (54,166593,1697,'03/08/2016');
INSERT INTO INTERVENIR (FONCTION_ID,CHARGE_NUMLOT,COL_MATRICULE,INT_DATEDEBUT) VALUES (55,168847,1694,'16/09/2016');
INSERT INTO INTERVENIR (FONCTION_ID,CHARGE_NUMLOT,COL_MATRICULE,INT_DATEDEBUT) VALUES (56,160498,1678,'19/01/2016');
INSERT INTO INTERVENIR (FONCTION_ID,CHARGE_NUMLOT,COL_MATRICULE,INT_DATEDEBUT) VALUES (57,169822,1609,'25/04/2016');
INSERT INTO INTERVENIR (FONCTION_ID,CHARGE_NUMLOT,COL_MATRICULE,INT_DATEDEBUT) VALUES (58,166150,1697,'05/08/2016');
INSERT INTO INTERVENIR (FONCTION_ID,CHARGE_NUMLOT,COL_MATRICULE,INT_DATEDEBUT) VALUES (59,165877,1686,'09/02/2016');
INSERT INTO INTERVENIR (FONCTION_ID,CHARGE_NUMLOT,COL_MATRICULE,INT_DATEDEBUT) VALUES (60,169525,1606,'18/06/2017');
INSERT INTO INTERVENIR (FONCTION_ID,CHARGE_NUMLOT,COL_MATRICULE,INT_DATEDEBUT) VALUES (61,162229,1604,'24/04/2016');
INSERT INTO INTERVENIR (FONCTION_ID,CHARGE_NUMLOT,COL_MATRICULE,INT_DATEDEBUT) VALUES (62,160321,1656,'28/09/2016');
INSERT INTO INTERVENIR (FONCTION_ID,CHARGE_NUMLOT,COL_MATRICULE,INT_DATEDEBUT) VALUES (63,168483,1698,'10/03/2017');
INSERT INTO INTERVENIR (FONCTION_ID,CHARGE_NUMLOT,COL_MATRICULE,INT_DATEDEBUT) VALUES (64,165616,1694,'28/04/2017');
INSERT INTO INTERVENIR (FONCTION_ID,CHARGE_NUMLOT,COL_MATRICULE,INT_DATEDEBUT) VALUES (65,168414,1643,'01/10/2016');
INSERT INTO INTERVENIR (FONCTION_ID,CHARGE_NUMLOT,COL_MATRICULE,INT_DATEDEBUT) VALUES (66,164709,1626,'21/09/2016');
INSERT INTO INTERVENIR (FONCTION_ID,CHARGE_NUMLOT,COL_MATRICULE,INT_DATEDEBUT) VALUES (67,168314,1611,'12/05/2017');
INSERT INTO INTERVENIR (FONCTION_ID,CHARGE_NUMLOT,COL_MATRICULE,INT_DATEDEBUT) VALUES (68,164817,1633,'02/04/2017');
INSERT INTO INTERVENIR (FONCTION_ID,CHARGE_NUMLOT,COL_MATRICULE,INT_DATEDEBUT) VALUES (69,160728,1648,'20/07/2017');
INSERT INTO INTERVENIR (FONCTION_ID,CHARGE_NUMLOT,COL_MATRICULE,INT_DATEDEBUT) VALUES (70,168053,1645,'03/02/2016');
INSERT INTO INTERVENIR (FONCTION_ID,CHARGE_NUMLOT,COL_MATRICULE,INT_DATEDEBUT) VALUES (71,165516,1603,'07/10/2016');
INSERT INTO INTERVENIR (FONCTION_ID,CHARGE_NUMLOT,COL_MATRICULE,INT_DATEDEBUT) VALUES (72,169605,1653,'02/07/2017');
INSERT INTO INTERVENIR (FONCTION_ID,CHARGE_NUMLOT,COL_MATRICULE,INT_DATEDEBUT) VALUES (73,168059,1601,'07/07/2016');
INSERT INTO INTERVENIR (FONCTION_ID,CHARGE_NUMLOT,COL_MATRICULE,INT_DATEDEBUT) VALUES (74,165301,1685,'18/03/2017');
INSERT INTO INTERVENIR (FONCTION_ID,CHARGE_NUMLOT,COL_MATRICULE,INT_DATEDEBUT) VALUES (75,163655,1666,'05/08/2016');
INSERT INTO INTERVENIR (FONCTION_ID,CHARGE_NUMLOT,COL_MATRICULE,INT_DATEDEBUT) VALUES (76,162410,1645,'14/01/2017');
INSERT INTO INTERVENIR (FONCTION_ID,CHARGE_NUMLOT,COL_MATRICULE,INT_DATEDEBUT) VALUES (77,166956,1646,'03/07/2017');
INSERT INTO INTERVENIR (FONCTION_ID,CHARGE_NUMLOT,COL_MATRICULE,INT_DATEDEBUT) VALUES (78,165123,1627,'30/07/2016');
INSERT INTO INTERVENIR (FONCTION_ID,CHARGE_NUMLOT,COL_MATRICULE,INT_DATEDEBUT) VALUES (79,163983,1622,'04/03/2017');
INSERT INTO INTERVENIR (FONCTION_ID,CHARGE_NUMLOT,COL_MATRICULE,INT_DATEDEBUT) VALUES (80,166611,1681,'03/05/2016');
INSERT INTO INTERVENIR (FONCTION_ID,CHARGE_NUMLOT,COL_MATRICULE,INT_DATEDEBUT) VALUES (81,164767,1631,'26/05/2016');
INSERT INTO INTERVENIR (FONCTION_ID,CHARGE_NUMLOT,COL_MATRICULE,INT_DATEDEBUT) VALUES (82,163930,1643,'28/07/2017');
INSERT INTO INTERVENIR (FONCTION_ID,CHARGE_NUMLOT,COL_MATRICULE,INT_DATEDEBUT) VALUES (83,162722,1601,'01/03/2016');
INSERT INTO INTERVENIR (FONCTION_ID,CHARGE_NUMLOT,COL_MATRICULE,INT_DATEDEBUT) VALUES (84,169477,1607,'19/02/2016');
INSERT INTO INTERVENIR (FONCTION_ID,CHARGE_NUMLOT,COL_MATRICULE,INT_DATEDEBUT) VALUES (85,167977,1642,'08/06/2017');
INSERT INTO INTERVENIR (FONCTION_ID,CHARGE_NUMLOT,COL_MATRICULE,INT_DATEDEBUT) VALUES (86,169325,1696,'08/05/2016');
INSERT INTO INTERVENIR (FONCTION_ID,CHARGE_NUMLOT,COL_MATRICULE,INT_DATEDEBUT) VALUES (87,163031,1689,'10/04/2016');
INSERT INTO INTERVENIR (FONCTION_ID,CHARGE_NUMLOT,COL_MATRICULE,INT_DATEDEBUT) VALUES (88,161418,1668,'26/06/2016');
INSERT INTO INTERVENIR (FONCTION_ID,CHARGE_NUMLOT,COL_MATRICULE,INT_DATEDEBUT) VALUES (89,160658,1697,'12/06/2016');
INSERT INTO INTERVENIR (FONCTION_ID,CHARGE_NUMLOT,COL_MATRICULE,INT_DATEDEBUT) VALUES (90,163135,1676,'25/01/2017');
INSERT INTO INTERVENIR (FONCTION_ID,CHARGE_NUMLOT,COL_MATRICULE,INT_DATEDEBUT) VALUES (91,162081,1628,'13/04/2016');
INSERT INTO INTERVENIR (FONCTION_ID,CHARGE_NUMLOT,COL_MATRICULE,INT_DATEDEBUT) VALUES (92,168552,1659,'06/05/2017');
INSERT INTO INTERVENIR (FONCTION_ID,CHARGE_NUMLOT,COL_MATRICULE,INT_DATEDEBUT) VALUES (93,164268,1624,'25/04/2016');
INSERT INTO INTERVENIR (FONCTION_ID,CHARGE_NUMLOT,COL_MATRICULE,INT_DATEDEBUT) VALUES (94,160228,1602,'11/06/2017');
INSERT INTO INTERVENIR (FONCTION_ID,CHARGE_NUMLOT,COL_MATRICULE,INT_DATEDEBUT) VALUES (95,162991,1617,'02/01/2017');
INSERT INTO INTERVENIR (FONCTION_ID,CHARGE_NUMLOT,COL_MATRICULE,INT_DATEDEBUT) VALUES (96,160091,1642,'29/04/2016');
INSERT INTO INTERVENIR (FONCTION_ID,CHARGE_NUMLOT,COL_MATRICULE,INT_DATEDEBUT) VALUES (97,168244,1677,'08/03/2016');
INSERT INTO INTERVENIR (FONCTION_ID,CHARGE_NUMLOT,COL_MATRICULE,INT_DATEDEBUT) VALUES (98,165257,1640,'14/06/2017');
INSERT INTO INTERVENIR (FONCTION_ID,CHARGE_NUMLOT,COL_MATRICULE,INT_DATEDEBUT) VALUES (99,161529,1633,'31/05/2017');
INSERT INTO INTERVENIR (FONCTION_ID,CHARGE_NUMLOT,COL_MATRICULE,INT_DATEDEBUT) VALUES (100,162577,1621,'24/08/2016');

-----------------------------------------------------------------OK
/* LIBRETEXP */
/*
INSERT INTO LIBRETEXP (RETEXP_LIBELLE) VALUES ('SGBD');
-- Section pouvant etre alimenté pour jeu d'essai !
SELECT * FROM CDI10.LIBRETEXP;
*/
INSERT INTO LIBRETEXP (RETEXP_LIBELLE) VALUES ('metus');
INSERT INTO LIBRETEXP (RETEXP_LIBELLE) VALUES ('eget');
INSERT INTO LIBRETEXP (RETEXP_LIBELLE) VALUES ('odio');
INSERT INTO LIBRETEXP (RETEXP_LIBELLE) VALUES ('accumsan');
INSERT INTO LIBRETEXP (RETEXP_LIBELLE) VALUES ('Quisque');
INSERT INTO LIBRETEXP (RETEXP_LIBELLE) VALUES ('Donec');
INSERT INTO LIBRETEXP (RETEXP_LIBELLE) VALUES ('Integer');
INSERT INTO LIBRETEXP (RETEXP_LIBELLE) VALUES ('nisl');
INSERT INTO LIBRETEXP (RETEXP_LIBELLE) VALUES ('blandit');
INSERT INTO LIBRETEXP (RETEXP_LIBELLE) VALUES ('tellus');
INSERT INTO LIBRETEXP (RETEXP_LIBELLE) VALUES ('Nunc');
INSERT INTO LIBRETEXP (RETEXP_LIBELLE) VALUES ('augue,');
INSERT INTO LIBRETEXP (RETEXP_LIBELLE) VALUES ('varius');

-----------------------------------------------------------------OK
/* COLLABORER */
/*
ALTER SESSION SET NLS_DATE_FORMAT = 'YYYY/MM/DD HH24:MI:SS';
INSERT INTO COLLABORER (PROJET_CODE,COL_MATRICULE,COLAB_DATE_INTEGRATION,COLAB_EVOLUTION_FONCTION,COLAB_CHEF_PROJET,COLAB_PARTICIPE_TOUJOURS) 
			   VALUES (1601,1601,'2016/08/01 00:00:00','Responsable Bureau Etudes',1,1);
UPDATE COLLABORER SET COLAB_PARTICIPE_TOUJOURS=0 WHERE COLAB_ID = 1;
SELECT * FROM CDI10.COLLABORER;
*/
INSERT INTO COLLABORER (PROJET_CODE,COL_MATRICULE,COLAB_DATE_INTEGRATION,COLAB_EVOLUTION_FONCTION,COLAB_CHEF_PROJET,COLAB_PARTICIPE_TOUJOURS) VALUES (1633,1696,'09/02/2016','lacinia',1,0);
INSERT INTO COLLABORER (PROJET_CODE,COL_MATRICULE,COLAB_DATE_INTEGRATION,COLAB_EVOLUTION_FONCTION,COLAB_CHEF_PROJET,COLAB_PARTICIPE_TOUJOURS) VALUES (1641,1635,'21/03/2016','tincidunt',0,0);
INSERT INTO COLLABORER (PROJET_CODE,COL_MATRICULE,COLAB_DATE_INTEGRATION,COLAB_EVOLUTION_FONCTION,COLAB_CHEF_PROJET,COLAB_PARTICIPE_TOUJOURS) VALUES (1666,1659,'18/04/2016','magna.',0,1);
INSERT INTO COLLABORER (PROJET_CODE,COL_MATRICULE,COLAB_DATE_INTEGRATION,COLAB_EVOLUTION_FONCTION,COLAB_CHEF_PROJET,COLAB_PARTICIPE_TOUJOURS) VALUES (1605,1606,'25/10/2016','turpis',1,1);
INSERT INTO COLLABORER (PROJET_CODE,COL_MATRICULE,COLAB_DATE_INTEGRATION,COLAB_EVOLUTION_FONCTION,COLAB_CHEF_PROJET,COLAB_PARTICIPE_TOUJOURS) VALUES (1686,1681,'27/04/2017','a',0,0);
INSERT INTO COLLABORER (PROJET_CODE,COL_MATRICULE,COLAB_DATE_INTEGRATION,COLAB_EVOLUTION_FONCTION,COLAB_CHEF_PROJET,COLAB_PARTICIPE_TOUJOURS) VALUES (1635,1662,'18/01/2016','molestie.',0,0);
INSERT INTO COLLABORER (PROJET_CODE,COL_MATRICULE,COLAB_DATE_INTEGRATION,COLAB_EVOLUTION_FONCTION,COLAB_CHEF_PROJET,COLAB_PARTICIPE_TOUJOURS) VALUES (1683,1685,'27/07/2017','sed',0,0);
INSERT INTO COLLABORER (PROJET_CODE,COL_MATRICULE,COLAB_DATE_INTEGRATION,COLAB_EVOLUTION_FONCTION,COLAB_CHEF_PROJET,COLAB_PARTICIPE_TOUJOURS) VALUES (1654,1648,'17/05/2016','dolor',0,0);
INSERT INTO COLLABORER (PROJET_CODE,COL_MATRICULE,COLAB_DATE_INTEGRATION,COLAB_EVOLUTION_FONCTION,COLAB_CHEF_PROJET,COLAB_PARTICIPE_TOUJOURS) VALUES (1635,1664,'29/10/2016','risus.',0,0);
INSERT INTO COLLABORER (PROJET_CODE,COL_MATRICULE,COLAB_DATE_INTEGRATION,COLAB_EVOLUTION_FONCTION,COLAB_CHEF_PROJET,COLAB_PARTICIPE_TOUJOURS) VALUES (1603,1693,'26/02/2017','non',0,0);
INSERT INTO COLLABORER (PROJET_CODE,COL_MATRICULE,COLAB_DATE_INTEGRATION,COLAB_EVOLUTION_FONCTION,COLAB_CHEF_PROJET,COLAB_PARTICIPE_TOUJOURS) VALUES (1615,1610,'23/04/2016','porttitor',1,0);
INSERT INTO COLLABORER (PROJET_CODE,COL_MATRICULE,COLAB_DATE_INTEGRATION,COLAB_EVOLUTION_FONCTION,COLAB_CHEF_PROJET,COLAB_PARTICIPE_TOUJOURS) VALUES (1647,1664,'16/11/2016','non',1,1);
INSERT INTO COLLABORER (PROJET_CODE,COL_MATRICULE,COLAB_DATE_INTEGRATION,COLAB_EVOLUTION_FONCTION,COLAB_CHEF_PROJET,COLAB_PARTICIPE_TOUJOURS) VALUES (1692,1609,'21/02/2016','non,',0,0);
INSERT INTO COLLABORER (PROJET_CODE,COL_MATRICULE,COLAB_DATE_INTEGRATION,COLAB_EVOLUTION_FONCTION,COLAB_CHEF_PROJET,COLAB_PARTICIPE_TOUJOURS) VALUES (1698,1606,'28/07/2016','Donec',1,1);
INSERT INTO COLLABORER (PROJET_CODE,COL_MATRICULE,COLAB_DATE_INTEGRATION,COLAB_EVOLUTION_FONCTION,COLAB_CHEF_PROJET,COLAB_PARTICIPE_TOUJOURS) VALUES (1628,1640,'11/03/2016','amet,',0,1);
INSERT INTO COLLABORER (PROJET_CODE,COL_MATRICULE,COLAB_DATE_INTEGRATION,COLAB_EVOLUTION_FONCTION,COLAB_CHEF_PROJET,COLAB_PARTICIPE_TOUJOURS) VALUES (1655,1651,'31/08/2016','arcu.',1,0);
INSERT INTO COLLABORER (PROJET_CODE,COL_MATRICULE,COLAB_DATE_INTEGRATION,COLAB_EVOLUTION_FONCTION,COLAB_CHEF_PROJET,COLAB_PARTICIPE_TOUJOURS) VALUES (1636,1626,'02/08/2016','sit',0,1);
INSERT INTO COLLABORER (PROJET_CODE,COL_MATRICULE,COLAB_DATE_INTEGRATION,COLAB_EVOLUTION_FONCTION,COLAB_CHEF_PROJET,COLAB_PARTICIPE_TOUJOURS) VALUES (1651,1681,'03/06/2017','non,',1,0);
INSERT INTO COLLABORER (PROJET_CODE,COL_MATRICULE,COLAB_DATE_INTEGRATION,COLAB_EVOLUTION_FONCTION,COLAB_CHEF_PROJET,COLAB_PARTICIPE_TOUJOURS) VALUES (1690,1638,'09/01/2017','consectetuer',0,0);
INSERT INTO COLLABORER (PROJET_CODE,COL_MATRICULE,COLAB_DATE_INTEGRATION,COLAB_EVOLUTION_FONCTION,COLAB_CHEF_PROJET,COLAB_PARTICIPE_TOUJOURS) VALUES (1696,1676,'21/11/2016','dui.',1,0);
INSERT INTO COLLABORER (PROJET_CODE,COL_MATRICULE,COLAB_DATE_INTEGRATION,COLAB_EVOLUTION_FONCTION,COLAB_CHEF_PROJET,COLAB_PARTICIPE_TOUJOURS) VALUES (1613,1631,'02/05/2017','eget',0,1);
INSERT INTO COLLABORER (PROJET_CODE,COL_MATRICULE,COLAB_DATE_INTEGRATION,COLAB_EVOLUTION_FONCTION,COLAB_CHEF_PROJET,COLAB_PARTICIPE_TOUJOURS) VALUES (1666,1629,'13/11/2016','lorem,',1,0);
INSERT INTO COLLABORER (PROJET_CODE,COL_MATRICULE,COLAB_DATE_INTEGRATION,COLAB_EVOLUTION_FONCTION,COLAB_CHEF_PROJET,COLAB_PARTICIPE_TOUJOURS) VALUES (1692,1619,'21/07/2017','est,',1,1);
INSERT INTO COLLABORER (PROJET_CODE,COL_MATRICULE,COLAB_DATE_INTEGRATION,COLAB_EVOLUTION_FONCTION,COLAB_CHEF_PROJET,COLAB_PARTICIPE_TOUJOURS) VALUES (1601,1687,'08/06/2016','tortor',0,1);
INSERT INTO COLLABORER (PROJET_CODE,COL_MATRICULE,COLAB_DATE_INTEGRATION,COLAB_EVOLUTION_FONCTION,COLAB_CHEF_PROJET,COLAB_PARTICIPE_TOUJOURS) VALUES (1638,1651,'30/06/2016','mauris.',1,0);
INSERT INTO COLLABORER (PROJET_CODE,COL_MATRICULE,COLAB_DATE_INTEGRATION,COLAB_EVOLUTION_FONCTION,COLAB_CHEF_PROJET,COLAB_PARTICIPE_TOUJOURS) VALUES (1638,1649,'12/07/2016','Donec',0,0);
INSERT INTO COLLABORER (PROJET_CODE,COL_MATRICULE,COLAB_DATE_INTEGRATION,COLAB_EVOLUTION_FONCTION,COLAB_CHEF_PROJET,COLAB_PARTICIPE_TOUJOURS) VALUES (1621,1684,'01/05/2016','non',0,0);
INSERT INTO COLLABORER (PROJET_CODE,COL_MATRICULE,COLAB_DATE_INTEGRATION,COLAB_EVOLUTION_FONCTION,COLAB_CHEF_PROJET,COLAB_PARTICIPE_TOUJOURS) VALUES (1662,1687,'10/09/2016','Aliquam',1,1);
INSERT INTO COLLABORER (PROJET_CODE,COL_MATRICULE,COLAB_DATE_INTEGRATION,COLAB_EVOLUTION_FONCTION,COLAB_CHEF_PROJET,COLAB_PARTICIPE_TOUJOURS) VALUES (1600,1695,'15/05/2016','luctus',1,1);
INSERT INTO COLLABORER (PROJET_CODE,COL_MATRICULE,COLAB_DATE_INTEGRATION,COLAB_EVOLUTION_FONCTION,COLAB_CHEF_PROJET,COLAB_PARTICIPE_TOUJOURS) VALUES (1667,1655,'25/04/2016','elit',1,1);
INSERT INTO COLLABORER (PROJET_CODE,COL_MATRICULE,COLAB_DATE_INTEGRATION,COLAB_EVOLUTION_FONCTION,COLAB_CHEF_PROJET,COLAB_PARTICIPE_TOUJOURS) VALUES (1605,1636,'26/06/2016','turpis.',1,0);
INSERT INTO COLLABORER (PROJET_CODE,COL_MATRICULE,COLAB_DATE_INTEGRATION,COLAB_EVOLUTION_FONCTION,COLAB_CHEF_PROJET,COLAB_PARTICIPE_TOUJOURS) VALUES (1670,1610,'05/07/2017','gravida',1,0);
INSERT INTO COLLABORER (PROJET_CODE,COL_MATRICULE,COLAB_DATE_INTEGRATION,COLAB_EVOLUTION_FONCTION,COLAB_CHEF_PROJET,COLAB_PARTICIPE_TOUJOURS) VALUES (1610,1638,'22/08/2016','risus',1,0);
INSERT INTO COLLABORER (PROJET_CODE,COL_MATRICULE,COLAB_DATE_INTEGRATION,COLAB_EVOLUTION_FONCTION,COLAB_CHEF_PROJET,COLAB_PARTICIPE_TOUJOURS) VALUES (1601,1640,'15/07/2017','nulla.',0,0);
INSERT INTO COLLABORER (PROJET_CODE,COL_MATRICULE,COLAB_DATE_INTEGRATION,COLAB_EVOLUTION_FONCTION,COLAB_CHEF_PROJET,COLAB_PARTICIPE_TOUJOURS) VALUES (1686,1607,'05/09/2016','magna.',0,0);
INSERT INTO COLLABORER (PROJET_CODE,COL_MATRICULE,COLAB_DATE_INTEGRATION,COLAB_EVOLUTION_FONCTION,COLAB_CHEF_PROJET,COLAB_PARTICIPE_TOUJOURS) VALUES (1651,1627,'23/08/2016','facilisi.',1,0);
INSERT INTO COLLABORER (PROJET_CODE,COL_MATRICULE,COLAB_DATE_INTEGRATION,COLAB_EVOLUTION_FONCTION,COLAB_CHEF_PROJET,COLAB_PARTICIPE_TOUJOURS) VALUES (1698,1641,'03/07/2017','vulputate,',0,0);
INSERT INTO COLLABORER (PROJET_CODE,COL_MATRICULE,COLAB_DATE_INTEGRATION,COLAB_EVOLUTION_FONCTION,COLAB_CHEF_PROJET,COLAB_PARTICIPE_TOUJOURS) VALUES (1646,1619,'08/09/2016','consequat',0,0);
INSERT INTO COLLABORER (PROJET_CODE,COL_MATRICULE,COLAB_DATE_INTEGRATION,COLAB_EVOLUTION_FONCTION,COLAB_CHEF_PROJET,COLAB_PARTICIPE_TOUJOURS) VALUES (1639,1654,'13/06/2017','tristique',0,0);
INSERT INTO COLLABORER (PROJET_CODE,COL_MATRICULE,COLAB_DATE_INTEGRATION,COLAB_EVOLUTION_FONCTION,COLAB_CHEF_PROJET,COLAB_PARTICIPE_TOUJOURS) VALUES (1604,1692,'21/02/2016','Cum',0,1);
INSERT INTO COLLABORER (PROJET_CODE,COL_MATRICULE,COLAB_DATE_INTEGRATION,COLAB_EVOLUTION_FONCTION,COLAB_CHEF_PROJET,COLAB_PARTICIPE_TOUJOURS) VALUES (1617,1600,'28/06/2017','at',1,1);
INSERT INTO COLLABORER (PROJET_CODE,COL_MATRICULE,COLAB_DATE_INTEGRATION,COLAB_EVOLUTION_FONCTION,COLAB_CHEF_PROJET,COLAB_PARTICIPE_TOUJOURS) VALUES (1641,1626,'07/08/2016','orci,',1,1);
INSERT INTO COLLABORER (PROJET_CODE,COL_MATRICULE,COLAB_DATE_INTEGRATION,COLAB_EVOLUTION_FONCTION,COLAB_CHEF_PROJET,COLAB_PARTICIPE_TOUJOURS) VALUES (1613,1682,'01/04/2017','at',1,1);
INSERT INTO COLLABORER (PROJET_CODE,COL_MATRICULE,COLAB_DATE_INTEGRATION,COLAB_EVOLUTION_FONCTION,COLAB_CHEF_PROJET,COLAB_PARTICIPE_TOUJOURS) VALUES (1639,1682,'15/08/2016','dictum',0,1);
INSERT INTO COLLABORER (PROJET_CODE,COL_MATRICULE,COLAB_DATE_INTEGRATION,COLAB_EVOLUTION_FONCTION,COLAB_CHEF_PROJET,COLAB_PARTICIPE_TOUJOURS) VALUES (1678,1611,'22/10/2016','tincidunt',0,0);
INSERT INTO COLLABORER (PROJET_CODE,COL_MATRICULE,COLAB_DATE_INTEGRATION,COLAB_EVOLUTION_FONCTION,COLAB_CHEF_PROJET,COLAB_PARTICIPE_TOUJOURS) VALUES (1669,1678,'03/07/2016','penatibus',1,1);
INSERT INTO COLLABORER (PROJET_CODE,COL_MATRICULE,COLAB_DATE_INTEGRATION,COLAB_EVOLUTION_FONCTION,COLAB_CHEF_PROJET,COLAB_PARTICIPE_TOUJOURS) VALUES (1685,1608,'20/06/2017','lacus.',1,1);
INSERT INTO COLLABORER (PROJET_CODE,COL_MATRICULE,COLAB_DATE_INTEGRATION,COLAB_EVOLUTION_FONCTION,COLAB_CHEF_PROJET,COLAB_PARTICIPE_TOUJOURS) VALUES (1645,1685,'15/09/2016','Donec',0,1);
INSERT INTO COLLABORER (PROJET_CODE,COL_MATRICULE,COLAB_DATE_INTEGRATION,COLAB_EVOLUTION_FONCTION,COLAB_CHEF_PROJET,COLAB_PARTICIPE_TOUJOURS) VALUES (1613,1668,'05/09/2016','non,',0,0);
INSERT INTO COLLABORER (PROJET_CODE,COL_MATRICULE,COLAB_DATE_INTEGRATION,COLAB_EVOLUTION_FONCTION,COLAB_CHEF_PROJET,COLAB_PARTICIPE_TOUJOURS) VALUES (1643,1639,'01/05/2017','In',0,1);
INSERT INTO COLLABORER (PROJET_CODE,COL_MATRICULE,COLAB_DATE_INTEGRATION,COLAB_EVOLUTION_FONCTION,COLAB_CHEF_PROJET,COLAB_PARTICIPE_TOUJOURS) VALUES (1680,1682,'17/04/2017','enim.',0,0);
INSERT INTO COLLABORER (PROJET_CODE,COL_MATRICULE,COLAB_DATE_INTEGRATION,COLAB_EVOLUTION_FONCTION,COLAB_CHEF_PROJET,COLAB_PARTICIPE_TOUJOURS) VALUES (1655,1697,'29/06/2016','nascetur',0,1);
INSERT INTO COLLABORER (PROJET_CODE,COL_MATRICULE,COLAB_DATE_INTEGRATION,COLAB_EVOLUTION_FONCTION,COLAB_CHEF_PROJET,COLAB_PARTICIPE_TOUJOURS) VALUES (1663,1657,'28/05/2017','sem',1,0);
INSERT INTO COLLABORER (PROJET_CODE,COL_MATRICULE,COLAB_DATE_INTEGRATION,COLAB_EVOLUTION_FONCTION,COLAB_CHEF_PROJET,COLAB_PARTICIPE_TOUJOURS) VALUES (1665,1626,'12/08/2016','dictum',1,1);
INSERT INTO COLLABORER (PROJET_CODE,COL_MATRICULE,COLAB_DATE_INTEGRATION,COLAB_EVOLUTION_FONCTION,COLAB_CHEF_PROJET,COLAB_PARTICIPE_TOUJOURS) VALUES (1603,1698,'08/01/2016','Nulla',0,1);
INSERT INTO COLLABORER (PROJET_CODE,COL_MATRICULE,COLAB_DATE_INTEGRATION,COLAB_EVOLUTION_FONCTION,COLAB_CHEF_PROJET,COLAB_PARTICIPE_TOUJOURS) VALUES (1640,1665,'19/09/2016','ornare,',1,1);
INSERT INTO COLLABORER (PROJET_CODE,COL_MATRICULE,COLAB_DATE_INTEGRATION,COLAB_EVOLUTION_FONCTION,COLAB_CHEF_PROJET,COLAB_PARTICIPE_TOUJOURS) VALUES (1619,1688,'15/04/2017','odio',1,1);
INSERT INTO COLLABORER (PROJET_CODE,COL_MATRICULE,COLAB_DATE_INTEGRATION,COLAB_EVOLUTION_FONCTION,COLAB_CHEF_PROJET,COLAB_PARTICIPE_TOUJOURS) VALUES (1649,1639,'09/07/2017','Quisque',1,1);
INSERT INTO COLLABORER (PROJET_CODE,COL_MATRICULE,COLAB_DATE_INTEGRATION,COLAB_EVOLUTION_FONCTION,COLAB_CHEF_PROJET,COLAB_PARTICIPE_TOUJOURS) VALUES (1670,1647,'18/02/2017','Cum',0,0);
INSERT INTO COLLABORER (PROJET_CODE,COL_MATRICULE,COLAB_DATE_INTEGRATION,COLAB_EVOLUTION_FONCTION,COLAB_CHEF_PROJET,COLAB_PARTICIPE_TOUJOURS) VALUES (1685,1656,'17/06/2017','in',1,0);
INSERT INTO COLLABORER (PROJET_CODE,COL_MATRICULE,COLAB_DATE_INTEGRATION,COLAB_EVOLUTION_FONCTION,COLAB_CHEF_PROJET,COLAB_PARTICIPE_TOUJOURS) VALUES (1695,1649,'09/07/2016','dolor',1,0);
INSERT INTO COLLABORER (PROJET_CODE,COL_MATRICULE,COLAB_DATE_INTEGRATION,COLAB_EVOLUTION_FONCTION,COLAB_CHEF_PROJET,COLAB_PARTICIPE_TOUJOURS) VALUES (1612,1623,'16/06/2016','Sed',1,1);
INSERT INTO COLLABORER (PROJET_CODE,COL_MATRICULE,COLAB_DATE_INTEGRATION,COLAB_EVOLUTION_FONCTION,COLAB_CHEF_PROJET,COLAB_PARTICIPE_TOUJOURS) VALUES (1616,1690,'11/03/2016','Mauris',0,0);
INSERT INTO COLLABORER (PROJET_CODE,COL_MATRICULE,COLAB_DATE_INTEGRATION,COLAB_EVOLUTION_FONCTION,COLAB_CHEF_PROJET,COLAB_PARTICIPE_TOUJOURS) VALUES (1643,1685,'07/07/2016','facilisis',1,1);
INSERT INTO COLLABORER (PROJET_CODE,COL_MATRICULE,COLAB_DATE_INTEGRATION,COLAB_EVOLUTION_FONCTION,COLAB_CHEF_PROJET,COLAB_PARTICIPE_TOUJOURS) VALUES (1654,1624,'24/04/2017','sociis',1,0);
INSERT INTO COLLABORER (PROJET_CODE,COL_MATRICULE,COLAB_DATE_INTEGRATION,COLAB_EVOLUTION_FONCTION,COLAB_CHEF_PROJET,COLAB_PARTICIPE_TOUJOURS) VALUES (1698,1655,'04/07/2017','ut',0,0);
INSERT INTO COLLABORER (PROJET_CODE,COL_MATRICULE,COLAB_DATE_INTEGRATION,COLAB_EVOLUTION_FONCTION,COLAB_CHEF_PROJET,COLAB_PARTICIPE_TOUJOURS) VALUES (1675,1605,'15/07/2016','sem',0,1);
INSERT INTO COLLABORER (PROJET_CODE,COL_MATRICULE,COLAB_DATE_INTEGRATION,COLAB_EVOLUTION_FONCTION,COLAB_CHEF_PROJET,COLAB_PARTICIPE_TOUJOURS) VALUES (1656,1615,'05/04/2016','Donec',1,0);
INSERT INTO COLLABORER (PROJET_CODE,COL_MATRICULE,COLAB_DATE_INTEGRATION,COLAB_EVOLUTION_FONCTION,COLAB_CHEF_PROJET,COLAB_PARTICIPE_TOUJOURS) VALUES (1692,1600,'11/06/2016','et',1,1);
INSERT INTO COLLABORER (PROJET_CODE,COL_MATRICULE,COLAB_DATE_INTEGRATION,COLAB_EVOLUTION_FONCTION,COLAB_CHEF_PROJET,COLAB_PARTICIPE_TOUJOURS) VALUES (1616,1648,'29/07/2017','viverra.',0,1);
INSERT INTO COLLABORER (PROJET_CODE,COL_MATRICULE,COLAB_DATE_INTEGRATION,COLAB_EVOLUTION_FONCTION,COLAB_CHEF_PROJET,COLAB_PARTICIPE_TOUJOURS) VALUES (1640,1698,'31/10/2016','gravida',1,0);
INSERT INTO COLLABORER (PROJET_CODE,COL_MATRICULE,COLAB_DATE_INTEGRATION,COLAB_EVOLUTION_FONCTION,COLAB_CHEF_PROJET,COLAB_PARTICIPE_TOUJOURS) VALUES (1638,1640,'12/07/2016','Aliquam',0,1);
INSERT INTO COLLABORER (PROJET_CODE,COL_MATRICULE,COLAB_DATE_INTEGRATION,COLAB_EVOLUTION_FONCTION,COLAB_CHEF_PROJET,COLAB_PARTICIPE_TOUJOURS) VALUES (1600,1624,'31/10/2016','tempus',0,1);
INSERT INTO COLLABORER (PROJET_CODE,COL_MATRICULE,COLAB_DATE_INTEGRATION,COLAB_EVOLUTION_FONCTION,COLAB_CHEF_PROJET,COLAB_PARTICIPE_TOUJOURS) VALUES (1604,1687,'04/04/2016','arcu',1,0);
INSERT INTO COLLABORER (PROJET_CODE,COL_MATRICULE,COLAB_DATE_INTEGRATION,COLAB_EVOLUTION_FONCTION,COLAB_CHEF_PROJET,COLAB_PARTICIPE_TOUJOURS) VALUES (1600,1657,'03/06/2016','pede.',1,0);
INSERT INTO COLLABORER (PROJET_CODE,COL_MATRICULE,COLAB_DATE_INTEGRATION,COLAB_EVOLUTION_FONCTION,COLAB_CHEF_PROJET,COLAB_PARTICIPE_TOUJOURS) VALUES (1659,1683,'01/01/2016','id',0,0);
INSERT INTO COLLABORER (PROJET_CODE,COL_MATRICULE,COLAB_DATE_INTEGRATION,COLAB_EVOLUTION_FONCTION,COLAB_CHEF_PROJET,COLAB_PARTICIPE_TOUJOURS) VALUES (1655,1687,'12/04/2017','Donec',0,0);
INSERT INTO COLLABORER (PROJET_CODE,COL_MATRICULE,COLAB_DATE_INTEGRATION,COLAB_EVOLUTION_FONCTION,COLAB_CHEF_PROJET,COLAB_PARTICIPE_TOUJOURS) VALUES (1673,1687,'29/12/2016','lacus.',0,0);
INSERT INTO COLLABORER (PROJET_CODE,COL_MATRICULE,COLAB_DATE_INTEGRATION,COLAB_EVOLUTION_FONCTION,COLAB_CHEF_PROJET,COLAB_PARTICIPE_TOUJOURS) VALUES (1601,1641,'15/06/2016','pharetra',1,0);
INSERT INTO COLLABORER (PROJET_CODE,COL_MATRICULE,COLAB_DATE_INTEGRATION,COLAB_EVOLUTION_FONCTION,COLAB_CHEF_PROJET,COLAB_PARTICIPE_TOUJOURS) VALUES (1687,1666,'28/06/2017','Aenean',1,0);
INSERT INTO COLLABORER (PROJET_CODE,COL_MATRICULE,COLAB_DATE_INTEGRATION,COLAB_EVOLUTION_FONCTION,COLAB_CHEF_PROJET,COLAB_PARTICIPE_TOUJOURS) VALUES (1628,1676,'11/01/2017','libero',1,0);
INSERT INTO COLLABORER (PROJET_CODE,COL_MATRICULE,COLAB_DATE_INTEGRATION,COLAB_EVOLUTION_FONCTION,COLAB_CHEF_PROJET,COLAB_PARTICIPE_TOUJOURS) VALUES (1630,1644,'12/07/2016','elit,',0,0);
INSERT INTO COLLABORER (PROJET_CODE,COL_MATRICULE,COLAB_DATE_INTEGRATION,COLAB_EVOLUTION_FONCTION,COLAB_CHEF_PROJET,COLAB_PARTICIPE_TOUJOURS) VALUES (1601,1629,'16/08/2016','orci',0,0);
INSERT INTO COLLABORER (PROJET_CODE,COL_MATRICULE,COLAB_DATE_INTEGRATION,COLAB_EVOLUTION_FONCTION,COLAB_CHEF_PROJET,COLAB_PARTICIPE_TOUJOURS) VALUES (1616,1626,'25/05/2016','cursus',0,0);
INSERT INTO COLLABORER (PROJET_CODE,COL_MATRICULE,COLAB_DATE_INTEGRATION,COLAB_EVOLUTION_FONCTION,COLAB_CHEF_PROJET,COLAB_PARTICIPE_TOUJOURS) VALUES (1686,1635,'16/07/2017','vel',1,0);
INSERT INTO COLLABORER (PROJET_CODE,COL_MATRICULE,COLAB_DATE_INTEGRATION,COLAB_EVOLUTION_FONCTION,COLAB_CHEF_PROJET,COLAB_PARTICIPE_TOUJOURS) VALUES (1645,1630,'10/01/2017','ac',0,1);
INSERT INTO COLLABORER (PROJET_CODE,COL_MATRICULE,COLAB_DATE_INTEGRATION,COLAB_EVOLUTION_FONCTION,COLAB_CHEF_PROJET,COLAB_PARTICIPE_TOUJOURS) VALUES (1607,1698,'18/06/2016','Fusce',1,1);
INSERT INTO COLLABORER (PROJET_CODE,COL_MATRICULE,COLAB_DATE_INTEGRATION,COLAB_EVOLUTION_FONCTION,COLAB_CHEF_PROJET,COLAB_PARTICIPE_TOUJOURS) VALUES (1619,1684,'26/05/2016','nec',0,1);
INSERT INTO COLLABORER (PROJET_CODE,COL_MATRICULE,COLAB_DATE_INTEGRATION,COLAB_EVOLUTION_FONCTION,COLAB_CHEF_PROJET,COLAB_PARTICIPE_TOUJOURS) VALUES (1616,1611,'10/07/2016','aliquet',1,1);
INSERT INTO COLLABORER (PROJET_CODE,COL_MATRICULE,COLAB_DATE_INTEGRATION,COLAB_EVOLUTION_FONCTION,COLAB_CHEF_PROJET,COLAB_PARTICIPE_TOUJOURS) VALUES (1601,1646,'09/01/2017','cubilia',0,0);
INSERT INTO COLLABORER (PROJET_CODE,COL_MATRICULE,COLAB_DATE_INTEGRATION,COLAB_EVOLUTION_FONCTION,COLAB_CHEF_PROJET,COLAB_PARTICIPE_TOUJOURS) VALUES (1615,1602,'19/12/2016','ultrices',0,1);
INSERT INTO COLLABORER (PROJET_CODE,COL_MATRICULE,COLAB_DATE_INTEGRATION,COLAB_EVOLUTION_FONCTION,COLAB_CHEF_PROJET,COLAB_PARTICIPE_TOUJOURS) VALUES (1667,1608,'16/05/2016','dictum',0,0);
INSERT INTO COLLABORER (PROJET_CODE,COL_MATRICULE,COLAB_DATE_INTEGRATION,COLAB_EVOLUTION_FONCTION,COLAB_CHEF_PROJET,COLAB_PARTICIPE_TOUJOURS) VALUES (1622,1685,'09/07/2016','leo,',1,0);
INSERT INTO COLLABORER (PROJET_CODE,COL_MATRICULE,COLAB_DATE_INTEGRATION,COLAB_EVOLUTION_FONCTION,COLAB_CHEF_PROJET,COLAB_PARTICIPE_TOUJOURS) VALUES (1631,1687,'01/08/2017','placerat',0,0);
INSERT INTO COLLABORER (PROJET_CODE,COL_MATRICULE,COLAB_DATE_INTEGRATION,COLAB_EVOLUTION_FONCTION,COLAB_CHEF_PROJET,COLAB_PARTICIPE_TOUJOURS) VALUES (1644,1680,'26/09/2016','in',1,1);
INSERT INTO COLLABORER (PROJET_CODE,COL_MATRICULE,COLAB_DATE_INTEGRATION,COLAB_EVOLUTION_FONCTION,COLAB_CHEF_PROJET,COLAB_PARTICIPE_TOUJOURS) VALUES (1653,1681,'14/07/2017','libero',0,0);
INSERT INTO COLLABORER (PROJET_CODE,COL_MATRICULE,COLAB_DATE_INTEGRATION,COLAB_EVOLUTION_FONCTION,COLAB_CHEF_PROJET,COLAB_PARTICIPE_TOUJOURS) VALUES (1695,1670,'05/04/2016','Sed',0,1);
INSERT INTO COLLABORER (PROJET_CODE,COL_MATRICULE,COLAB_DATE_INTEGRATION,COLAB_EVOLUTION_FONCTION,COLAB_CHEF_PROJET,COLAB_PARTICIPE_TOUJOURS) VALUES (1615,1683,'06/03/2016','condimentum',1,0);
INSERT INTO COLLABORER (PROJET_CODE,COL_MATRICULE,COLAB_DATE_INTEGRATION,COLAB_EVOLUTION_FONCTION,COLAB_CHEF_PROJET,COLAB_PARTICIPE_TOUJOURS) VALUES (1603,1656,'31/05/2017','massa.',0,1);
INSERT INTO COLLABORER (PROJET_CODE,COL_MATRICULE,COLAB_DATE_INTEGRATION,COLAB_EVOLUTION_FONCTION,COLAB_CHEF_PROJET,COLAB_PARTICIPE_TOUJOURS) VALUES (1636,1691,'16/05/2016','nunc',0,1);

-----------------------------------------------------------------OK
/* RETOURSEXP */
/*
SELECT * FROM CDI10.LIBRETEXP;
ALTER SESSION SET NLS_DATE_FORMAT = 'YYYY/MM/DD HH24:MI:SS';
INSERT INTO RETOURSEXP (CHARGE_NUMLOT,COLAB_ID,RETEXP_ID,EXP_DATETIME,EXP_DESCRIPTION) 
			   VALUES (160101,1601,1,'2016/08/01 05:00:00','ORACLE');
SELECT * FROM CDI10.RETOURSEXP;
*/
INSERT INTO RETOURSEXP (CHARGE_NUMLOT,COLAB_ID,RETEXP_ID,EXP_DATETIME,EXP_DESCRIPTION) VALUES (162659,1698,1,'22/02/2016','Lorem');
INSERT INTO RETOURSEXP (CHARGE_NUMLOT,COLAB_ID,RETEXP_ID,EXP_DATETIME,EXP_DESCRIPTION) VALUES (168861,1609,2,'06/07/2016','Lorem ipsum');
INSERT INTO RETOURSEXP (CHARGE_NUMLOT,COLAB_ID,RETEXP_ID,EXP_DATETIME,EXP_DESCRIPTION) VALUES (162917,1689,3,'25/02/2017','Lorem ipsum dolor');
INSERT INTO RETOURSEXP (CHARGE_NUMLOT,COLAB_ID,RETEXP_ID,EXP_DATETIME,EXP_DESCRIPTION) VALUES (166937,1664,4,'03/08/2016','Lorem ipsum');
INSERT INTO RETOURSEXP (CHARGE_NUMLOT,COLAB_ID,RETEXP_ID,EXP_DATETIME,EXP_DESCRIPTION) VALUES (167057,1662,5,'05/02/2017','Lorem ipsum dolor');
INSERT INTO RETOURSEXP (CHARGE_NUMLOT,COLAB_ID,RETEXP_ID,EXP_DATETIME,EXP_DESCRIPTION) VALUES (165906,1646,6,'25/04/2017','Lorem ipsum');
INSERT INTO RETOURSEXP (CHARGE_NUMLOT,COLAB_ID,RETEXP_ID,EXP_DATETIME,EXP_DESCRIPTION) VALUES (162265,1663,7,'01/06/2017','Lorem');
INSERT INTO RETOURSEXP (CHARGE_NUMLOT,COLAB_ID,RETEXP_ID,EXP_DATETIME,EXP_DESCRIPTION) VALUES (166786,1641,8,'15/12/2016','Lorem');
INSERT INTO RETOURSEXP (CHARGE_NUMLOT,COLAB_ID,RETEXP_ID,EXP_DATETIME,EXP_DESCRIPTION) VALUES (160175,1659,9,'19/04/2017','Lorem ipsum');
INSERT INTO RETOURSEXP (CHARGE_NUMLOT,COLAB_ID,RETEXP_ID,EXP_DATETIME,EXP_DESCRIPTION) VALUES (160022,1666,10,'18/03/2016','Lorem ipsum');
INSERT INTO RETOURSEXP (CHARGE_NUMLOT,COLAB_ID,RETEXP_ID,EXP_DATETIME,EXP_DESCRIPTION) VALUES (165206,1685,11,'28/03/2017','Lorem');
INSERT INTO RETOURSEXP (CHARGE_NUMLOT,COLAB_ID,RETEXP_ID,EXP_DATETIME,EXP_DESCRIPTION) VALUES (167005,1669,12,'02/01/2017','Lorem ipsum');
INSERT INTO RETOURSEXP (CHARGE_NUMLOT,COLAB_ID,RETEXP_ID,EXP_DATETIME,EXP_DESCRIPTION) VALUES (161077,1681,13,'20/04/2016','Lorem ipsum dolor');
INSERT INTO RETOURSEXP (CHARGE_NUMLOT,COLAB_ID,RETEXP_ID,EXP_DATETIME,EXP_DESCRIPTION) VALUES (167864,1642,14,'04/09/2016','Lorem');
INSERT INTO RETOURSEXP (CHARGE_NUMLOT,COLAB_ID,RETEXP_ID,EXP_DATETIME,EXP_DESCRIPTION) VALUES (162333,1668,15,'13/05/2016','Lorem ipsum');
INSERT INTO RETOURSEXP (CHARGE_NUMLOT,COLAB_ID,RETEXP_ID,EXP_DATETIME,EXP_DESCRIPTION) VALUES (169738,1688,16,'14/10/2016','Lorem');
INSERT INTO RETOURSEXP (CHARGE_NUMLOT,COLAB_ID,RETEXP_ID,EXP_DATETIME,EXP_DESCRIPTION) VALUES (164393,1629,17,'14/06/2016','Lorem');
INSERT INTO RETOURSEXP (CHARGE_NUMLOT,COLAB_ID,RETEXP_ID,EXP_DATETIME,EXP_DESCRIPTION) VALUES (169075,1635,18,'30/11/2016','Lorem');
INSERT INTO RETOURSEXP (CHARGE_NUMLOT,COLAB_ID,RETEXP_ID,EXP_DATETIME,EXP_DESCRIPTION) VALUES (166171,1632,19,'03/05/2017','Lorem');
INSERT INTO RETOURSEXP (CHARGE_NUMLOT,COLAB_ID,RETEXP_ID,EXP_DATETIME,EXP_DESCRIPTION) VALUES (168482,1688,20,'05/11/2016','Lorem ipsum');
INSERT INTO RETOURSEXP (CHARGE_NUMLOT,COLAB_ID,RETEXP_ID,EXP_DATETIME,EXP_DESCRIPTION) VALUES (163586,1638,21,'15/05/2017','Lorem');
INSERT INTO RETOURSEXP (CHARGE_NUMLOT,COLAB_ID,RETEXP_ID,EXP_DATETIME,EXP_DESCRIPTION) VALUES (166239,1688,22,'28/05/2016','Lorem ipsum');
INSERT INTO RETOURSEXP (CHARGE_NUMLOT,COLAB_ID,RETEXP_ID,EXP_DATETIME,EXP_DESCRIPTION) VALUES (164843,1652,23,'18/04/2017','Lorem');
INSERT INTO RETOURSEXP (CHARGE_NUMLOT,COLAB_ID,RETEXP_ID,EXP_DATETIME,EXP_DESCRIPTION) VALUES (167359,1625,24,'24/02/2016','Lorem');
INSERT INTO RETOURSEXP (CHARGE_NUMLOT,COLAB_ID,RETEXP_ID,EXP_DATETIME,EXP_DESCRIPTION) VALUES (163956,1681,25,'17/04/2017','Lorem ipsum dolor');
INSERT INTO RETOURSEXP (CHARGE_NUMLOT,COLAB_ID,RETEXP_ID,EXP_DATETIME,EXP_DESCRIPTION) VALUES (168680,1690,26,'24/02/2016','Lorem ipsum dolor');
INSERT INTO RETOURSEXP (CHARGE_NUMLOT,COLAB_ID,RETEXP_ID,EXP_DATETIME,EXP_DESCRIPTION) VALUES (169756,1635,27,'14/06/2016','Lorem');
INSERT INTO RETOURSEXP (CHARGE_NUMLOT,COLAB_ID,RETEXP_ID,EXP_DATETIME,EXP_DESCRIPTION) VALUES (168437,1688,28,'22/05/2016','Lorem');
INSERT INTO RETOURSEXP (CHARGE_NUMLOT,COLAB_ID,RETEXP_ID,EXP_DATETIME,EXP_DESCRIPTION) VALUES (167545,1673,29,'30/01/2016','Lorem ipsum');
INSERT INTO RETOURSEXP (CHARGE_NUMLOT,COLAB_ID,RETEXP_ID,EXP_DATETIME,EXP_DESCRIPTION) VALUES (163103,1684,30,'15/05/2017','Lorem ipsum dolor');
INSERT INTO RETOURSEXP (CHARGE_NUMLOT,COLAB_ID,RETEXP_ID,EXP_DATETIME,EXP_DESCRIPTION) VALUES (168149,1624,31,'31/12/2016','Lorem');
INSERT INTO RETOURSEXP (CHARGE_NUMLOT,COLAB_ID,RETEXP_ID,EXP_DATETIME,EXP_DESCRIPTION) VALUES (164866,1650,32,'09/02/2016','Lorem');
INSERT INTO RETOURSEXP (CHARGE_NUMLOT,COLAB_ID,RETEXP_ID,EXP_DATETIME,EXP_DESCRIPTION) VALUES (164340,1605,33,'19/02/2016','Lorem');
INSERT INTO RETOURSEXP (CHARGE_NUMLOT,COLAB_ID,RETEXP_ID,EXP_DATETIME,EXP_DESCRIPTION) VALUES (160933,1650,34,'19/07/2016','Lorem ipsum dolor');
INSERT INTO RETOURSEXP (CHARGE_NUMLOT,COLAB_ID,RETEXP_ID,EXP_DATETIME,EXP_DESCRIPTION) VALUES (167921,1691,35,'29/01/2016','Lorem ipsum dolor');
INSERT INTO RETOURSEXP (CHARGE_NUMLOT,COLAB_ID,RETEXP_ID,EXP_DATETIME,EXP_DESCRIPTION) VALUES (164404,1647,36,'27/07/2016','Lorem');
INSERT INTO RETOURSEXP (CHARGE_NUMLOT,COLAB_ID,RETEXP_ID,EXP_DATETIME,EXP_DESCRIPTION) VALUES (167014,1697,37,'09/01/2017','Lorem');
INSERT INTO RETOURSEXP (CHARGE_NUMLOT,COLAB_ID,RETEXP_ID,EXP_DATETIME,EXP_DESCRIPTION) VALUES (167428,1699,38,'29/06/2017','Lorem ipsum');
INSERT INTO RETOURSEXP (CHARGE_NUMLOT,COLAB_ID,RETEXP_ID,EXP_DATETIME,EXP_DESCRIPTION) VALUES (165637,1650,39,'25/04/2016','Lorem ipsum');
INSERT INTO RETOURSEXP (CHARGE_NUMLOT,COLAB_ID,RETEXP_ID,EXP_DATETIME,EXP_DESCRIPTION) VALUES (167193,1650,40,'05/02/2016','Lorem');
INSERT INTO RETOURSEXP (CHARGE_NUMLOT,COLAB_ID,RETEXP_ID,EXP_DATETIME,EXP_DESCRIPTION) VALUES (169486,1654,41,'02/07/2017','Lorem');
INSERT INTO RETOURSEXP (CHARGE_NUMLOT,COLAB_ID,RETEXP_ID,EXP_DATETIME,EXP_DESCRIPTION) VALUES (164406,1683,42,'18/10/2016','Lorem ipsum dolor');
INSERT INTO RETOURSEXP (CHARGE_NUMLOT,COLAB_ID,RETEXP_ID,EXP_DATETIME,EXP_DESCRIPTION) VALUES (167321,1612,43,'23/08/2016','Lorem');
INSERT INTO RETOURSEXP (CHARGE_NUMLOT,COLAB_ID,RETEXP_ID,EXP_DATETIME,EXP_DESCRIPTION) VALUES (167392,1647,44,'27/01/2017','Lorem');
INSERT INTO RETOURSEXP (CHARGE_NUMLOT,COLAB_ID,RETEXP_ID,EXP_DATETIME,EXP_DESCRIPTION) VALUES (165734,1636,45,'16/04/2017','Lorem ipsum');
INSERT INTO RETOURSEXP (CHARGE_NUMLOT,COLAB_ID,RETEXP_ID,EXP_DATETIME,EXP_DESCRIPTION) VALUES (167364,1681,46,'07/12/2016','Lorem');
INSERT INTO RETOURSEXP (CHARGE_NUMLOT,COLAB_ID,RETEXP_ID,EXP_DATETIME,EXP_DESCRIPTION) VALUES (160917,1637,47,'31/05/2017','Lorem');
INSERT INTO RETOURSEXP (CHARGE_NUMLOT,COLAB_ID,RETEXP_ID,EXP_DATETIME,EXP_DESCRIPTION) VALUES (169820,1669,48,'02/08/2016','Lorem ipsum dolor');
INSERT INTO RETOURSEXP (CHARGE_NUMLOT,COLAB_ID,RETEXP_ID,EXP_DATETIME,EXP_DESCRIPTION) VALUES (162525,1631,49,'05/07/2016','Lorem');
INSERT INTO RETOURSEXP (CHARGE_NUMLOT,COLAB_ID,RETEXP_ID,EXP_DATETIME,EXP_DESCRIPTION) VALUES (165176,1654,50,'29/09/2016','Lorem');
INSERT INTO RETOURSEXP (CHARGE_NUMLOT,COLAB_ID,RETEXP_ID,EXP_DATETIME,EXP_DESCRIPTION) VALUES (162717,1673,51,'08/10/2016','Lorem');
INSERT INTO RETOURSEXP (CHARGE_NUMLOT,COLAB_ID,RETEXP_ID,EXP_DATETIME,EXP_DESCRIPTION) VALUES (161117,1605,52,'28/11/2016','Lorem ipsum');
INSERT INTO RETOURSEXP (CHARGE_NUMLOT,COLAB_ID,RETEXP_ID,EXP_DATETIME,EXP_DESCRIPTION) VALUES (160207,1667,53,'15/07/2017','Lorem');
INSERT INTO RETOURSEXP (CHARGE_NUMLOT,COLAB_ID,RETEXP_ID,EXP_DATETIME,EXP_DESCRIPTION) VALUES (163941,1694,54,'01/08/2017','Lorem ipsum dolor');
INSERT INTO RETOURSEXP (CHARGE_NUMLOT,COLAB_ID,RETEXP_ID,EXP_DATETIME,EXP_DESCRIPTION) VALUES (169209,1637,55,'06/11/2016','Lorem');
INSERT INTO RETOURSEXP (CHARGE_NUMLOT,COLAB_ID,RETEXP_ID,EXP_DATETIME,EXP_DESCRIPTION) VALUES (165028,1624,56,'13/04/2016','Lorem ipsum');
INSERT INTO RETOURSEXP (CHARGE_NUMLOT,COLAB_ID,RETEXP_ID,EXP_DATETIME,EXP_DESCRIPTION) VALUES (169246,1604,57,'29/01/2016','Lorem');
INSERT INTO RETOURSEXP (CHARGE_NUMLOT,COLAB_ID,RETEXP_ID,EXP_DATETIME,EXP_DESCRIPTION) VALUES (165563,1603,58,'02/05/2017','Lorem');
INSERT INTO RETOURSEXP (CHARGE_NUMLOT,COLAB_ID,RETEXP_ID,EXP_DATETIME,EXP_DESCRIPTION) VALUES (167614,1607,59,'27/07/2016','Lorem');
INSERT INTO RETOURSEXP (CHARGE_NUMLOT,COLAB_ID,RETEXP_ID,EXP_DATETIME,EXP_DESCRIPTION) VALUES (169238,1618,60,'04/01/2017','Lorem ipsum');
INSERT INTO RETOURSEXP (CHARGE_NUMLOT,COLAB_ID,RETEXP_ID,EXP_DATETIME,EXP_DESCRIPTION) VALUES (167175,1699,61,'15/08/2016','Lorem');
INSERT INTO RETOURSEXP (CHARGE_NUMLOT,COLAB_ID,RETEXP_ID,EXP_DATETIME,EXP_DESCRIPTION) VALUES (162042,1636,62,'27/05/2017','Lorem ipsum dolor');
INSERT INTO RETOURSEXP (CHARGE_NUMLOT,COLAB_ID,RETEXP_ID,EXP_DATETIME,EXP_DESCRIPTION) VALUES (164774,1673,63,'12/11/2016','Lorem');
INSERT INTO RETOURSEXP (CHARGE_NUMLOT,COLAB_ID,RETEXP_ID,EXP_DATETIME,EXP_DESCRIPTION) VALUES (163920,1669,64,'02/01/2017','Lorem');
INSERT INTO RETOURSEXP (CHARGE_NUMLOT,COLAB_ID,RETEXP_ID,EXP_DATETIME,EXP_DESCRIPTION) VALUES (169992,1606,65,'13/11/2016','Lorem');
INSERT INTO RETOURSEXP (CHARGE_NUMLOT,COLAB_ID,RETEXP_ID,EXP_DATETIME,EXP_DESCRIPTION) VALUES (168329,1602,66,'16/03/2016','Lorem ipsum');
INSERT INTO RETOURSEXP (CHARGE_NUMLOT,COLAB_ID,RETEXP_ID,EXP_DATETIME,EXP_DESCRIPTION) VALUES (162007,1682,67,'16/06/2017','Lorem');
INSERT INTO RETOURSEXP (CHARGE_NUMLOT,COLAB_ID,RETEXP_ID,EXP_DATETIME,EXP_DESCRIPTION) VALUES (166831,1660,68,'12/08/2016','Lorem ipsum');
INSERT INTO RETOURSEXP (CHARGE_NUMLOT,COLAB_ID,RETEXP_ID,EXP_DATETIME,EXP_DESCRIPTION) VALUES (165766,1611,69,'27/06/2016','Lorem');
INSERT INTO RETOURSEXP (CHARGE_NUMLOT,COLAB_ID,RETEXP_ID,EXP_DATETIME,EXP_DESCRIPTION) VALUES (163976,1638,70,'26/02/2017','Lorem ipsum dolor');
INSERT INTO RETOURSEXP (CHARGE_NUMLOT,COLAB_ID,RETEXP_ID,EXP_DATETIME,EXP_DESCRIPTION) VALUES (164273,1648,71,'30/10/2016','Lorem ipsum dolor');
INSERT INTO RETOURSEXP (CHARGE_NUMLOT,COLAB_ID,RETEXP_ID,EXP_DATETIME,EXP_DESCRIPTION) VALUES (162926,1626,72,'07/02/2016','Lorem ipsum dolor');
INSERT INTO RETOURSEXP (CHARGE_NUMLOT,COLAB_ID,RETEXP_ID,EXP_DATETIME,EXP_DESCRIPTION) VALUES (162667,1603,73,'26/07/2016','Lorem ipsum');
INSERT INTO RETOURSEXP (CHARGE_NUMLOT,COLAB_ID,RETEXP_ID,EXP_DATETIME,EXP_DESCRIPTION) VALUES (165422,1611,74,'05/10/2016','Lorem');
INSERT INTO RETOURSEXP (CHARGE_NUMLOT,COLAB_ID,RETEXP_ID,EXP_DATETIME,EXP_DESCRIPTION) VALUES (161632,1606,75,'02/05/2017','Lorem ipsum');
INSERT INTO RETOURSEXP (CHARGE_NUMLOT,COLAB_ID,RETEXP_ID,EXP_DATETIME,EXP_DESCRIPTION) VALUES (160503,1607,76,'11/03/2016','Lorem ipsum dolor');
INSERT INTO RETOURSEXP (CHARGE_NUMLOT,COLAB_ID,RETEXP_ID,EXP_DATETIME,EXP_DESCRIPTION) VALUES (167477,1680,77,'08/05/2016','Lorem ipsum');
INSERT INTO RETOURSEXP (CHARGE_NUMLOT,COLAB_ID,RETEXP_ID,EXP_DATETIME,EXP_DESCRIPTION) VALUES (169506,1658,78,'25/01/2016','Lorem');
INSERT INTO RETOURSEXP (CHARGE_NUMLOT,COLAB_ID,RETEXP_ID,EXP_DATETIME,EXP_DESCRIPTION) VALUES (168207,1627,79,'08/08/2016','Lorem');
INSERT INTO RETOURSEXP (CHARGE_NUMLOT,COLAB_ID,RETEXP_ID,EXP_DATETIME,EXP_DESCRIPTION) VALUES (160044,1697,80,'09/01/2017','Lorem ipsum');
INSERT INTO RETOURSEXP (CHARGE_NUMLOT,COLAB_ID,RETEXP_ID,EXP_DATETIME,EXP_DESCRIPTION) VALUES (165409,1696,81,'25/05/2017','Lorem ipsum dolor');
INSERT INTO RETOURSEXP (CHARGE_NUMLOT,COLAB_ID,RETEXP_ID,EXP_DATETIME,EXP_DESCRIPTION) VALUES (166007,1631,82,'21/05/2017','Lorem ipsum');
INSERT INTO RETOURSEXP (CHARGE_NUMLOT,COLAB_ID,RETEXP_ID,EXP_DATETIME,EXP_DESCRIPTION) VALUES (165354,1667,83,'01/01/2016','Lorem ipsum dolor');
INSERT INTO RETOURSEXP (CHARGE_NUMLOT,COLAB_ID,RETEXP_ID,EXP_DATETIME,EXP_DESCRIPTION) VALUES (168726,1606,84,'22/06/2016','Lorem ipsum dolor');
INSERT INTO RETOURSEXP (CHARGE_NUMLOT,COLAB_ID,RETEXP_ID,EXP_DATETIME,EXP_DESCRIPTION) VALUES (165085,1662,85,'18/11/2016','Lorem');
INSERT INTO RETOURSEXP (CHARGE_NUMLOT,COLAB_ID,RETEXP_ID,EXP_DATETIME,EXP_DESCRIPTION) VALUES (166506,1612,86,'28/01/2016','Lorem');
INSERT INTO RETOURSEXP (CHARGE_NUMLOT,COLAB_ID,RETEXP_ID,EXP_DATETIME,EXP_DESCRIPTION) VALUES (168603,1649,87,'31/05/2017','Lorem ipsum');
INSERT INTO RETOURSEXP (CHARGE_NUMLOT,COLAB_ID,RETEXP_ID,EXP_DATETIME,EXP_DESCRIPTION) VALUES (166084,1698,88,'10/09/2016','Lorem ipsum dolor');
INSERT INTO RETOURSEXP (CHARGE_NUMLOT,COLAB_ID,RETEXP_ID,EXP_DATETIME,EXP_DESCRIPTION) VALUES (164661,1622,89,'03/03/2017','Lorem');
INSERT INTO RETOURSEXP (CHARGE_NUMLOT,COLAB_ID,RETEXP_ID,EXP_DATETIME,EXP_DESCRIPTION) VALUES (169952,1611,90,'18/06/2016','Lorem ipsum');
INSERT INTO RETOURSEXP (CHARGE_NUMLOT,COLAB_ID,RETEXP_ID,EXP_DATETIME,EXP_DESCRIPTION) VALUES (169023,1622,91,'04/01/2017','Lorem ipsum dolor');
INSERT INTO RETOURSEXP (CHARGE_NUMLOT,COLAB_ID,RETEXP_ID,EXP_DATETIME,EXP_DESCRIPTION) VALUES (162123,1603,92,'12/02/2016','Lorem ipsum');
INSERT INTO RETOURSEXP (CHARGE_NUMLOT,COLAB_ID,RETEXP_ID,EXP_DATETIME,EXP_DESCRIPTION) VALUES (168330,1685,93,'21/04/2017','Lorem ipsum');
INSERT INTO RETOURSEXP (CHARGE_NUMLOT,COLAB_ID,RETEXP_ID,EXP_DATETIME,EXP_DESCRIPTION) VALUES (163125,1620,94,'02/07/2017','Lorem ipsum');
INSERT INTO RETOURSEXP (CHARGE_NUMLOT,COLAB_ID,RETEXP_ID,EXP_DATETIME,EXP_DESCRIPTION) VALUES (169880,1614,95,'17/09/2016','Lorem');
INSERT INTO RETOURSEXP (CHARGE_NUMLOT,COLAB_ID,RETEXP_ID,EXP_DATETIME,EXP_DESCRIPTION) VALUES (164419,1606,96,'04/06/2017','Lorem ipsum');
INSERT INTO RETOURSEXP (CHARGE_NUMLOT,COLAB_ID,RETEXP_ID,EXP_DATETIME,EXP_DESCRIPTION) VALUES (163119,1619,97,'01/09/2016','Lorem');
INSERT INTO RETOURSEXP (CHARGE_NUMLOT,COLAB_ID,RETEXP_ID,EXP_DATETIME,EXP_DESCRIPTION) VALUES (164124,1659,98,'14/10/2016','Lorem ipsum dolor');
INSERT INTO RETOURSEXP (CHARGE_NUMLOT,COLAB_ID,RETEXP_ID,EXP_DATETIME,EXP_DESCRIPTION) VALUES (164765,1612,99,'18/04/2016','Lorem ipsum');
INSERT INTO RETOURSEXP (CHARGE_NUMLOT,COLAB_ID,RETEXP_ID,EXP_DATETIME,EXP_DESCRIPTION) VALUES (166751,1637,100,'01/03/2016','Lorem ipsum');

-----------------------------------------------------------------OK



	

